frameId,isRecorded,isDropped,frameStatus,frameIndex,frameIdDiff,recordedState01
1643712736,0,1,dropped,0,0.0,0
1643715616,1,0,recorded,1,2880.0,1
1643718496,1,0,recorded,2,2880.0,1
1643721376,0,1,dropped,3,2880.0,0
1643724346,0,1,dropped,4,2970.0,0
1643727226,1,0,recorded,5,2880.0,1
1643730016,1,0,recorded,6,2790.0,1
1643732896,0,1,dropped,7,2880.0,0
1643737216,1,0,recorded,8,4320.0,1
1643740096,1,0,recorded,9,2880.0,1
1643742976,0,1,dropped,10,2880.0,0
1643745856,1,0,recorded,11,2880.0,1
1643748736,1,0,recorded,12,2880.0,1
1643751616,0,1,dropped,13,2880.0,0
1643754586,1,0,recorded,14,2970.0,1
1643757376,1,0,recorded,15,2790.0,1
1643760256,0,1,dropped,16,2880.0,0
1643763136,1,0,recorded,17,2880.0,1
1643766016,1,0,recorded,18,2880.0,1
1643768986,0,1,dropped,19,2970.0,0
1643773306,1,0,recorded,20,4320.0,1
1643776186,1,0,recorded,21,2880.0,1
1643778976,0,1,dropped,22,2790.0,0
1643781856,1,0,recorded,23,2880.0,1
1643784916,1,0,recorded,24,3060.0,1
1643787616,0,1,dropped,25,2700.0,0
1643790496,0,1,dropped,26,2880.0,0
1643793376,0,1,dropped,27,2880.0,0
1643796346,0,1,dropped,28,2970.0,0
1643799136,1,0,recorded,29,2790.0,1
1643802016,1,0,recorded,30,2880.0,1
1643804896,0,1,dropped,31,2880.0,0
1643809216,1,0,recorded,32,4320.0,1
1643812096,1,0,recorded,33,2880.0,1
1643815066,1,0,recorded,34,2970.0,1
1643817856,0,1,dropped,35,2790.0,0
1643820736,0,1,dropped,36,2880.0,0
1643823616,0,1,dropped,37,2880.0,0
1643826496,0,1,dropped,38,2880.0,0
1643829376,1,0,recorded,39,2880.0,1
1643832436,1,0,recorded,40,3060.0,1
1643835226,0,1,dropped,41,2790.0,0
1643838106,0,1,dropped,42,2880.0,0
1643842336,0,1,dropped,43,4230.0,0
1643845216,0,1,dropped,44,2880.0,0
1643848096,1,0,recorded,45,2880.0,1
1643851066,1,0,recorded,46,2970.0,1
1643853856,0,1,dropped,47,2790.0,0
1643856736,0,1,dropped,48,2880.0,0
1643859616,0,1,dropped,49,2880.0,0
1643862496,0,1,dropped,50,2880.0,0
1643865376,1,0,recorded,51,2880.0,1
1643868256,1,0,recorded,52,2880.0,1
1643871136,0,1,dropped,53,2880.0,0
1643874016,0,1,dropped,54,2880.0,0
1643878336,1,0,recorded,55,4320.0,1
1643881216,1,0,recorded,56,2880.0,1
1643884096,0,1,dropped,57,2880.0,0
1643886976,0,1,dropped,58,2880.0,0
1643889856,1,0,recorded,59,2880.0,1
1643892736,1,0,recorded,60,2880.0,1
1643895616,0,1,dropped,61,2880.0,0
1643898496,0,1,dropped,62,2880.0,0
1643901376,1,0,recorded,63,2880.0,1
1643904256,1,0,recorded,64,2880.0,1
1643907136,0,1,dropped,65,2880.0,0
1643910016,1,0,recorded,66,2880.0,1
1643912896,1,0,recorded,67,2880.0,1
1643917216,0,1,dropped,68,4320.0,0
1643920096,0,1,dropped,69,2880.0,0
1643922976,1,0,recorded,70,2880.0,1
1643925856,1,0,recorded,71,2880.0,1
1643928736,0,1,dropped,72,2880.0,0
1643931616,0,1,dropped,73,2880.0,0
1643934496,1,0,recorded,74,2880.0,1
1643937376,1,0,recorded,75,2880.0,1
1643940256,0,1,dropped,76,2880.0,0
1643943136,1,0,recorded,77,2880.0,1
1643946016,1,0,recorded,78,2880.0,1
1643948896,0,1,dropped,79,2880.0,0
1643953216,0,1,dropped,80,4320.0,0
1643956096,1,0,recorded,81,2880.0,1
1643958976,1,0,recorded,82,2880.0,1
1643961856,0,1,dropped,83,2880.0,0
1643964736,0,1,dropped,84,2880.0,0
1643967616,1,0,recorded,85,2880.0,1
1643970496,1,0,recorded,86,2880.0,1
1643973376,0,1,dropped,87,2880.0,0
1643976256,1,0,recorded,88,2880.0,1
1643979136,1,0,recorded,89,2880.0,1
1643982016,0,1,dropped,90,2880.0,0
1643984896,0,1,dropped,91,2880.0,0
1643989216,1,0,recorded,92,4320.0,1
1643992096,1,0,recorded,93,2880.0,1
1643994976,0,1,dropped,94,2880.0,0
1643997856,1,0,recorded,95,2880.0,1
1644000736,1,0,recorded,96,2880.0,1
1644003616,0,1,dropped,97,2880.0,0
1644006496,0,1,dropped,98,2880.0,0
1644009376,1,0,recorded,99,2880.0,1
1644012256,1,0,recorded,100,2880.0,1
1644015136,0,1,dropped,101,2880.0,0
1644018016,0,1,dropped,102,2880.0,0
1644020896,1,0,recorded,103,2880.0,1
1644025216,1,0,recorded,104,4320.0,1
1644028096,0,1,dropped,105,2880.0,0
1644030976,1,0,recorded,106,2880.0,1
1644033856,1,0,recorded,107,2880.0,1
1644036736,0,1,dropped,108,2880.0,0
1644039616,0,1,dropped,109,2880.0,0
1644042496,1,0,recorded,110,2880.0,1
1644045376,1,0,recorded,111,2880.0,1
1644048256,0,1,dropped,112,2880.0,0
1644051136,0,1,dropped,113,2880.0,0
1644054016,1,0,recorded,114,2880.0,1
1644056896,1,0,recorded,115,2880.0,1
1644061216,0,1,dropped,116,4320.0,0
1644064096,1,0,recorded,117,2880.0,1
1644066976,1,0,recorded,118,2880.0,1
1644069856,0,1,dropped,119,2880.0,0
1644072736,0,1,dropped,120,2880.0,0
1644075616,1,0,recorded,121,2880.0,1
1644078496,1,0,recorded,122,2880.0,1
1644081376,0,1,dropped,123,2880.0,0
1644084256,1,0,recorded,124,2880.0,1
1644087136,1,0,recorded,125,2880.0,1
1644090016,0,1,dropped,126,2880.0,0
1644092896,1,0,recorded,127,2880.0,1
1644097216,1,0,recorded,128,4320.0,1
1644100096,0,1,dropped,129,2880.0,0
1644102976,0,1,dropped,130,2880.0,0
1644105856,1,0,recorded,131,2880.0,1
1644108736,1,0,recorded,132,2880.0,1
1644111616,0,1,dropped,133,2880.0,0
1644114496,0,1,dropped,134,2880.0,0
1644117376,1,0,recorded,135,2880.0,1
1644120256,1,0,recorded,136,2880.0,1
1644123136,0,1,dropped,137,2880.0,0
1644126016,0,1,dropped,138,2880.0,0
1644128896,1,0,recorded,139,2880.0,1
1644133216,1,0,recorded,140,4320.0,1
1644136096,0,1,dropped,141,2880.0,0
1644138976,1,0,recorded,142,2880.0,1
1644141856,1,0,recorded,143,2880.0,1
1644144736,0,1,dropped,144,2880.0,0
1644147616,0,1,dropped,145,2880.0,0
1644150496,1,0,recorded,146,2880.0,1
1644153376,1,0,recorded,147,2880.0,1
1644156256,0,1,dropped,148,2880.0,0
1644159136,1,0,recorded,149,2880.0,1
1644162106,1,0,recorded,150,2970.0,1
1644164896,0,1,dropped,151,2790.0,0
1644169216,0,1,dropped,152,4320.0,0
1644172096,1,0,recorded,153,2880.0,1
1644174976,1,0,recorded,154,2880.0,1
1644177856,0,1,dropped,155,2880.0,0
1644180736,1,0,recorded,156,2880.0,1
1644183616,1,0,recorded,157,2880.0,1
1644186496,0,1,dropped,158,2880.0,0
1644189376,0,1,dropped,159,2880.0,0
1644192256,1,0,recorded,160,2880.0,1
1644195136,1,0,recorded,161,2880.0,1
1644198016,0,1,dropped,162,2880.0,0
1644200896,1,0,recorded,163,2880.0,1
1644205216,1,0,recorded,164,4320.0,1
1644208096,0,1,dropped,165,2880.0,0
1644210976,0,1,dropped,166,2880.0,0
1644213856,1,0,recorded,167,2880.0,1
1644216736,1,0,recorded,168,2880.0,1
1644219616,0,1,dropped,169,2880.0,0
1644222496,0,1,dropped,170,2880.0,0
1644225376,1,0,recorded,171,2880.0,1
1644228256,1,0,recorded,172,2880.0,1
1644231136,0,1,dropped,173,2880.0,0
1644234106,0,1,dropped,174,2970.0,0
1644236896,1,0,recorded,175,2790.0,1
1644241216,1,0,recorded,176,4320.0,1
1644244096,0,1,dropped,177,2880.0,0
1644246976,1,0,recorded,178,2880.0,1
1644249856,1,0,recorded,179,2880.0,1
1644252736,0,1,dropped,180,2880.0,0
1644255616,0,1,dropped,181,2880.0,0
1644258496,1,0,recorded,182,2880.0,1
1644261376,1,0,recorded,183,2880.0,1
1644264256,0,1,dropped,184,2880.0,0
1644267136,1,0,recorded,185,2880.0,1
1644270016,1,0,recorded,186,2880.0,1
1644272896,0,1,dropped,187,2880.0,0
1644277396,1,0,recorded,188,4500.0,1
1644280096,1,0,recorded,189,2700.0,1
1644282976,0,1,dropped,190,2880.0,0
1644285856,0,1,dropped,191,2880.0,0
1644288736,1,0,recorded,192,2880.0,1
1644291616,1,0,recorded,193,2880.0,1
1644294496,0,1,dropped,194,2880.0,0
1644297376,0,1,dropped,195,2880.0,0
1644300256,1,0,recorded,196,2880.0,1
1644303136,1,0,recorded,197,2880.0,1
1644306016,0,1,dropped,198,2880.0,0
1644308896,1,0,recorded,199,2880.0,1
1644313216,1,0,recorded,200,4320.0,1
1644316096,0,1,dropped,201,2880.0,0
1644318976,0,1,dropped,202,2880.0,0
1644321856,1,0,recorded,203,2880.0,1
1644324736,1,0,recorded,204,2880.0,1
1644327616,0,1,dropped,205,2880.0,0
1644330496,0,1,dropped,206,2880.0,0
1644333376,1,0,recorded,207,2880.0,1
1644336256,1,0,recorded,208,2880.0,1
1644339136,0,1,dropped,209,2880.0,0
1644342016,0,1,dropped,210,2880.0,0
1644344896,1,0,recorded,211,2880.0,1
1644349216,1,0,recorded,212,4320.0,1
1644352096,0,1,dropped,213,2880.0,0
1644354976,1,0,recorded,214,2880.0,1
1644357856,1,0,recorded,215,2880.0,1
1644360736,0,1,dropped,216,2880.0,0
1644363616,0,1,dropped,217,2880.0,0
1644366496,1,0,recorded,218,2880.0,1
1644369376,1,0,recorded,219,2880.0,1
1644372256,0,1,dropped,220,2880.0,0
1644375136,1,0,recorded,221,2880.0,1
1644378016,1,0,recorded,222,2880.0,1
1644380896,0,1,dropped,223,2880.0,0
1644385216,1,0,recorded,224,4320.0,1
1644388096,1,0,recorded,225,2880.0,1
1644390976,0,1,dropped,226,2880.0,0
1644393856,0,1,dropped,227,2880.0,0
1644396736,1,0,recorded,228,2880.0,1
1644399616,1,0,recorded,229,2880.0,1
1644402496,0,1,dropped,230,2880.0,0
1644405376,0,1,dropped,231,2880.0,0
1644408256,1,0,recorded,232,2880.0,1
1644411136,1,0,recorded,233,2880.0,1
1644414016,0,1,dropped,234,2880.0,0
1644416896,1,0,recorded,235,2880.0,1
1644421216,1,0,recorded,236,4320.0,1
1644424096,0,1,dropped,237,2880.0,0
1644426976,0,1,dropped,238,2880.0,0
1644429856,1,0,recorded,239,2880.0,1
1644432736,1,0,recorded,240,2880.0,1
1644435616,0,1,dropped,241,2880.0,0
1644438496,0,1,dropped,242,2880.0,0
1644441376,1,0,recorded,243,2880.0,1
1644444256,1,0,recorded,244,2880.0,1
1644447136,0,1,dropped,245,2880.0,0
1644450016,1,0,recorded,246,2880.0,1
1644452896,1,0,recorded,247,2880.0,1
1644455776,0,1,dropped,248,2880.0,0
1644460096,0,1,dropped,249,4320.0,0
1644462976,1,0,recorded,250,2880.0,1
1644465856,1,0,recorded,251,2880.0,1
1644468736,0,1,dropped,252,2880.0,0
1644471616,1,0,recorded,253,2880.0,1
1644474496,1,0,recorded,254,2880.0,1
1644477376,0,1,dropped,255,2880.0,0
1644480256,1,0,recorded,256,2880.0,1
1644483136,1,0,recorded,257,2880.0,1
1644486016,1,0,recorded,258,2880.0,1
1644488896,0,1,dropped,259,2880.0,0
1644493216,1,0,recorded,260,4320.0,1
1644496096,1,0,recorded,261,2880.0,1
1644498976,0,1,dropped,262,2880.0,0
1644501856,0,1,dropped,263,2880.0,0
1644504736,1,0,recorded,264,2880.0,1
1644507616,1,0,recorded,265,2880.0,1
1644510496,0,1,dropped,266,2880.0,0
1644513376,1,0,recorded,267,2880.0,1
1644516256,1,0,recorded,268,2880.0,1
1644519136,0,1,dropped,269,2880.0,0
1644522016,0,1,dropped,270,2880.0,0
1644524896,1,0,recorded,271,2880.0,1
1644529216,1,0,recorded,272,4320.0,1
1644532096,0,1,dropped,273,2880.0,0
1644534976,1,0,recorded,274,2880.0,1
1644537856,1,0,recorded,275,2880.0,1
1644540736,0,1,dropped,276,2880.0,0
1644543616,0,1,dropped,277,2880.0,0
1644546496,1,0,recorded,278,2880.0,1
1644549376,1,0,recorded,279,2880.0,1
1644552256,0,1,dropped,280,2880.0,0
1644555136,0,1,dropped,281,2880.0,0
1644558016,1,0,recorded,282,2880.0,1
1644560896,1,0,recorded,283,2880.0,1
1644565216,0,1,dropped,284,4320.0,0
1644568096,1,0,recorded,285,2880.0,1
1644570976,1,0,recorded,286,2880.0,1
1644573856,0,1,dropped,287,2880.0,0
1644576736,0,1,dropped,288,2880.0,0
1644579616,1,0,recorded,289,2880.0,1
1644582496,1,0,recorded,290,2880.0,1
1644585376,0,1,dropped,291,2880.0,0
1644588256,0,1,dropped,292,2880.0,0
1644591136,1,0,recorded,293,2880.0,1
1644594016,1,0,recorded,294,2880.0,1
1644596896,0,1,dropped,295,2880.0,0
1644601216,1,0,recorded,296,4320.0,1
1644604096,1,0,recorded,297,2880.0,1
1644606976,0,1,dropped,298,2880.0,0
1644609856,0,1,dropped,299,2880.0,0
1644612736,1,0,recorded,300,2880.0,1
1644615616,1,0,recorded,301,2880.0,1
1644618496,0,1,dropped,302,2880.0,0
1644621376,1,0,recorded,303,2880.0,1
1644624256,1,0,recorded,304,2880.0,1
1644627136,0,1,dropped,305,2880.0,0
1644630016,0,1,dropped,306,2880.0,0
1644632896,1,0,recorded,307,2880.0,1
1644637216,1,0,recorded,308,4320.0,1
1644640096,0,1,dropped,309,2880.0,0
1644642976,1,0,recorded,310,2880.0,1
1644645856,1,0,recorded,311,2880.0,1
1644648736,0,1,dropped,312,2880.0,0
1644651616,0,1,dropped,313,2880.0,0
1644654496,1,0,recorded,314,2880.0,1
1644657376,1,0,recorded,315,2880.0,1
1644660256,0,1,dropped,316,2880.0,0
1644663136,0,1,dropped,317,2880.0,0
1644666016,1,0,recorded,318,2880.0,1
1644668896,1,0,recorded,319,2880.0,1
1644673216,0,1,dropped,320,4320.0,0
1644676096,1,0,recorded,321,2880.0,1
1644678976,1,0,recorded,322,2880.0,1
1644681856,0,1,dropped,323,2880.0,0
1644684736,1,0,recorded,324,2880.0,1
1644687616,1,0,recorded,325,2880.0,1
1644690496,0,1,dropped,326,2880.0,0
1644693376,0,1,dropped,327,2880.0,0
1644696256,1,0,recorded,328,2880.0,1
1644699136,1,0,recorded,329,2880.0,1
1644702016,0,1,dropped,330,2880.0,0
1644704896,1,0,recorded,331,2880.0,1
1644709216,1,0,recorded,332,4320.0,1
1644712096,0,1,dropped,333,2880.0,0
1644714976,0,1,dropped,334,2880.0,0
1644717856,1,0,recorded,335,2880.0,1
1644720736,1,0,recorded,336,2880.0,1
1644723616,0,1,dropped,337,2880.0,0
1644726496,0,1,dropped,338,2880.0,0
1644729376,1,0,recorded,339,2880.0,1
1644732256,1,0,recorded,340,2880.0,1
1644735136,0,1,dropped,341,2880.0,0
1644738016,0,1,dropped,342,2880.0,0
1644740896,1,0,recorded,343,2880.0,1
1644745216,1,0,recorded,344,4320.0,1
1644748096,0,1,dropped,345,2880.0,0
1644750976,1,0,recorded,346,2880.0,1
1644753856,1,0,recorded,347,2880.0,1
1644756736,0,1,dropped,348,2880.0,0
1644759616,0,1,dropped,349,2880.0,0
1644762496,1,0,recorded,350,2880.0,1
1644765376,1,0,recorded,351,2880.0,1
1644768256,0,1,dropped,352,2880.0,0
1644771136,1,0,recorded,353,2880.0,1
1644774016,1,0,recorded,354,2880.0,1
1644776896,0,1,dropped,355,2880.0,0
1644779776,0,1,dropped,356,2880.0,0
1644784096,1,0,recorded,357,4320.0,1
1644786976,1,0,recorded,358,2880.0,1
1644789856,0,1,dropped,359,2880.0,0
1644792736,1,0,recorded,360,2880.0,1
1644795616,1,0,recorded,361,2880.0,1
1644798496,0,1,dropped,362,2880.0,0
1644801376,0,1,dropped,363,2880.0,0
1644804256,1,0,recorded,364,2880.0,1
1644807136,1,0,recorded,365,2880.0,1
1644810016,0,1,dropped,366,2880.0,0
1644812896,1,0,recorded,367,2880.0,1
1644817216,1,0,recorded,368,4320.0,1
1644820096,0,1,dropped,369,2880.0,0
1644822976,0,1,dropped,370,2880.0,0
1644825856,1,0,recorded,371,2880.0,1
1644828736,1,0,recorded,372,2880.0,1
1644831616,0,1,dropped,373,2880.0,0
1644834496,0,1,dropped,374,2880.0,0
1644837376,1,0,recorded,375,2880.0,1
1644840256,1,0,recorded,376,2880.0,1
1644843136,0,1,dropped,377,2880.0,0
1644846016,0,1,dropped,378,2880.0,0
1644848896,1,0,recorded,379,2880.0,1
1644853216,1,0,recorded,380,4320.0,1
1644856096,0,1,dropped,381,2880.0,0
1644858976,1,0,recorded,382,2880.0,1
1644861856,1,0,recorded,383,2880.0,1
1644864736,0,1,dropped,384,2880.0,0
1644867616,0,1,dropped,385,2880.0,0
1644870496,1,0,recorded,386,2880.0,1
1644873376,1,0,recorded,387,2880.0,1
1644876256,0,1,dropped,388,2880.0,0
1644879136,1,0,recorded,389,2880.0,1
1644882016,1,0,recorded,390,2880.0,1
1644884896,0,1,dropped,391,2880.0,0
1644889216,0,1,dropped,392,4320.0,0
1644892186,1,0,recorded,393,2970.0,1
1644894976,1,0,recorded,394,2790.0,1
1644897856,0,1,dropped,395,2880.0,0
1644900736,1,0,recorded,396,2880.0,1
1644903616,1,0,recorded,397,2880.0,1
1644906496,0,1,dropped,398,2880.0,0
1644909376,0,1,dropped,399,2880.0,0
1644912256,1,0,recorded,400,2880.0,1
1644915136,1,0,recorded,401,2880.0,1
1644918016,0,1,dropped,402,2880.0,0
1644920986,0,1,dropped,403,2970.0,0
1644923776,1,0,recorded,404,2790.0,1
1644928096,1,0,recorded,405,4320.0,1
1644930976,0,1,dropped,406,2880.0,0
1644933856,1,0,recorded,407,2880.0,1
1644936736,1,0,recorded,408,2880.0,1
1644939616,0,1,dropped,409,2880.0,0
1644942496,0,1,dropped,410,2880.0,0
1644945376,1,0,recorded,411,2880.0,1
1644948256,1,0,recorded,412,2880.0,1
1644951136,0,1,dropped,413,2880.0,0
1644954016,1,0,recorded,414,2880.0,1
1644956896,1,0,recorded,415,2880.0,1
1644959776,0,1,dropped,416,2880.0,0
1644964096,1,0,recorded,417,4320.0,1
1644966976,1,0,recorded,418,2880.0,1
1644969856,0,1,dropped,419,2880.0,0
1644972736,0,1,dropped,420,2880.0,0
1644975616,1,0,recorded,421,2880.0,1
1644978496,1,0,recorded,422,2880.0,1
1644981376,0,1,dropped,423,2880.0,0
1644984256,0,1,dropped,424,2880.0,0
1644987136,1,0,recorded,425,2880.0,1
1644990106,1,0,recorded,426,2970.0,1
1644992896,0,1,dropped,427,2790.0,0
1644997216,1,0,recorded,428,4320.0,1
1645000096,1,0,recorded,429,2880.0,1
1645002976,0,1,dropped,430,2880.0,0
1645005856,0,1,dropped,431,2880.0,0
1645008736,1,0,recorded,432,2880.0,1
1645011706,1,0,recorded,433,2970.0,1
1645014586,0,1,dropped,434,2880.0,0
1645017466,0,1,dropped,435,2880.0,0
1645020256,1,0,recorded,436,2790.0,1
1645023136,1,0,recorded,437,2880.0,1
1645026106,0,1,dropped,438,2970.0,0
1645028896,1,0,recorded,439,2790.0,1
1645033216,1,0,recorded,440,4320.0,1
1645036096,0,1,dropped,441,2880.0,0
1645038976,0,1,dropped,442,2880.0,0
1645041856,1,0,recorded,443,2880.0,1
1645044736,1,0,recorded,444,2880.0,1
1645047616,0,1,dropped,445,2880.0,0
1645050496,1,0,recorded,446,2880.0,1
1645053376,1,0,recorded,447,2880.0,1
1645056256,0,1,dropped,448,2880.0,0
1645059136,0,1,dropped,449,2880.0,0
1645062016,1,0,recorded,450,2880.0,1
1645064896,1,0,recorded,451,2880.0,1
1645067776,0,1,dropped,452,2880.0,0
1645072096,1,0,recorded,453,4320.0,1
1645074976,1,0,recorded,454,2880.0,1
1645077856,0,1,dropped,455,2880.0,0
1645080826,0,1,dropped,456,2970.0,0
1645083616,1,0,recorded,457,2790.0,1
1645086496,1,0,recorded,458,2880.0,1
1645089376,0,1,dropped,459,2880.0,0
1645092256,1,0,recorded,460,2880.0,1
1645095136,1,0,recorded,461,2880.0,1
1645098016,0,1,dropped,462,2880.0,0
1645100896,0,1,dropped,463,2880.0,0
1645105216,1,0,recorded,464,4320.0,1
1645108096,1,0,recorded,465,2880.0,1
1645110976,0,1,dropped,466,2880.0,0
1645113856,1,0,recorded,467,2880.0,1
1645116826,1,0,recorded,468,2970.0,1
1645119616,0,1,dropped,469,2790.0,0
1645122496,0,1,dropped,470,2880.0,0
1645125376,1,0,recorded,471,2880.0,1
1645128256,1,0,recorded,472,2880.0,1
1645131226,0,1,dropped,473,2970.0,0
1645134016,0,1,dropped,474,2790.0,0
1645136896,1,0,recorded,475,2880.0,1
1645141216,1,0,recorded,476,4320.0,1
1645144096,0,1,dropped,477,2880.0,0
1645146976,0,1,dropped,478,2880.0,0
1645149856,1,0,recorded,479,2880.0,1
1645152826,1,0,recorded,480,2970.0,1
1645155616,0,1,dropped,481,2790.0,0
1645158586,0,1,dropped,482,2970.0,0
1645161376,1,0,recorded,483,2790.0,1
1645164256,1,0,recorded,484,2880.0,1
1645167136,0,1,dropped,485,2880.0,0
1645170106,1,0,recorded,486,2970.0,1
1645172896,1,0,recorded,487,2790.0,1
1645177216,0,1,dropped,488,4320.0,0
1645180186,0,1,dropped,489,2970.0,0
1645182976,1,0,recorded,490,2790.0,1
1645185856,1,0,recorded,491,2880.0,1
1645188736,0,1,dropped,492,2880.0,0
1645191706,1,0,recorded,493,2970.0,1
1645194496,1,0,recorded,494,2790.0,1
1645197376,0,1,dropped,495,2880.0,0
1645200256,0,1,dropped,496,2880.0,0
1645203226,1,0,recorded,497,2970.0,1
1645206016,1,0,recorded,498,2790.0,1
1645208896,0,1,dropped,499,2880.0,0
1645211776,1,0,recorded,500,2880.0,1
1645216096,1,0,recorded,501,4320.0,1
1645218976,0,1,dropped,502,2880.0,0
1645221856,0,1,dropped,503,2880.0,0
1645224736,1,0,recorded,504,2880.0,1
1645227616,1,0,recorded,505,2880.0,1
1645230496,0,1,dropped,506,2880.0,0
1645233466,0,1,dropped,507,2970.0,0
1645236256,1,0,recorded,508,2790.0,1
1645239226,1,0,recorded,509,2970.0,1
1645242106,0,1,dropped,510,2880.0,0
1645244986,1,0,recorded,511,2880.0,1
1645247776,1,0,recorded,512,2790.0,1
1645252096,0,1,dropped,513,4320.0,0
1645254976,1,0,recorded,514,2880.0,1
1645257856,1,0,recorded,515,2880.0,1
1645260736,0,1,dropped,516,2880.0,0
1645263616,0,1,dropped,517,2880.0,0
1645266496,1,0,recorded,518,2880.0,1
1645269376,1,0,recorded,519,2880.0,1
1645272256,0,1,dropped,520,2880.0,0
1645275136,1,0,recorded,521,2880.0,1
1645278016,1,0,recorded,522,2880.0,1
1645280896,0,1,dropped,523,2880.0,0
1645283776,1,0,recorded,524,2880.0,1
1645288186,1,0,recorded,525,4410.0,1
1645291066,0,1,dropped,526,2880.0,0
1645293946,0,1,dropped,527,2880.0,0
1645296736,1,0,recorded,528,2790.0,1
1645299616,1,0,recorded,529,2880.0,1
1645302496,0,1,dropped,530,2880.0,0
1645305466,0,1,dropped,531,2970.0,0
1645308436,1,0,recorded,532,2970.0,1
1645311226,1,0,recorded,533,2790.0,1
1645314106,0,1,dropped,534,2880.0,0
1645316986,1,0,recorded,535,2880.0,1
1645319776,1,0,recorded,536,2790.0,1
1645324096,0,1,dropped,537,4320.0,0
1645326976,0,1,dropped,538,2880.0,0
1645329856,1,0,recorded,539,2880.0,1
1645332736,1,0,recorded,540,2880.0,1
1645335706,0,1,dropped,541,2970.0,0
1645338496,1,0,recorded,542,2790.0,1
1645341376,1,0,recorded,543,2880.0,1
1645344346,0,1,dropped,544,2970.0,0
1645347136,0,1,dropped,545,2790.0,0
1645350106,1,0,recorded,546,2970.0,1
1645352896,1,0,recorded,547,2790.0,1
1645355776,0,1,dropped,548,2880.0,0
1645360096,1,0,recorded,549,4320.0,1
1645362976,1,0,recorded,550,2880.0,1
1645365856,0,1,dropped,551,2880.0,0
1645368736,0,1,dropped,552,2880.0,0
1645371616,1,0,recorded,553,2880.0,1
1645374496,1,0,recorded,554,2880.0,1
1645377466,0,1,dropped,555,2970.0,0
1645380346,1,0,recorded,556,2880.0,1
1645383226,1,0,recorded,557,2880.0,1
1645386106,0,1,dropped,558,2880.0,0
1645388896,1,0,recorded,559,2790.0,1
1645393216,1,0,recorded,560,4320.0,1
1645396186,0,1,dropped,561,2970.0,0
1645398976,0,1,dropped,562,2790.0,0
1645401856,1,0,recorded,563,2880.0,1
1645404826,1,0,recorded,564,2970.0,1
1645407706,0,1,dropped,565,2880.0,0
1645410496,0,1,dropped,566,2790.0,0
1645413376,1,0,recorded,567,2880.0,1
1645416256,1,0,recorded,568,2880.0,1
1645419136,0,1,dropped,569,2880.0,0
1645422106,1,0,recorded,570,2970.0,1
1645424896,1,0,recorded,571,2790.0,1
1645427776,0,1,dropped,572,2880.0,0
1645432096,1,0,recorded,573,4320.0,1
1645434976,1,0,recorded,574,2880.0,1
1645437856,0,1,dropped,575,2880.0,0
1645440736,0,1,dropped,576,2880.0,0
1645443616,1,0,recorded,577,2880.0,1
1645446496,1,0,recorded,578,2880.0,1
1645449466,0,1,dropped,579,2970.0,0
1645452346,1,0,recorded,580,2880.0,1
1645455226,1,0,recorded,581,2880.0,1
1645458106,0,1,dropped,582,2880.0,0
1645460986,0,1,dropped,583,2880.0,0
1645463776,1,0,recorded,584,2790.0,1
1645468096,1,0,recorded,585,4320.0,1
1645470976,0,1,dropped,586,2880.0,0
1645473856,1,0,recorded,587,2880.0,1
1645476826,1,0,recorded,588,2970.0,1
1645479706,0,1,dropped,589,2880.0,0
1645482496,0,1,dropped,590,2790.0,0
1645485376,1,0,recorded,591,2880.0,1
1645488256,1,0,recorded,592,2880.0,1
1645491226,0,1,dropped,593,2970.0,0
1645494106,1,0,recorded,594,2880.0,1
1645496986,1,0,recorded,595,2880.0,1
1645499866,0,1,dropped,596,2880.0,0
1645504186,1,0,recorded,597,4320.0,1
1645506976,1,0,recorded,598,2790.0,1
1645509856,0,1,dropped,599,2880.0,0
1645512736,0,1,dropped,600,2880.0,0
1645515616,1,0,recorded,601,2880.0,1
1645518586,1,0,recorded,602,2970.0,1
1645521466,0,1,dropped,603,2880.0,0
1645524346,1,0,recorded,604,2880.0,1
1645527226,1,0,recorded,605,2880.0,1
1645530016,0,1,dropped,606,2790.0,0
1645532896,0,1,dropped,607,2880.0,0
1645535776,1,0,recorded,608,2880.0,1
1645540096,1,0,recorded,609,4320.0,1
1645542976,0,1,dropped,610,2880.0,0
1645545856,1,0,recorded,611,2880.0,1
1645548736,1,0,recorded,612,2880.0,1
1645551616,0,1,dropped,613,2880.0,0
1645554496,1,0,recorded,614,2880.0,1
1645557466,1,0,recorded,615,2970.0,1
1645560256,0,1,dropped,616,2790.0,0
1645563226,0,1,dropped,617,2970.0,0
1645566106,1,0,recorded,618,2880.0,1
1645568986,1,0,recorded,619,2880.0,1
1645571776,0,1,dropped,620,2790.0,0
1645576096,1,0,recorded,621,4320.0,1
1645578976,1,0,recorded,622,2880.0,1
1645581856,0,1,dropped,623,2880.0,0
1645584826,0,1,dropped,624,2970.0,0
1645587706,1,0,recorded,625,2880.0,1
1645590586,1,0,recorded,626,2880.0,1
1645593466,0,1,dropped,627,2880.0,0
1645596256,1,0,recorded,628,2790.0,1
1645599136,1,0,recorded,629,2880.0,1
1645602016,0,1,dropped,630,2880.0,0
1645604896,0,1,dropped,631,2880.0,0
1645607776,1,0,recorded,632,2880.0,1
1645612096,1,0,recorded,633,4320.0,1
1645615066,0,1,dropped,634,2970.0,0
1645617856,1,0,recorded,635,2790.0,1
1645620826,1,0,recorded,636,2970.0,1
1645623706,0,1,dropped,637,2880.0,0
1645626496,1,0,recorded,638,2790.0,1
1645629466,1,0,recorded,639,2970.0,1
1645632346,0,1,dropped,640,2880.0,0
1645635226,0,1,dropped,641,2880.0,0
1645638106,1,0,recorded,642,2880.0,1
1645640896,1,0,recorded,643,2790.0,1
1645643776,0,1,dropped,644,2880.0,0
1645648186,1,0,recorded,645,4410.0,1
1645650976,1,0,recorded,646,2790.0,1
1645653856,0,1,dropped,647,2880.0,0
1645656826,0,1,dropped,648,2970.0,0
1645659706,1,0,recorded,649,2880.0,1
1645662586,1,0,recorded,650,2880.0,1
1645665466,0,1,dropped,651,2880.0,0
1645668256,1,0,recorded,652,2790.0,1
1645671226,1,0,recorded,653,2970.0,1
1645674106,0,1,dropped,654,2880.0,0
1645676986,0,1,dropped,655,2880.0,0
1645679866,1,0,recorded,656,2880.0,1
1645684186,1,0,recorded,657,4320.0,1
1645686976,0,1,dropped,658,2790.0,0
1645689946,1,0,recorded,659,2970.0,1
1645692826,1,0,recorded,660,2880.0,1
1645695706,0,1,dropped,661,2880.0,0
1645698496,1,0,recorded,662,2790.0,1
1645701466,1,0,recorded,663,2970.0,1
1645704346,0,1,dropped,664,2880.0,0
1645707226,0,1,dropped,665,2880.0,0
1645710106,1,0,recorded,666,2880.0,1
1645712986,1,0,recorded,667,2880.0,1
1645715866,0,1,dropped,668,2880.0,0
1645720096,1,0,recorded,669,4230.0,1
1645722976,1,0,recorded,670,2880.0,1
1645725946,0,1,dropped,671,2970.0,0
1645728826,0,1,dropped,672,2880.0,0
1645731706,1,0,recorded,673,2880.0,1
1645734586,1,0,recorded,674,2880.0,1
1645737466,0,1,dropped,675,2880.0,0
1645740346,1,0,recorded,676,2880.0,1
1645743226,1,0,recorded,677,2880.0,1
1645746106,0,1,dropped,678,2880.0,0
1645748986,0,1,dropped,679,2880.0,0
1645751866,1,0,recorded,680,2880.0,1
1645756186,1,0,recorded,681,4320.0,1
1645759066,0,1,dropped,682,2880.0,0
1645761946,1,0,recorded,683,2880.0,1
1645764826,1,0,recorded,684,2880.0,1
1645767706,0,1,dropped,685,2880.0,0
1645770586,0,1,dropped,686,2880.0,0
1645773466,1,0,recorded,687,2880.0,1
1645776346,1,0,recorded,688,2880.0,1
1645779136,0,1,dropped,689,2790.0,0
1645782016,1,0,recorded,690,2880.0,1
1645784896,1,0,recorded,691,2880.0,1
1645787866,0,1,dropped,692,2970.0,0
1645790746,1,0,recorded,693,2880.0,1
1645795066,1,0,recorded,694,4320.0,1
1645797946,0,1,dropped,695,2880.0,0
1645800826,0,1,dropped,696,2880.0,0
1645803706,1,0,recorded,697,2880.0,1
1645806496,1,0,recorded,698,2790.0,1
1645809466,0,1,dropped,699,2970.0,0
1645812346,0,1,dropped,700,2880.0,0
1645815226,1,0,recorded,701,2880.0,1
1645818106,1,0,recorded,702,2880.0,1
1645820986,0,1,dropped,703,2880.0,0
1645823866,1,0,recorded,704,2880.0,1
1645828186,1,0,recorded,705,4320.0,1
1645830976,0,1,dropped,706,2790.0,0
1645833946,0,1,dropped,707,2970.0,0
1645836826,1,0,recorded,708,2880.0,1
1645839706,1,0,recorded,709,2880.0,1
1645842586,0,1,dropped,710,2880.0,0
1645845466,1,0,recorded,711,2880.0,1
1645848346,1,0,recorded,712,2880.0,1
1645851226,0,1,dropped,713,2880.0,0
1645854106,0,1,dropped,714,2880.0,0
1645856986,1,0,recorded,715,2880.0,1
1645859866,1,0,recorded,716,2880.0,1
1645864186,0,1,dropped,717,4320.0,0
1645867066,1,0,recorded,718,2880.0,1
1645869946,1,0,recorded,719,2880.0,1
1645872826,0,1,dropped,720,2880.0,0
1645875706,0,1,dropped,721,2880.0,0
1645878586,1,0,recorded,722,2880.0,1
1645881466,1,0,recorded,723,2880.0,1
1645884346,0,1,dropped,724,2880.0,0
1645887226,0,1,dropped,725,2880.0,0
1645890106,1,0,recorded,726,2880.0,1
1645892986,1,0,recorded,727,2880.0,1
1645895866,0,1,dropped,728,2880.0,0
1645900096,1,0,recorded,729,4230.0,1
1645903066,1,0,recorded,730,2970.0,1
1645905946,0,1,dropped,731,2880.0,0
1645908826,0,1,dropped,732,2880.0,0
1645911706,1,0,recorded,733,2880.0,1
1645914586,1,0,recorded,734,2880.0,1
1645917466,0,1,dropped,735,2880.0,0
1645920346,0,1,dropped,736,2880.0,0
1645923226,1,0,recorded,737,2880.0,1
1645926106,1,0,recorded,738,2880.0,1
1645928986,0,1,dropped,739,2880.0,0
1645931866,1,0,recorded,740,2880.0,1
1645936186,1,0,recorded,741,4320.0,1
1645939066,0,1,dropped,742,2880.0,0
1645941946,0,1,dropped,743,2880.0,0
1645944826,1,0,recorded,744,2880.0,1
1645947706,1,0,recorded,745,2880.0,1
1645950586,0,1,dropped,746,2880.0,0
1645953466,1,0,recorded,747,2880.0,1
1645956346,1,0,recorded,748,2880.0,1
1645959226,0,1,dropped,749,2880.0,0
1645962106,0,1,dropped,750,2880.0,0
1645964986,1,0,recorded,751,2880.0,1
1645967866,1,0,recorded,752,2880.0,1
1645972186,0,1,dropped,753,4320.0,0
1645975066,1,0,recorded,754,2880.0,1
1645977946,1,0,recorded,755,2880.0,1
1645980826,0,1,dropped,756,2880.0,0
1645983796,0,1,dropped,757,2970.0,0
1645986586,1,0,recorded,758,2790.0,1
1645989466,1,0,recorded,759,2880.0,1
1645992346,0,1,dropped,760,2880.0,0
1645995226,0,1,dropped,761,2880.0,0
1645998106,1,0,recorded,762,2880.0,1
1646000986,1,0,recorded,763,2880.0,1
1646003866,0,1,dropped,764,2880.0,0
1646006746,1,0,recorded,765,2880.0,1
1646011066,1,0,recorded,766,4320.0,1
1646013946,0,1,dropped,767,2880.0,0
1646016826,1,0,recorded,768,2880.0,1
1646019706,1,0,recorded,769,2880.0,1
1646022586,0,1,dropped,770,2880.0,0
1646025466,0,1,dropped,771,2880.0,0
1646028346,1,0,recorded,772,2880.0,1
1646031226,1,0,recorded,773,2880.0,1
1646034106,0,1,dropped,774,2880.0,0
1646036986,0,1,dropped,775,2880.0,0
1646039866,1,0,recorded,776,2880.0,1
1646044186,1,0,recorded,777,4320.0,1
1646047066,0,1,dropped,778,2880.0,0
1646049946,1,0,recorded,779,2880.0,1
1646052826,1,0,recorded,780,2880.0,1
1646055706,0,1,dropped,781,2880.0,0
1646058586,1,0,recorded,782,2880.0,1
1646061466,1,0,recorded,783,2880.0,1
1646064346,0,1,dropped,784,2880.0,0
1646067226,0,1,dropped,785,2880.0,0
1646070106,1,0,recorded,786,2880.0,1
1646072986,1,0,recorded,787,2880.0,1
1646075866,0,1,dropped,788,2880.0,0
1646080186,1,0,recorded,789,4320.0,1
1646083066,1,0,recorded,790,2880.0,1
1646085946,0,1,dropped,791,2880.0,0
1646088826,0,1,dropped,792,2880.0,0
1646091706,1,0,recorded,793,2880.0,1
1646094586,1,0,recorded,794,2880.0,1
1646097466,0,1,dropped,795,2880.0,0
1646100346,1,0,recorded,796,2880.0,1
1646103226,1,0,recorded,797,2880.0,1
1646106106,0,1,dropped,798,2880.0,0
1646108986,0,1,dropped,799,2880.0,0
1646111866,1,0,recorded,800,2880.0,1
1646116186,1,0,recorded,801,4320.0,1
1646119066,0,1,dropped,802,2880.0,0
1646121946,1,0,recorded,803,2880.0,1
1646124826,1,0,recorded,804,2880.0,1
1646127706,0,1,dropped,805,2880.0,0
1646130586,0,1,dropped,806,2880.0,0
1646133466,1,0,recorded,807,2880.0,1
1646136346,1,0,recorded,808,2880.0,1
1646139226,0,1,dropped,809,2880.0,0
1646142106,0,1,dropped,810,2880.0,0
1646144986,1,0,recorded,811,2880.0,1
1646147866,1,0,recorded,812,2880.0,1
1646152186,0,1,dropped,813,4320.0,0
1646155066,1,0,recorded,814,2880.0,1
1646157946,1,0,recorded,815,2880.0,1
1646160826,0,1,dropped,816,2880.0,0
1646163706,0,1,dropped,817,2880.0,0
1646166586,1,0,recorded,818,2880.0,1
1646169466,1,0,recorded,819,2880.0,1
1646172346,0,1,dropped,820,2880.0,0
1646175226,1,0,recorded,821,2880.0,1
1646178106,1,0,recorded,822,2880.0,1
1646180986,0,1,dropped,823,2880.0,0
1646183866,1,0,recorded,824,2880.0,1
1646188186,1,0,recorded,825,4320.0,1
1646191066,0,1,dropped,826,2880.0,0
1646193946,0,1,dropped,827,2880.0,0
1646196826,1,0,recorded,828,2880.0,1
1646199706,1,0,recorded,829,2880.0,1
1646202586,0,1,dropped,830,2880.0,0
1646205466,0,1,dropped,831,2880.0,0
1646208346,1,0,recorded,832,2880.0,1
1646211226,1,0,recorded,833,2880.0,1
1646214106,0,1,dropped,834,2880.0,0
1646216986,1,0,recorded,835,2880.0,1
1646219866,1,0,recorded,836,2880.0,1
1646224186,0,1,dropped,837,4320.0,0
1646227066,1,0,recorded,838,2880.0,1
1646229946,1,0,recorded,839,2880.0,1
1646232826,0,1,dropped,840,2880.0,0
1646235706,0,1,dropped,841,2880.0,0
1646238586,1,0,recorded,842,2880.0,1
1646241466,1,0,recorded,843,2880.0,1
1646244346,0,1,dropped,844,2880.0,0
1646247226,0,1,dropped,845,2880.0,0
1646250106,1,0,recorded,846,2880.0,1
1646252986,1,0,recorded,847,2880.0,1
1646257306,0,1,dropped,848,4320.0,0
1646260186,1,0,recorded,849,2880.0,1
1646263066,1,0,recorded,850,2880.0,1
1646265946,0,1,dropped,851,2880.0,0
1646268826,1,0,recorded,852,2880.0,1
1646271706,1,0,recorded,853,2880.0,1
1646274586,0,1,dropped,854,2880.0,0
1646277466,0,1,dropped,855,2880.0,0
1646280346,1,0,recorded,856,2880.0,1
1646283226,1,0,recorded,857,2880.0,1
1646286106,0,1,dropped,858,2880.0,0
1646288986,1,0,recorded,859,2880.0,1
1646293306,1,0,recorded,860,4320.0,1
1646296186,0,1,dropped,861,2880.0,0
1646299066,0,1,dropped,862,2880.0,0
1646301946,1,0,recorded,863,2880.0,1
1646304826,1,0,recorded,864,2880.0,1
1646307706,0,1,dropped,865,2880.0,0
1646310586,0,1,dropped,866,2880.0,0
1646313466,1,0,recorded,867,2880.0,1
1646316346,1,0,recorded,868,2880.0,1
1646319226,0,1,dropped,869,2880.0,0
1646322106,1,0,recorded,870,2880.0,1
1646324986,1,0,recorded,871,2880.0,1
1646329306,0,1,dropped,872,4320.0,0
1646332186,0,1,dropped,873,2880.0,0
1646335066,1,0,recorded,874,2880.0,1
1646337946,1,0,recorded,875,2880.0,1
1646340826,0,1,dropped,876,2880.0,0
1646343706,1,0,recorded,877,2880.0,1
1646346586,1,0,recorded,878,2880.0,1
1646349466,0,1,dropped,879,2880.0,0
1646352346,0,1,dropped,880,2880.0,0
1646355226,1,0,recorded,881,2880.0,1
1646358106,1,0,recorded,882,2880.0,1
1646360986,0,1,dropped,883,2880.0,0
1646365306,1,0,recorded,884,4320.0,1
1646368546,1,0,recorded,885,3240.0,1
1646371156,0,1,dropped,886,2610.0,0
1646374036,0,1,dropped,887,2880.0,0
1646376916,1,0,recorded,888,2880.0,1
1646379706,1,0,recorded,889,2790.0,1
1646382586,0,1,dropped,890,2880.0,0
1646385466,0,1,dropped,891,2880.0,0
1646388346,1,0,recorded,892,2880.0,1
1646391226,1,0,recorded,893,2880.0,1
1646394106,0,1,dropped,894,2880.0,0
1646397076,1,0,recorded,895,2970.0,1
1646401306,1,0,recorded,896,4230.0,1
1646404186,0,1,dropped,897,2880.0,0
1646407066,1,0,recorded,898,2880.0,1
1646409946,1,0,recorded,899,2880.0,1
1646412826,0,1,dropped,900,2880.0,0
1646415796,0,1,dropped,901,2970.0,0
1646418586,1,0,recorded,902,2790.0,1
1646421466,1,0,recorded,903,2880.0,1
1646424346,0,1,dropped,904,2880.0,0
1646427226,0,1,dropped,905,2880.0,0
1646430106,1,0,recorded,906,2880.0,1
1646432986,1,0,recorded,907,2880.0,1
1646437306,0,1,dropped,908,4320.0,0
1646440186,1,0,recorded,909,2880.0,1
1646443066,1,0,recorded,910,2880.0,1
1646445946,0,1,dropped,911,2880.0,0
1646448826,0,1,dropped,912,2880.0,0
1646451706,1,0,recorded,913,2880.0,1
1646454586,1,0,recorded,914,2880.0,1
1646457466,0,1,dropped,915,2880.0,0
1646460346,1,0,recorded,916,2880.0,1
1646463226,1,0,recorded,917,2880.0,1
1646466196,0,1,dropped,918,2970.0,0
1646468986,0,1,dropped,919,2790.0,0
1646471866,1,0,recorded,920,2880.0,1
1646476186,1,0,recorded,921,4320.0,1
1646479066,0,1,dropped,922,2880.0,0
1646481946,1,0,recorded,923,2880.0,1
1646484826,1,0,recorded,924,2880.0,1
1646487706,0,1,dropped,925,2880.0,0
1646490586,1,0,recorded,926,2880.0,1
1646493466,1,0,recorded,927,2880.0,1
1646496346,0,1,dropped,928,2880.0,0
1646499226,0,1,dropped,929,2880.0,0
1646502106,1,0,recorded,930,2880.0,1
1646504986,1,0,recorded,931,2880.0,1
1646509396,0,1,dropped,932,4410.0,0
1646512186,1,0,recorded,933,2790.0,1
1646515066,1,0,recorded,934,2880.0,1
1646517946,0,1,dropped,935,2880.0,0
1646520826,0,1,dropped,936,2880.0,0
1646523706,1,0,recorded,937,2880.0,1
1646526586,1,0,recorded,938,2880.0,1
1646529466,0,1,dropped,939,2880.0,0
1646532346,0,1,dropped,940,2880.0,0
1646535316,1,0,recorded,941,2970.0,1
1646538106,1,0,recorded,942,2790.0,1
1646540986,0,1,dropped,943,2880.0,0
1646545306,1,0,recorded,944,4320.0,1
1646548186,1,0,recorded,945,2880.0,1
1646551066,0,1,dropped,946,2880.0,0
1646553946,0,1,dropped,947,2880.0,0
1646556826,1,0,recorded,948,2880.0,1
1646559706,1,0,recorded,949,2880.0,1
1646562586,0,1,dropped,950,2880.0,0
1646565466,1,0,recorded,951,2880.0,1
1646568346,1,0,recorded,952,2880.0,1
1646571226,0,1,dropped,953,2880.0,0
1646574106,0,1,dropped,954,2880.0,0
1646576986,1,0,recorded,955,2880.0,1
1646581396,1,0,recorded,956,4410.0,1
1646584186,0,1,dropped,957,2790.0,0
1646587066,1,0,recorded,958,2880.0,1
1646589946,1,0,recorded,959,2880.0,1
1646592826,0,1,dropped,960,2880.0,0
1646595796,0,1,dropped,961,2970.0,0
1646598586,1,0,recorded,962,2790.0,1
1646601466,1,0,recorded,963,2880.0,1
1646604346,0,1,dropped,964,2880.0,0
1646607226,0,1,dropped,965,2880.0,0
1646610106,1,0,recorded,966,2880.0,1
1646612986,1,0,recorded,967,2880.0,1
1646617306,0,1,dropped,968,4320.0,0
1646620186,1,0,recorded,969,2880.0,1
1646623066,1,0,recorded,970,2880.0,1
1646625946,0,1,dropped,971,2880.0,0
1646628826,0,1,dropped,972,2880.0,0
1646631796,1,0,recorded,973,2970.0,1
1646634586,1,0,recorded,974,2790.0,1
1646637466,0,1,dropped,975,2880.0,0
1646640346,1,0,recorded,976,2880.0,1
1646643226,1,0,recorded,977,2880.0,1
1646646106,0,1,dropped,978,2880.0,0
1646648986,1,0,recorded,979,2880.0,1
1646653306,1,0,recorded,980,4320.0,1
1646656186,0,1,dropped,981,2880.0,0
1646659066,0,1,dropped,982,2880.0,0
1646661946,1,0,recorded,983,2880.0,1
1646664826,1,0,recorded,984,2880.0,1
1646667706,0,1,dropped,985,2880.0,0
1646670586,0,1,dropped,986,2880.0,0
1646673466,1,0,recorded,987,2880.0,1
1646676346,1,0,recorded,988,2880.0,1
1646679226,0,1,dropped,989,2880.0,0
1646682106,0,1,dropped,990,2880.0,0
1646684986,1,0,recorded,991,2880.0,1
1646689306,1,0,recorded,992,4320.0,1
1646692186,0,1,dropped,993,2880.0,0
1646695066,1,0,recorded,994,2880.0,1
1646697946,1,0,recorded,995,2880.0,1
1646700826,0,1,dropped,996,2880.0,0
1646703706,1,0,recorded,997,2880.0,1
1646706586,1,0,recorded,998,2880.0,1
1646709466,0,1,dropped,999,2880.0,0
1646712436,0,1,dropped,1000,2970.0,0
1646715226,1,0,recorded,1001,2790.0,1
1646718196,1,0,recorded,1002,2970.0,1
1646720986,0,1,dropped,1003,2790.0,0
1646725306,1,0,recorded,1004,4320.0,1
1646728186,1,0,recorded,1005,2880.0,1
1646731066,0,1,dropped,1006,2880.0,0
1646733946,1,0,recorded,1007,2880.0,1
1646736826,1,0,recorded,1008,2880.0,1
1646739706,0,1,dropped,1009,2880.0,0
1646742676,0,1,dropped,1010,2970.0,0
1646745466,1,0,recorded,1011,2790.0,1
1646748346,1,0,recorded,1012,2880.0,1
1646751226,0,1,dropped,1013,2880.0,0
1646754106,0,1,dropped,1014,2880.0,0
1646756986,1,0,recorded,1015,2880.0,1
1646761306,1,0,recorded,1016,4320.0,1
1646764186,0,1,dropped,1017,2880.0,0
1646767066,0,1,dropped,1018,2880.0,0
1646769946,1,0,recorded,1019,2880.0,1
1646772826,1,0,recorded,1020,2880.0,1
1646775706,0,1,dropped,1021,2880.0,0
1646778586,0,1,dropped,1022,2880.0,0
1646781466,1,0,recorded,1023,2880.0,1
1646784346,1,0,recorded,1024,2880.0,1
1646787226,0,1,dropped,1025,2880.0,0
1646790106,0,1,dropped,1026,2880.0,0
1646792986,1,0,recorded,1027,2880.0,1
1646795866,1,0,recorded,1028,2880.0,1
1646800186,0,1,dropped,1029,4320.0,0
1646803066,1,0,recorded,1030,2880.0,1
1646805946,1,0,recorded,1031,2880.0,1
1646808826,0,1,dropped,1032,2880.0,0
1646811796,1,0,recorded,1033,2970.0,1
1646814586,1,0,recorded,1034,2790.0,1
1646817466,0,1,dropped,1035,2880.0,0
1646820346,0,1,dropped,1036,2880.0,0
1646823226,1,0,recorded,1037,2880.0,1
1646826106,1,0,recorded,1038,2880.0,1
1646828986,0,1,dropped,1039,2880.0,0
1646831866,0,1,dropped,1040,2880.0,0
1646836186,1,0,recorded,1041,4320.0,1
1646839066,1,0,recorded,1042,2880.0,1
1646841946,0,1,dropped,1043,2880.0,0
1646844826,1,0,recorded,1044,2880.0,1
1646847706,1,0,recorded,1045,2880.0,1
1646850676,0,1,dropped,1046,2970.0,0
1646853466,0,1,dropped,1047,2790.0,0
1646856346,1,0,recorded,1048,2880.0,1
1646859226,1,0,recorded,1049,2880.0,1
1646862106,0,1,dropped,1050,2880.0,0
1646864986,0,1,dropped,1051,2880.0,0
1646867866,1,0,recorded,1052,2880.0,1
1646872186,1,0,recorded,1053,4320.0,1
1646875066,0,1,dropped,1054,2880.0,0
1646878036,1,0,recorded,1055,2970.0,1
1646880826,1,0,recorded,1056,2790.0,1
1646883706,0,1,dropped,1057,2880.0,0
1646886586,0,1,dropped,1058,2880.0,0
1646889466,1,0,recorded,1059,2880.0,1
1646892346,1,0,recorded,1060,2880.0,1
1646895226,0,1,dropped,1061,2880.0,0
1646898106,0,1,dropped,1062,2880.0,0
1646900986,1,0,recorded,1063,2880.0,1
1646903866,1,0,recorded,1064,2880.0,1
1646908186,0,1,dropped,1065,4320.0,0
1646911066,1,0,recorded,1066,2880.0,1
1646913946,1,0,recorded,1067,2880.0,1
1646916826,0,1,dropped,1068,2880.0,0
1646919706,1,0,recorded,1069,2880.0,1
1646922586,1,0,recorded,1070,2880.0,1
1646925466,0,1,dropped,1071,2880.0,0
1646928346,0,1,dropped,1072,2880.0,0
1646931226,1,0,recorded,1073,2880.0,1
1646934106,1,0,recorded,1074,2880.0,1
1646936986,0,1,dropped,1075,2880.0,0
1646939866,1,0,recorded,1076,2880.0,1
1646944186,1,0,recorded,1077,4320.0,1
1646947066,0,1,dropped,1078,2880.0,0
1646949946,0,1,dropped,1079,2880.0,0
1646952916,1,0,recorded,1080,2970.0,1
1646955706,1,0,recorded,1081,2790.0,1
1646958586,0,1,dropped,1082,2880.0,0
1646961466,1,0,recorded,1083,2880.0,1
1646964346,1,0,recorded,1084,2880.0,1
1646967226,0,1,dropped,1085,2880.0,0
1646970106,0,1,dropped,1086,2880.0,0
1646972986,1,0,recorded,1087,2880.0,1
1646975866,1,0,recorded,1088,2880.0,1
1646980186,0,1,dropped,1089,4320.0,0
1646983066,1,0,recorded,1090,2880.0,1
1646986036,1,0,recorded,1091,2970.0,1
1646988826,0,1,dropped,1092,2790.0,0
1646991706,0,1,dropped,1093,2880.0,0
1646994676,1,0,recorded,1094,2970.0,1
1646997556,1,0,recorded,1095,2880.0,1
1647000346,0,1,dropped,1096,2790.0,0
1647003406,0,1,dropped,1097,3060.0,0
1647006196,1,0,recorded,1098,2790.0,1
1647009076,1,0,recorded,1099,2880.0,1
1647011866,0,1,dropped,1100,2790.0,0
1647016186,1,0,recorded,1101,4320.0,1
1647019066,1,0,recorded,1102,2880.0,1
1647021946,0,1,dropped,1103,2880.0,0
1647024826,0,1,dropped,1104,2880.0,0
1647027706,1,0,recorded,1105,2880.0,1
1647030586,1,0,recorded,1106,2880.0,1
1647033466,0,1,dropped,1107,2880.0,0
1647036346,1,0,recorded,1108,2880.0,1
1647039316,1,0,recorded,1109,2970.0,1
1647042196,0,1,dropped,1110,2880.0,0
1647045076,0,1,dropped,1111,2880.0,0
1647047866,1,0,recorded,1112,2790.0,1
1647052186,1,0,recorded,1113,4320.0,1
1647055066,0,1,dropped,1114,2880.0,0
1647057946,1,0,recorded,1115,2880.0,1
1647060826,1,0,recorded,1116,2880.0,1
1647063706,0,1,dropped,1117,2880.0,0
1647066586,0,1,dropped,1118,2880.0,0
1647069466,1,0,recorded,1119,2880.0,1
1647072346,1,0,recorded,1120,2880.0,1
1647075226,0,1,dropped,1121,2880.0,0
1647078286,0,1,dropped,1122,3060.0,0
1647081076,1,0,recorded,1123,2790.0,1
1647083956,1,0,recorded,1124,2880.0,1
1647088186,0,1,dropped,1125,4230.0,0
1647091066,1,0,recorded,1126,2880.0,1
1647093946,1,0,recorded,1127,2880.0,1
1647096826,0,1,dropped,1128,2880.0,0
1647099796,0,1,dropped,1129,2970.0,0
1647102586,1,0,recorded,1130,2790.0,1
1647105466,1,0,recorded,1131,2880.0,1
1647108346,0,1,dropped,1132,2880.0,0
1647111226,1,0,recorded,1133,2880.0,1
1647114106,1,0,recorded,1134,2880.0,1
1647116986,0,1,dropped,1135,2880.0,0
1647119866,1,0,recorded,1136,2880.0,1
1647124186,1,0,recorded,1137,4320.0,1
1647127066,0,1,dropped,1138,2880.0,0
1647129946,0,1,dropped,1139,2880.0,0
1647132916,1,0,recorded,1140,2970.0,1
1647135706,1,0,recorded,1141,2790.0,1
1647138586,0,1,dropped,1142,2880.0,0
1647141466,0,1,dropped,1143,2880.0,0
1647144346,1,0,recorded,1144,2880.0,1
1647147316,1,0,recorded,1145,2970.0,1
1647150106,0,1,dropped,1146,2790.0,0
1647153076,1,0,recorded,1147,2970.0,1
1647156046,1,0,recorded,1148,2970.0,1
1647160276,0,1,dropped,1149,4230.0,0
1647163156,0,1,dropped,1150,2880.0,0
1647165946,1,0,recorded,1151,2790.0,1
1647168916,1,0,recorded,1152,2970.0,1
1647171886,0,1,dropped,1153,2970.0,0
1647174676,1,0,recorded,1154,2790.0,1
1647177556,1,0,recorded,1155,2880.0,1
1647180346,0,1,dropped,1156,2790.0,0
1647183316,0,1,dropped,1157,2970.0,0
1647186106,1,0,recorded,1158,2790.0,1
1647189076,1,0,recorded,1159,2970.0,1
1647191866,0,1,dropped,1160,2790.0,0
1647194746,1,0,recorded,1161,2880.0,1
1647199066,1,0,recorded,1162,4320.0,1
1647201946,0,1,dropped,1163,2880.0,0
1647204826,0,1,dropped,1164,2880.0,0
1647207706,1,0,recorded,1165,2880.0,1
1647210586,1,0,recorded,1166,2880.0,1
1647213466,0,1,dropped,1167,2880.0,0
1647216346,1,0,recorded,1168,2880.0,1
1647219226,1,0,recorded,1169,2880.0,1
1647222106,0,1,dropped,1170,2880.0,0
1647225076,0,1,dropped,1171,2970.0,0
1647227956,1,0,recorded,1172,2880.0,1
1647230746,1,0,recorded,1173,2790.0,1
1647235066,0,1,dropped,1174,4320.0,0
1647237946,1,0,recorded,1175,2880.0,1
1647240916,1,0,recorded,1176,2970.0,1
1647243706,0,1,dropped,1177,2790.0,0
1647246586,0,1,dropped,1178,2880.0,0
1647249466,1,0,recorded,1179,2880.0,1
1647252346,1,0,recorded,1180,2880.0,1
1647255226,0,1,dropped,1181,2880.0,0
1647258106,1,0,recorded,1182,2880.0,1
1647260986,1,0,recorded,1183,2880.0,1
1647263956,0,1,dropped,1184,2970.0,0
1647266836,1,0,recorded,1185,2880.0,1
1647271246,1,0,recorded,1186,4410.0,1
1647274036,0,1,dropped,1187,2790.0,0
1647276916,0,1,dropped,1188,2880.0,0
1647279886,1,0,recorded,1189,2970.0,1
1647282586,1,0,recorded,1190,2700.0,1
1647285466,0,1,dropped,1191,2880.0,0
1647288346,0,1,dropped,1192,2880.0,0
1647291226,1,0,recorded,1193,2880.0,1
1647294106,1,0,recorded,1194,2880.0,1
1647296986,0,1,dropped,1195,2880.0,0
1647299866,1,0,recorded,1196,2880.0,1
1647302746,1,0,recorded,1197,2880.0,1
1647307066,0,1,dropped,1198,4320.0,0
1647309946,1,0,recorded,1199,2880.0,1
1647312826,1,0,recorded,1200,2880.0,1
1647315706,0,1,dropped,1201,2880.0,0
1647318586,0,1,dropped,1202,2880.0,0
1647321466,1,0,recorded,1203,2880.0,1
1647324346,1,0,recorded,1204,2880.0,1
1647327226,0,1,dropped,1205,2880.0,0
1647330106,0,1,dropped,1206,2880.0,0
1647332986,1,0,recorded,1207,2880.0,1
1647335866,1,0,recorded,1208,2880.0,1
1647338746,0,1,dropped,1209,2880.0,0
1647343066,1,0,recorded,1210,4320.0,1
1647345946,1,0,recorded,1211,2880.0,1
1647348826,0,1,dropped,1212,2880.0,0
1647351706,0,1,dropped,1213,2880.0,0
1647354586,1,0,recorded,1214,2880.0,1
1647357466,1,0,recorded,1215,2880.0,1
1647360346,0,1,dropped,1216,2880.0,0
1647363316,0,1,dropped,1217,2970.0,0
1647366106,1,0,recorded,1218,2790.0,1
1647368986,1,0,recorded,1219,2880.0,1
1647371866,0,1,dropped,1220,2880.0,0
1647374746,1,0,recorded,1221,2880.0,1
1647379156,1,0,recorded,1222,4410.0,1
1647381946,0,1,dropped,1223,2790.0,0
1647384826,0,1,dropped,1224,2880.0,0
1647387886,1,0,recorded,1225,3060.0,1
1647390676,1,0,recorded,1226,2790.0,1
1647393556,0,1,dropped,1227,2880.0,0
1647396346,0,1,dropped,1228,2790.0,0
1647399226,1,0,recorded,1229,2880.0,1
1647402106,1,0,recorded,1230,2880.0,1
1647404986,0,1,dropped,1231,2880.0,0
1647407866,1,0,recorded,1232,2880.0,1
1647410746,1,0,recorded,1233,2880.0,1
1647415066,0,1,dropped,1234,4320.0,0
1647417946,1,0,recorded,1235,2880.0,1
1647420916,1,0,recorded,1236,2970.0,1
1647423706,0,1,dropped,1237,2790.0,0
1647426586,0,1,dropped,1238,2880.0,0
1647429466,1,0,recorded,1239,2880.0,1
1647432346,1,0,recorded,1240,2880.0,1
1647435226,0,1,dropped,1241,2880.0,0
1647438106,1,0,recorded,1242,2880.0,1
1647440986,1,0,recorded,1243,2880.0,1
1647443866,0,1,dropped,1244,2880.0,0
1647446746,0,1,dropped,1245,2880.0,0
1647451066,1,0,recorded,1246,4320.0,1
1647453946,1,0,recorded,1247,2880.0,1
1647456826,0,1,dropped,1248,2880.0,0
1647459706,1,0,recorded,1249,2880.0,1
1647462586,1,0,recorded,1250,2880.0,1
1647465466,0,1,dropped,1251,2880.0,0
1647468346,0,1,dropped,1252,2880.0,0
1647471226,1,0,recorded,1253,2880.0,1
1647474106,1,0,recorded,1254,2880.0,1
1647477076,0,1,dropped,1255,2970.0,0
1647479956,0,1,dropped,1256,2880.0,0
1647482746,1,0,recorded,1257,2790.0,1
1647487156,1,0,recorded,1258,4410.0,1
1647489946,0,1,dropped,1259,2790.0,0
1647492826,1,0,recorded,1260,2880.0,1
1647495706,1,0,recorded,1261,2880.0,1
1647498586,0,1,dropped,1262,2880.0,0
1647501466,1,0,recorded,1263,2880.0,1
1647504436,1,0,recorded,1264,2970.0,1
1647507406,0,1,dropped,1265,2970.0,0
1647510286,0,1,dropped,1266,2880.0,0
1647512986,0,1,dropped,1267,2700.0,0
1647515866,1,0,recorded,1268,2880.0,1
1647518746,1,0,recorded,1269,2880.0,1
1647523066,0,1,dropped,1270,4320.0,0
1647525946,1,0,recorded,1271,2880.0,1
1647528916,1,0,recorded,1272,2970.0,1
1647531706,0,1,dropped,1273,2790.0,0
1647534586,1,0,recorded,1274,2880.0,1
1647537466,1,0,recorded,1275,2880.0,1
1647540346,0,1,dropped,1276,2880.0,0
1647543226,0,1,dropped,1277,2880.0,0
1647546106,1,0,recorded,1278,2880.0,1
1647548986,1,0,recorded,1279,2880.0,1
1647551866,0,1,dropped,1280,2880.0,0
1647554746,0,1,dropped,1281,2880.0,0
1647559066,1,0,recorded,1282,4320.0,1
1647561946,1,0,recorded,1283,2880.0,1
1647564826,0,1,dropped,1284,2880.0,0
1647567706,1,0,recorded,1285,2880.0,1
1647570586,1,0,recorded,1286,2880.0,1
1647573556,0,1,dropped,1287,2970.0,0
1647576436,0,1,dropped,1288,2880.0,0
1647579226,1,0,recorded,1289,2790.0,1
1647582106,1,0,recorded,1290,2880.0,1
1647584986,0,1,dropped,1291,2880.0,0
1647587866,1,0,recorded,1292,2880.0,1
1647590746,1,0,recorded,1293,2880.0,1
1647595066,0,1,dropped,1294,4320.0,0
1647597946,0,1,dropped,1295,2880.0,0
1647600916,1,0,recorded,1296,2970.0,1
1647603706,1,0,recorded,1297,2790.0,1
1647606586,0,1,dropped,1298,2880.0,0
1647609466,0,1,dropped,1299,2880.0,0
1647612346,1,0,recorded,1300,2880.0,1
1647615226,1,0,recorded,1301,2880.0,1
1647618286,0,1,dropped,1302,3060.0,0
1647621166,1,0,recorded,1303,2880.0,1
1647623866,1,0,recorded,1304,2700.0,1
1647626836,0,1,dropped,1305,2970.0,0
1647631066,1,0,recorded,1306,4230.0,1
1647633946,1,0,recorded,1307,2880.0,1
1647636826,0,1,dropped,1308,2880.0,0
1647639706,0,1,dropped,1309,2880.0,0
1647642586,1,0,recorded,1310,2880.0,1
1647645466,1,0,recorded,1311,2880.0,1
1647648346,0,1,dropped,1312,2880.0,0
1647651316,1,0,recorded,1313,2970.0,1
1647654196,1,0,recorded,1314,2880.0,1
1647656986,0,1,dropped,1315,2790.0,0
1647659866,0,1,dropped,1316,2880.0,0
1647662746,1,0,recorded,1317,2880.0,1
1647667156,1,0,recorded,1318,4410.0,1
1647669946,0,1,dropped,1319,2790.0,0
1647672826,1,0,recorded,1320,2880.0,1
1647675706,1,0,recorded,1321,2880.0,1
1647678586,0,1,dropped,1322,2880.0,0
1647681466,0,1,dropped,1323,2880.0,0
1647684346,1,0,recorded,1324,2880.0,1
1647687226,1,0,recorded,1325,2880.0,1
1647690106,0,1,dropped,1326,2880.0,0
1647692986,1,0,recorded,1327,2880.0,1
1647695866,1,0,recorded,1328,2880.0,1
1647698836,0,1,dropped,1329,2970.0,0
1647703066,0,1,dropped,1330,4230.0,0
1647705946,1,0,recorded,1331,2880.0,1
1647708826,1,0,recorded,1332,2880.0,1
1647711796,0,1,dropped,1333,2970.0,0
1647714586,1,0,recorded,1334,2790.0,1
1647717466,1,0,recorded,1335,2880.0,1
1647720346,0,1,dropped,1336,2880.0,0
1647723226,0,1,dropped,1337,2880.0,0
1647726106,1,0,recorded,1338,2880.0,1
1647728986,1,0,recorded,1339,2880.0,1
1647731866,0,1,dropped,1340,2880.0,0
1647734836,1,0,recorded,1341,2970.0,1
1647737716,1,0,recorded,1342,2880.0,1
1647742036,0,1,dropped,1343,4320.0,0
1647744916,0,1,dropped,1344,2880.0,0
1647747706,1,0,recorded,1345,2790.0,1
1647750586,1,0,recorded,1346,2880.0,1
1647753466,0,1,dropped,1347,2880.0,0
1647756346,1,0,recorded,1348,2880.0,1
1647759316,1,0,recorded,1349,2970.0,1
1647762106,0,1,dropped,1350,2790.0,0
1647764986,0,1,dropped,1351,2880.0,0
1647767866,1,0,recorded,1352,2880.0,1
1647770836,1,0,recorded,1353,2970.0,1
1647773626,0,1,dropped,1354,2790.0,0
1647777946,1,0,recorded,1355,4320.0,1
1647780826,1,0,recorded,1356,2880.0,1
1647783706,0,1,dropped,1357,2880.0,0
1647786586,0,1,dropped,1358,2880.0,0
1647789466,1,0,recorded,1359,2880.0,1
1647792346,1,0,recorded,1360,2880.0,1
1647795226,0,1,dropped,1361,2880.0,0
1647798196,0,1,dropped,1362,2970.0,0
1647800986,1,0,recorded,1363,2790.0,1
1647803866,1,0,recorded,1364,2880.0,1
1647806746,0,1,dropped,1365,2880.0,0
1647809626,1,0,recorded,1366,2880.0,1
1647813946,1,0,recorded,1367,4320.0,1
1647816826,0,1,dropped,1368,2880.0,0
1647819706,1,0,recorded,1369,2880.0,1
1647822586,1,0,recorded,1370,2880.0,1
1647825466,0,1,dropped,1371,2880.0,0
1647828346,0,1,dropped,1372,2880.0,0
1647831226,1,0,recorded,1373,2880.0,1
1647834106,1,0,recorded,1374,2880.0,1
1647836986,0,1,dropped,1375,2880.0,0
1647839866,0,1,dropped,1376,2880.0,0
1647842836,1,0,recorded,1377,2970.0,1
1647845716,1,0,recorded,1378,2880.0,1
1647849946,0,1,dropped,1379,4230.0,0
1647852826,1,0,recorded,1380,2880.0,1
1647855706,1,0,recorded,1381,2880.0,1
1647858586,0,1,dropped,1382,2880.0,0
1647861466,1,0,recorded,1383,2880.0,1
1647864526,1,0,recorded,1384,3060.0,1
1647867316,0,1,dropped,1385,2790.0,0
1647870196,0,1,dropped,1386,2880.0,0
1647873166,1,0,recorded,1387,2970.0,1
1647875866,1,0,recorded,1388,2700.0,1
1647878746,0,1,dropped,1389,2880.0,0
1647881626,1,0,recorded,1390,2880.0,1
1647885946,1,0,recorded,1391,4320.0,1
1647888826,0,1,dropped,1392,2880.0,0
1647891706,0,1,dropped,1393,2880.0,0
1647894586,1,0,recorded,1394,2880.0,1
1647897556,1,0,recorded,1395,2970.0,1
1647900346,0,1,dropped,1396,2790.0,0
1647903226,1,0,recorded,1397,2880.0,1
1647906106,1,0,recorded,1398,2880.0,1
1647908986,0,1,dropped,1399,2880.0,0
1647911866,0,1,dropped,1400,2880.0,0
1647914836,1,0,recorded,1401,2970.0,1
1647917626,1,0,recorded,1402,2790.0,1
1647921946,0,1,dropped,1403,4320.0,0
1647924826,1,0,recorded,1404,2880.0,1
1647927706,1,0,recorded,1405,2880.0,1
1647930586,0,1,dropped,1406,2880.0,0
1647933466,0,1,dropped,1407,2880.0,0
1647936346,1,0,recorded,1408,2880.0,1
1647939226,1,0,recorded,1409,2880.0,1
1647942106,0,1,dropped,1410,2880.0,0
1647945076,1,0,recorded,1411,2970.0,1
1647948046,1,0,recorded,1412,2970.0,1
1647950926,0,1,dropped,1413,2880.0,0
1647953806,0,1,dropped,1414,2880.0,0
1647957946,1,0,recorded,1415,4140.0,1
1647960916,1,0,recorded,1416,2970.0,1
1647963796,0,1,dropped,1417,2880.0,0
1647966586,1,0,recorded,1418,2790.0,1
1647969466,1,0,recorded,1419,2880.0,1
1647972346,0,1,dropped,1420,2880.0,0
1647975226,0,1,dropped,1421,2880.0,0
1647978106,1,0,recorded,1422,2880.0,1
1647980986,1,0,recorded,1423,2880.0,1
1647983866,0,1,dropped,1424,2880.0,0
1647986746,1,0,recorded,1425,2880.0,1
1647989716,1,0,recorded,1426,2970.0,1
1647993946,0,1,dropped,1427,4230.0,0
1647996826,1,0,recorded,1428,2880.0,1
1647999706,1,0,recorded,1429,2880.0,1
1648002586,0,1,dropped,1430,2880.0,0
1648005466,0,1,dropped,1431,2880.0,0
1648008346,1,0,recorded,1432,2880.0,1
1648011316,1,0,recorded,1433,2970.0,1
1648014106,0,1,dropped,1434,2790.0,0
1648016986,0,1,dropped,1435,2880.0,0
1648019866,1,0,recorded,1436,2880.0,1
1648022746,1,0,recorded,1437,2880.0,1
1648025806,0,1,dropped,1438,3060.0,0
1648030126,1,0,recorded,1439,4320.0,1
1648032916,1,0,recorded,1440,2790.0,1
1648035706,0,1,dropped,1441,2790.0,0
1648038586,1,0,recorded,1442,2880.0,1
1648041466,1,0,recorded,1443,2880.0,1
1648044346,0,1,dropped,1444,2880.0,0
1648047226,0,1,dropped,1445,2880.0,0
1648050106,1,0,recorded,1446,2880.0,1
1648052986,1,0,recorded,1447,2880.0,1
1648055866,0,1,dropped,1448,2880.0,0
1648058746,1,0,recorded,1449,2880.0,1
1648061626,1,0,recorded,1450,2880.0,1
1648064506,0,1,dropped,1451,2880.0,0
1648068826,0,1,dropped,1452,4320.0,0
1648071706,1,0,recorded,1453,2880.0,1
1648074586,1,0,recorded,1454,2880.0,1
1648077466,0,1,dropped,1455,2880.0,0
1648080346,1,0,recorded,1456,2880.0,1
1648083226,1,0,recorded,1457,2880.0,1
1648086106,0,1,dropped,1458,2880.0,0
1648088986,0,1,dropped,1459,2880.0,0
1648091866,1,0,recorded,1460,2880.0,1
1648094746,1,0,recorded,1461,2880.0,1
1648097626,0,1,dropped,1462,2880.0,0
1648101946,1,0,recorded,1463,4320.0,1
1648104826,1,0,recorded,1464,2880.0,1
1648107706,0,1,dropped,1465,2880.0,0
1648110676,0,1,dropped,1466,2970.0,0
1648113646,1,0,recorded,1467,2970.0,1
1648116436,1,0,recorded,1468,2790.0,1
1648119316,0,1,dropped,1469,2880.0,0
1648122106,1,0,recorded,1470,2790.0,1
1648124986,1,0,recorded,1471,2880.0,1
1648127866,0,1,dropped,1472,2880.0,0
1648130746,0,1,dropped,1473,2880.0,0
1648133626,1,0,recorded,1474,2880.0,1
1648137946,1,0,recorded,1475,4320.0,1
1648140826,0,1,dropped,1476,2880.0,0
1648143706,1,0,recorded,1477,2880.0,1
1648146586,1,0,recorded,1478,2880.0,1
1648149466,0,1,dropped,1479,2880.0,0
1648152346,0,1,dropped,1480,2880.0,0
1648155226,1,0,recorded,1481,2880.0,1
1648158106,1,0,recorded,1482,2880.0,1
1648160986,0,1,dropped,1483,2880.0,0
1648163866,0,1,dropped,1484,2880.0,0
1648166746,1,0,recorded,1485,2880.0,1
1648169716,1,0,recorded,1486,2970.0,1
1648172506,1,0,recorded,1487,2790.0,1
1648176826,1,0,recorded,1488,4320.0,1
1648179706,0,1,dropped,1489,2880.0,0
1648182586,0,1,dropped,1490,2880.0,0
1648185466,1,0,recorded,1491,2880.0,1
1648188346,1,0,recorded,1492,2880.0,1
1648191226,0,1,dropped,1493,2880.0,0
1648194196,0,1,dropped,1494,2970.0,0
1648197076,1,0,recorded,1495,2880.0,1
1648199956,1,0,recorded,1496,2880.0,1
1648202836,0,1,dropped,1497,2880.0,0
1648205626,0,1,dropped,1498,2790.0,0
1648208596,1,0,recorded,1499,2970.0,1
1648212826,1,0,recorded,1500,4230.0,1
1648215706,1,0,recorded,1501,2880.0,1
1648218586,1,0,recorded,1502,2880.0,1
1648221466,0,1,dropped,1503,2880.0,0
1648224346,0,1,dropped,1504,2880.0,0
1648227226,1,0,recorded,1505,2880.0,1
1648230106,1,0,recorded,1506,2880.0,1
1648232986,0,1,dropped,1507,2880.0,0
1648235866,0,1,dropped,1508,2880.0,0
1648238746,1,0,recorded,1509,2880.0,1
1648241626,1,0,recorded,1510,2880.0,1
1648244506,0,1,dropped,1511,2880.0,0
1648248826,1,0,recorded,1512,4320.0,1
1648251706,1,0,recorded,1513,2880.0,1
1648254586,0,1,dropped,1514,2880.0,0
1648257466,1,0,recorded,1515,2880.0,1
1648260346,1,0,recorded,1516,2880.0,1
1648263226,0,1,dropped,1517,2880.0,0
1648266196,0,1,dropped,1518,2970.0,0
1648269076,1,0,recorded,1519,2880.0,1
1648271956,1,0,recorded,1520,2880.0,1
1648274836,0,1,dropped,1521,2880.0,0
1648277806,0,1,dropped,1522,2970.0,0
1648280596,1,0,recorded,1523,2790.0,1
1648284826,1,0,recorded,1524,4230.0,1
1648287706,0,1,dropped,1525,2880.0,0
1648290586,1,0,recorded,1526,2880.0,1
1648293556,1,0,recorded,1527,2970.0,1
1648296346,0,1,dropped,1528,2790.0,0
1648299226,1,0,recorded,1529,2880.0,1
1648302196,1,0,recorded,1530,2970.0,1
1648304986,0,1,dropped,1531,2790.0,0
1648307866,0,1,dropped,1532,2880.0,0
1648310836,1,0,recorded,1533,2970.0,1
1648313626,1,0,recorded,1534,2790.0,1
1648316506,0,1,dropped,1535,2880.0,0
1648320826,1,0,recorded,1536,4320.0,1
1648323706,1,0,recorded,1537,2880.0,1
1648326586,0,1,dropped,1538,2880.0,0
1648329466,0,1,dropped,1539,2880.0,0
1648332346,1,0,recorded,1540,2880.0,1
1648335226,1,0,recorded,1541,2880.0,1
1648338106,0,1,dropped,1542,2880.0,0
1648340986,1,0,recorded,1543,2880.0,1
1648343866,1,0,recorded,1544,2880.0,1
1648346926,0,1,dropped,1545,3060.0,0
1648349806,0,1,dropped,1546,2880.0,0
1648352596,1,0,recorded,1547,2790.0,1
1648356826,1,0,recorded,1548,4230.0,1
1648359706,0,1,dropped,1549,2880.0,0
1648362586,1,0,recorded,1550,2880.0,1
1648365466,1,0,recorded,1551,2880.0,1
1648368346,0,1,dropped,1552,2880.0,0
1648371226,0,1,dropped,1553,2880.0,0
1648374106,1,0,recorded,1554,2880.0,1
1648376986,1,0,recorded,1555,2880.0,1
1648379866,0,1,dropped,1556,2880.0,0
1648382746,1,0,recorded,1557,2880.0,1
1648385626,1,0,recorded,1558,2880.0,1
1648388596,0,1,dropped,1559,2970.0,0
1648392826,0,1,dropped,1560,4230.0,0
1648395706,1,0,recorded,1561,2880.0,1
1648398586,1,0,recorded,1562,2880.0,1
1648401466,0,1,dropped,1563,2880.0,0
1648404346,1,0,recorded,1564,2880.0,1
1648407226,1,0,recorded,1565,2880.0,1
1648410106,0,1,dropped,1566,2880.0,0
1648412986,0,1,dropped,1567,2880.0,0
1648415866,1,0,recorded,1568,2880.0,1
1648418746,1,0,recorded,1569,2880.0,1
1648421716,0,1,dropped,1570,2970.0,0
1648424686,1,0,recorded,1571,2970.0,1
1648428826,1,0,recorded,1572,4140.0,1
1648431886,0,1,dropped,1573,3060.0,0
1648434586,0,1,dropped,1574,2700.0,0
1648437466,1,0,recorded,1575,2880.0,1
1648440346,1,0,recorded,1576,2880.0,1
1648443226,0,1,dropped,1577,2880.0,0
1648446196,0,1,dropped,1578,2970.0,0
1648449076,1,0,recorded,1579,2880.0,1
1648451866,1,0,recorded,1580,2790.0,1
1648454746,0,1,dropped,1581,2880.0,0
1648457626,0,1,dropped,1582,2880.0,0
1648460506,1,0,recorded,1583,2880.0,1
1648464826,1,0,recorded,1584,4320.0,1
1648467706,0,1,dropped,1585,2880.0,0
1648470586,1,0,recorded,1586,2880.0,1
1648473466,1,0,recorded,1587,2880.0,1
1648476346,0,1,dropped,1588,2880.0,0
1648479316,0,1,dropped,1589,2970.0,0
1648482106,1,0,recorded,1590,2790.0,1
1648484986,1,0,recorded,1591,2880.0,1
1648487956,0,1,dropped,1592,2970.0,0
1648490836,1,0,recorded,1593,2880.0,1
1648493716,1,0,recorded,1594,2880.0,1
1648496686,0,1,dropped,1595,2970.0,0
1648501006,1,0,recorded,1596,4320.0,1
1648503886,1,0,recorded,1597,2880.0,1
1648506586,0,1,dropped,1598,2700.0,0
1648509466,0,1,dropped,1599,2880.0,0
1648512346,1,0,recorded,1600,2880.0,1
1648515226,1,0,recorded,1601,2880.0,1
1648518106,0,1,dropped,1602,2880.0,0
1648520986,0,1,dropped,1603,2880.0,0
1648523866,1,0,recorded,1604,2880.0,1
1648526746,1,0,recorded,1605,2880.0,1
1648529716,0,1,dropped,1606,2970.0,0
1648532506,1,0,recorded,1607,2790.0,1
1648536826,1,0,recorded,1608,4320.0,1
1648539706,0,1,dropped,1609,2880.0,0
1648542586,1,0,recorded,1610,2880.0,1
1648545466,1,0,recorded,1611,2880.0,1
1648548346,0,1,dropped,1612,2880.0,0
1648551226,0,1,dropped,1613,2880.0,0
1648554196,1,0,recorded,1614,2970.0,1
1648556986,1,0,recorded,1615,2790.0,1
1648559866,0,1,dropped,1616,2880.0,0
1648562836,0,1,dropped,1617,2970.0,0
1648565716,1,0,recorded,1618,2880.0,1
1648568596,1,0,recorded,1619,2880.0,1
1648571386,0,1,dropped,1620,2790.0,0
1648575886,1,0,recorded,1621,4500.0,1
1648578676,1,0,recorded,1622,2790.0,1
1648581466,0,1,dropped,1623,2790.0,0
1648584346,0,1,dropped,1624,2880.0,0
1648587226,1,0,recorded,1625,2880.0,1
1648590196,1,0,recorded,1626,2970.0,1
1648592986,0,1,dropped,1627,2790.0,0
1648595866,1,0,recorded,1628,2880.0,1
1648598746,1,0,recorded,1629,2880.0,1
1648601626,0,1,dropped,1630,2880.0,0
1648604506,0,1,dropped,1631,2880.0,0
1648607386,1,0,recorded,1632,2880.0,1
1648611706,1,0,recorded,1633,4320.0,1
1648614586,0,1,dropped,1634,2880.0,0
1648617466,1,0,recorded,1635,2880.0,1
1648620346,1,0,recorded,1636,2880.0,1
1648623226,0,1,dropped,1637,2880.0,0
1648626196,0,1,dropped,1638,2970.0,0
1648628986,1,0,recorded,1639,2790.0,1
1648631866,1,0,recorded,1640,2880.0,1
1648634836,0,1,dropped,1641,2970.0,0
1648637626,1,0,recorded,1642,2790.0,1
1648640506,1,0,recorded,1643,2880.0,1
1648643386,0,1,dropped,1644,2880.0,0
1648647886,1,0,recorded,1645,4500.0,1
1648650676,1,0,recorded,1646,2790.0,1
1648653646,0,1,dropped,1647,2970.0,0
1648656436,0,1,dropped,1648,2790.0,0
1648659226,1,0,recorded,1649,2790.0,1
1648662196,1,0,recorded,1650,2970.0,1
1648664986,0,1,dropped,1651,2790.0,0
1648667956,1,0,recorded,1652,2970.0,1
1648670746,1,0,recorded,1653,2790.0,1
1648673626,0,1,dropped,1654,2880.0,0
1648676506,0,1,dropped,1655,2880.0,0
1648679476,1,0,recorded,1656,2970.0,1
1648683706,1,0,recorded,1657,4230.0,1
1648686586,0,1,dropped,1658,2880.0,0
1648689466,1,0,recorded,1659,2880.0,1
1648692346,1,0,recorded,1660,2880.0,1
1648695226,0,1,dropped,1661,2880.0,0
1648698196,0,1,dropped,1662,2970.0,0
1648700986,1,0,recorded,1663,2790.0,1
1648703866,1,0,recorded,1664,2880.0,1
1648706746,0,1,dropped,1665,2880.0,0
1648709716,1,0,recorded,1666,2970.0,1
1648712596,1,0,recorded,1667,2880.0,1
1648715386,0,1,dropped,1668,2790.0,0
1648719886,1,0,recorded,1669,4500.0,1
1648722766,1,0,recorded,1670,2880.0,1
1648725556,0,1,dropped,1671,2790.0,0
1648728346,0,1,dropped,1672,2790.0,0
1648731226,0,1,dropped,1673,2880.0,0
1648734106,1,0,recorded,1674,2880.0,1
1648736986,1,0,recorded,1675,2880.0,1
1648739956,0,1,dropped,1676,2970.0,0
1648742746,1,0,recorded,1677,2790.0,1
1648745626,1,0,recorded,1678,2880.0,1
1648748506,0,1,dropped,1679,2880.0,0
1648751386,1,0,recorded,1680,2880.0,1
1648755706,1,0,recorded,1681,4320.0,1
1648758586,0,1,dropped,1682,2880.0,0
1648761466,0,1,dropped,1683,2880.0,0
1648764346,1,0,recorded,1684,2880.0,1
1648767226,1,0,recorded,1685,2880.0,1
1648770196,0,1,dropped,1686,2970.0,0
1648772986,0,1,dropped,1687,2790.0,0
1648775866,1,0,recorded,1688,2880.0,1
1648778746,1,0,recorded,1689,2880.0,1
1648781626,0,1,dropped,1690,2880.0,0
1648784596,0,1,dropped,1691,2970.0,0
1648787476,1,0,recorded,1692,2880.0,1
1648791796,1,0,recorded,1693,4320.0,1
1648794676,0,1,dropped,1694,2880.0,0
1648797646,1,0,recorded,1695,2970.0,1
1648800436,1,0,recorded,1696,2790.0,1
1648803226,0,1,dropped,1697,2790.0,0
1648806106,0,1,dropped,1698,2880.0,0
1648808986,1,0,recorded,1699,2880.0,1
1648811866,1,0,recorded,1700,2880.0,1
1648814746,0,1,dropped,1701,2880.0,0
1648817626,1,0,recorded,1702,2880.0,1
1648820506,1,0,recorded,1703,2880.0,1
1648823386,0,1,dropped,1704,2880.0,0
1648827706,1,0,recorded,1705,4320.0,1
1648830586,1,0,recorded,1706,2880.0,1
1648833466,0,1,dropped,1707,2880.0,0
1648836346,0,1,dropped,1708,2880.0,0
1648839316,1,0,recorded,1709,2970.0,1
1648842106,1,0,recorded,1710,2790.0,1
1648844986,0,1,dropped,1711,2880.0,0
1648847866,0,1,dropped,1712,2880.0,0
1648850746,1,0,recorded,1713,2880.0,1
1648853626,1,0,recorded,1714,2880.0,1
1648856506,0,1,dropped,1715,2880.0,0
1648859386,1,0,recorded,1716,2880.0,1
1648863706,1,0,recorded,1717,4320.0,1
1648866586,0,1,dropped,1718,2880.0,0
1648869466,1,0,recorded,1719,2880.0,1
1648872346,1,0,recorded,1720,2880.0,1
1648875316,0,1,dropped,1721,2970.0,0
1648878286,0,1,dropped,1722,2970.0,0
1648881166,1,0,recorded,1723,2880.0,1
1648883866,1,0,recorded,1724,2700.0,1
1648886746,0,1,dropped,1725,2880.0,0
1648889626,0,1,dropped,1726,2880.0,0
1648892506,1,0,recorded,1727,2880.0,1
1648895386,1,0,recorded,1728,2880.0,1
1648899706,0,1,dropped,1729,4320.0,0
1648902586,1,0,recorded,1730,2880.0,1
1648905466,1,0,recorded,1731,2880.0,1
1648908346,0,1,dropped,1732,2880.0,0
1648911226,0,1,dropped,1733,2880.0,0
1648914106,1,0,recorded,1734,2880.0,1
1648916986,1,0,recorded,1735,2880.0,1
1648919866,0,1,dropped,1736,2880.0,0
1648922746,1,0,recorded,1737,2880.0,1
1648925626,1,0,recorded,1738,2880.0,1
1648928506,0,1,dropped,1739,2880.0,0
1648931386,1,0,recorded,1740,2880.0,1
1648935706,1,0,recorded,1741,4320.0,1
1648938586,0,1,dropped,1742,2880.0,0
1648941466,0,1,dropped,1743,2880.0,0
1648944346,1,0,recorded,1744,2880.0,1
1648947226,1,0,recorded,1745,2880.0,1
1648950376,0,1,dropped,1746,3150.0,0
1648953166,1,0,recorded,1747,2790.0,1
1648955956,1,0,recorded,1748,2790.0,1
1648958836,0,1,dropped,1749,2880.0,0
1648961626,0,1,dropped,1750,2790.0,0
1648964506,0,1,dropped,1751,2880.0,0
1648967386,1,0,recorded,1752,2880.0,1
1648971796,1,0,recorded,1753,4410.0,1
1648974586,0,1,dropped,1754,2790.0,0
1648977466,1,0,recorded,1755,2880.0,1
1648980346,1,0,recorded,1756,2880.0,1
1648983226,0,1,dropped,1757,2880.0,0
1648986106,1,0,recorded,1758,2880.0,1
1648988986,1,0,recorded,1759,2880.0,1
1648991866,0,1,dropped,1760,2880.0,0
1648994746,0,1,dropped,1761,2880.0,0
1648997626,1,0,recorded,1762,2880.0,1
1649000506,1,0,recorded,1763,2880.0,1
1649003476,0,1,dropped,1764,2970.0,0
1649006266,1,0,recorded,1765,2790.0,1
1649010586,1,0,recorded,1766,4320.0,1
1649013466,0,1,dropped,1767,2880.0,0
1649016346,0,1,dropped,1768,2880.0,0
1649019316,1,0,recorded,1769,2970.0,1
1649022106,1,0,recorded,1770,2790.0,1
1649025076,0,1,dropped,1771,2970.0,0
1649027956,0,1,dropped,1772,2880.0,0
1649030836,1,0,recorded,1773,2880.0,1
1649033716,1,0,recorded,1774,2880.0,1
1649036596,0,1,dropped,1775,2880.0,0
1649039386,0,1,dropped,1776,2790.0,0
1649042266,1,0,recorded,1777,2880.0,1
1649046586,1,0,recorded,1778,4320.0,1
1649049466,0,1,dropped,1779,2880.0,0
1649052346,1,0,recorded,1780,2880.0,1
1649055226,1,0,recorded,1781,2880.0,1
1649058106,0,1,dropped,1782,2880.0,0
1649060986,1,0,recorded,1783,2880.0,1
1649063866,1,0,recorded,1784,2880.0,1
1649066746,0,1,dropped,1785,2880.0,0
1649069626,0,1,dropped,1786,2880.0,0
1649072506,1,0,recorded,1787,2880.0,1
1649075386,1,0,recorded,1788,2880.0,1
1649079706,0,1,dropped,1789,4320.0,0
1649082586,1,0,recorded,1790,2880.0,1
1649085466,1,0,recorded,1791,2880.0,1
1649088346,0,1,dropped,1792,2880.0,0
1649091226,0,1,dropped,1793,2880.0,0
1649094106,1,0,recorded,1794,2880.0,1
1649096986,1,0,recorded,1795,2880.0,1
1649099866,0,1,dropped,1796,2880.0,0
1649102746,0,1,dropped,1797,2880.0,0
1649105626,1,0,recorded,1798,2880.0,1
1649108686,1,0,recorded,1799,3060.0,1
1649111386,0,1,dropped,1800,2700.0,0
1649114356,1,0,recorded,1801,2970.0,1
1649118586,1,0,recorded,1802,4230.0,1
1649121466,0,1,dropped,1803,2880.0,0
1649124346,0,1,dropped,1804,2880.0,0
1649127226,1,0,recorded,1805,2880.0,1
1649130106,1,0,recorded,1806,2880.0,1
1649132986,0,1,dropped,1807,2880.0,0
1649135866,0,1,dropped,1808,2880.0,0
1649138836,1,0,recorded,1809,2970.0,1
1649141626,1,0,recorded,1810,2790.0,1
1649144506,0,1,dropped,1811,2880.0,0
1649147386,1,0,recorded,1812,2880.0,1
1649150266,1,0,recorded,1813,2880.0,1
1649154586,0,1,dropped,1814,4320.0,0
1649157466,1,0,recorded,1815,2880.0,1
1649160346,1,0,recorded,1816,2880.0,1
1649163226,0,1,dropped,1817,2880.0,0
1649166106,0,1,dropped,1818,2880.0,0
1649168986,1,0,recorded,1819,2880.0,1
1649171866,1,0,recorded,1820,2880.0,1
1649174746,0,1,dropped,1821,2880.0,0
1649177626,0,1,dropped,1822,2880.0,0
1649180686,1,0,recorded,1823,3060.0,1
1649183566,1,0,recorded,1824,2880.0,1
1649186446,0,1,dropped,1825,2880.0,0
1649190586,1,0,recorded,1826,4140.0,1
1649193466,1,0,recorded,1827,2880.0,1
1649196346,0,1,dropped,1828,2880.0,0
1649199226,0,1,dropped,1829,2880.0,0
1649202106,1,0,recorded,1830,2880.0,1
1649204986,1,0,recorded,1831,2880.0,1
1649207866,0,1,dropped,1832,2880.0,0
1649210746,1,0,recorded,1833,2880.0,1
1649213626,1,0,recorded,1834,2880.0,1
1649216506,0,1,dropped,1835,2880.0,0
1649219386,0,1,dropped,1836,2880.0,0
1649222266,1,0,recorded,1837,2880.0,1
1649226586,1,0,recorded,1838,4320.0,1
1649229466,0,1,dropped,1839,2880.0,0
1649232346,1,0,recorded,1840,2880.0,1
1649235316,1,0,recorded,1841,2970.0,1
1649238106,0,1,dropped,1842,2790.0,0
1649240986,0,1,dropped,1843,2880.0,0
1649243866,1,0,recorded,1844,2880.0,1
1649246746,1,0,recorded,1845,2880.0,1
1649249626,0,1,dropped,1846,2880.0,0
1649252596,0,1,dropped,1847,2970.0,0
1649255476,1,0,recorded,1848,2880.0,1
1649258266,1,0,recorded,1849,2790.0,1
1649262586,0,1,dropped,1850,4320.0,0
1649265466,1,0,recorded,1851,2880.0,1
1649268346,1,0,recorded,1852,2880.0,1
1649271226,0,1,dropped,1853,2880.0,0
1649274106,0,1,dropped,1854,2880.0,0
1649276986,1,0,recorded,1855,2880.0,1
1649279866,1,0,recorded,1856,2880.0,1
1649282746,0,1,dropped,1857,2880.0,0
1649285626,0,1,dropped,1858,2880.0,0
1649288506,1,0,recorded,1859,2880.0,1
1649291386,1,0,recorded,1860,2880.0,1
1649294266,0,1,dropped,1861,2880.0,0
1649298586,1,0,recorded,1862,4320.0,1
1649301466,1,0,recorded,1863,2880.0,1
1649304346,0,1,dropped,1864,2880.0,0
1649307226,1,0,recorded,1865,2880.0,1
1649310106,1,0,recorded,1866,2880.0,1
1649312986,0,1,dropped,1867,2880.0,0
1649315866,0,1,dropped,1868,2880.0,0
1649318746,1,0,recorded,1869,2880.0,1
1649321626,1,0,recorded,1870,2880.0,1
1649324506,0,1,dropped,1871,2880.0,0
1649327476,0,1,dropped,1872,2970.0,0
1649330356,1,0,recorded,1873,2880.0,1
1649333326,1,0,recorded,1874,2970.0,1
1649337466,0,1,dropped,1875,4140.0,0
1649340346,1,0,recorded,1876,2880.0,1
1649343226,1,0,recorded,1877,2880.0,1
1649346106,0,1,dropped,1878,2880.0,0
1649348986,1,0,recorded,1879,2880.0,1
1649351866,1,0,recorded,1880,2880.0,1
1649354746,0,1,dropped,1881,2880.0,0
1649357716,0,1,dropped,1882,2970.0,0
1649360506,1,0,recorded,1883,2790.0,1
1649363386,1,0,recorded,1884,2880.0,1
1649366266,0,1,dropped,1885,2880.0,0
1649369146,1,0,recorded,1886,2880.0,1
1649373466,1,0,recorded,1887,4320.0,1
1649376346,0,1,dropped,1888,2880.0,0
1649379226,0,1,dropped,1889,2880.0,0
1649382106,1,0,recorded,1890,2880.0,1
1649385076,1,0,recorded,1891,2970.0,1
1649387956,0,1,dropped,1892,2880.0,0
1649390836,0,1,dropped,1893,2880.0,0
1649393626,1,0,recorded,1894,2790.0,1
1649396596,1,0,recorded,1895,2970.0,1
1649399386,0,1,dropped,1896,2790.0,0
1649402266,1,0,recorded,1897,2880.0,1
1649405146,1,0,recorded,1898,2880.0,1
1649409466,0,1,dropped,1899,4320.0,0
1649412346,1,0,recorded,1900,2880.0,1
1649415226,1,0,recorded,1901,2880.0,1
1649418106,0,1,dropped,1902,2880.0,0
1649420986,0,1,dropped,1903,2880.0,0
1649423866,1,0,recorded,1904,2880.0,1
1649426746,1,0,recorded,1905,2880.0,1
1649429626,0,1,dropped,1906,2880.0,0
1649432506,0,1,dropped,1907,2880.0,0
1649435386,1,0,recorded,1908,2880.0,1
1649438266,1,0,recorded,1909,2880.0,1
1649441236,0,1,dropped,1910,2970.0,0
1649445646,1,0,recorded,1911,4410.0,1
1649448436,1,0,recorded,1912,2790.0,1
1649451226,0,1,dropped,1913,2790.0,0
1649454106,1,0,recorded,1914,2880.0,1
1649456986,1,0,recorded,1915,2880.0,1
1649459866,0,1,dropped,1916,2880.0,0
1649462746,0,1,dropped,1917,2880.0,0
1649465626,1,0,recorded,1918,2880.0,1
1649468596,1,0,recorded,1919,2970.0,1
1649471386,0,1,dropped,1920,2790.0,0
1649474266,0,1,dropped,1921,2880.0,0
1649477146,1,0,recorded,1922,2880.0,1
1649481466,1,0,recorded,1923,4320.0,1
1649484346,0,1,dropped,1924,2880.0,0
1649487316,1,0,recorded,1925,2970.0,1
1649490106,1,0,recorded,1926,2790.0,1
1649492986,0,1,dropped,1927,2880.0,0
1649495866,0,1,dropped,1928,2880.0,0
1649498746,1,0,recorded,1929,2880.0,1
1649501626,1,0,recorded,1930,2880.0,1
1649504596,0,1,dropped,1931,2970.0,0
1649507566,1,0,recorded,1932,2970.0,1
1649510356,1,0,recorded,1933,2790.0,1
1649513146,0,1,dropped,1934,2790.0,0
1649517466,1,0,recorded,1935,4320.0,1
1649520346,1,0,recorded,1936,2880.0,1
1649523226,0,1,dropped,1937,2880.0,0
1649526106,0,1,dropped,1938,2880.0,0
1649528986,1,0,recorded,1939,2880.0,1
1649531866,1,0,recorded,1940,2880.0,1
1649534746,0,1,dropped,1941,2880.0,0
1649537626,0,1,dropped,1942,2880.0,0
1649540506,1,0,recorded,1943,2880.0,1
1649543386,1,0,recorded,1944,2880.0,1
1649546266,0,1,dropped,1945,2880.0,0
1649549146,1,0,recorded,1946,2880.0,1
1649553466,1,0,recorded,1947,4320.0,1
1649556346,0,1,dropped,1948,2880.0,0
1649559226,0,1,dropped,1949,2880.0,0
1649562106,1,0,recorded,1950,2880.0,1
1649564986,1,0,recorded,1951,2880.0,1
1649567866,0,1,dropped,1952,2880.0,0
1649570926,1,0,recorded,1953,3060.0,1
1649573806,1,0,recorded,1954,2880.0,1
1649576686,0,1,dropped,1955,2880.0,0
1649579476,0,1,dropped,1956,2790.0,0
1649582266,1,0,recorded,1957,2790.0,1
1649585146,1,0,recorded,1958,2880.0,1
1649588026,0,1,dropped,1959,2880.0,0
1649592346,1,0,recorded,1960,4320.0,1
1649595226,1,0,recorded,1961,2880.0,1
1649598106,0,1,dropped,1962,2880.0,0
1649600986,0,1,dropped,1963,2880.0,0
1649603866,1,0,recorded,1964,2880.0,1
1649606746,1,0,recorded,1965,2880.0,1
1649609626,0,1,dropped,1966,2880.0,0
1649612506,1,0,recorded,1967,2880.0,1
1649615386,1,0,recorded,1968,2880.0,1
1649618266,0,1,dropped,1969,2880.0,0
1649621146,1,0,recorded,1970,2880.0,1
1649625466,1,0,recorded,1971,4320.0,1
1649628346,0,1,dropped,1972,2880.0,0
1649631226,0,1,dropped,1973,2880.0,0
1649634196,1,0,recorded,1974,2970.0,1
1649637076,1,0,recorded,1975,2880.0,1
1649639956,0,1,dropped,1976,2880.0,0
1649642746,1,0,recorded,1977,2790.0,1
1649645626,1,0,recorded,1978,2880.0,1
1649648506,0,1,dropped,1979,2880.0,0
1649651386,0,1,dropped,1980,2880.0,0
1649654266,1,0,recorded,1981,2880.0,1
1649657146,1,0,recorded,1982,2880.0,1
1649660026,0,1,dropped,1983,2880.0,0
1649664346,1,0,recorded,1984,4320.0,1
1649667226,1,0,recorded,1985,2880.0,1
1649670106,0,1,dropped,1986,2880.0,0
1649672986,0,1,dropped,1987,2880.0,0
1649675866,1,0,recorded,1988,2880.0,1
1649678836,1,0,recorded,1989,2970.0,1
1649681626,0,1,dropped,1990,2790.0,0
1649684506,0,1,dropped,1991,2880.0,0
1649687386,1,0,recorded,1992,2880.0,1
1649690266,1,0,recorded,1993,2880.0,1
1649693146,0,1,dropped,1994,2880.0,0
1649696206,1,0,recorded,1995,3060.0,1
1649700526,1,0,recorded,1996,4320.0,1
1649703406,0,1,dropped,1997,2880.0,0
1649706106,0,1,dropped,1998,2700.0,0
1649708986,1,0,recorded,1999,2880.0,1
1649711866,1,0,recorded,2000,2880.0,1
1649714746,0,1,dropped,2001,2880.0,0
1649717626,1,0,recorded,2002,2880.0,1
1649720506,1,0,recorded,2003,2880.0,1
1649723386,0,1,dropped,2004,2880.0,0
1649726266,0,1,dropped,2005,2880.0,0
1649729146,1,0,recorded,2006,2880.0,1
1649732026,1,0,recorded,2007,2880.0,1
1649736346,0,1,dropped,2008,4320.0,0
1649739226,1,0,recorded,2009,2880.0,1
1649742106,1,0,recorded,2010,2880.0,1
1649744986,0,1,dropped,2011,2880.0,0
1649747866,0,1,dropped,2012,2880.0,0
1649750746,1,0,recorded,2013,2880.0,1
1649753806,1,0,recorded,2014,3060.0,1
1649756686,0,1,dropped,2015,2880.0,0
1649759566,1,0,recorded,2016,2880.0,1
1649762266,1,0,recorded,2017,2700.0,1
1649765146,0,1,dropped,2018,2880.0,0
1649768026,1,0,recorded,2019,2880.0,1
1649772346,1,0,recorded,2020,4320.0,1
1649775226,0,1,dropped,2021,2880.0,0
1649778106,0,1,dropped,2022,2880.0,0
1649780986,1,0,recorded,2023,2880.0,1
1649783866,1,0,recorded,2024,2880.0,1
1649786746,0,1,dropped,2025,2880.0,0
1649789626,0,1,dropped,2026,2880.0,0
1649792506,1,0,recorded,2027,2880.0,1
1649795386,1,0,recorded,2028,2880.0,1
1649798266,0,1,dropped,2029,2880.0,0
1649801146,1,0,recorded,2030,2880.0,1
1649804116,1,0,recorded,2031,2970.0,1
1649808436,0,1,dropped,2032,4320.0,0
1649811226,1,0,recorded,2033,2790.0,1
1649814196,1,0,recorded,2034,2970.0,1
1649816986,0,1,dropped,2035,2790.0,0
1649820046,0,1,dropped,2036,3060.0,0
1649822926,1,0,recorded,2037,2880.0,1
1649825806,1,0,recorded,2038,2880.0,1
1649828596,0,1,dropped,2039,2790.0,0
1649831476,0,1,dropped,2040,2880.0,0
1649834356,1,0,recorded,2041,2880.0,1
1649837146,1,0,recorded,2042,2790.0,1
1649840206,0,1,dropped,2043,3060.0,0
1649844346,1,0,recorded,2044,4140.0,1
1649847226,1,0,recorded,2045,2880.0,1
1649850106,0,1,dropped,2046,2880.0,0
1649852986,0,1,dropped,2047,2880.0,0
1649855956,1,0,recorded,2048,2970.0,1
1649858836,1,0,recorded,2049,2880.0,1
1649861626,0,1,dropped,2050,2790.0,0
1649864506,1,0,recorded,2051,2880.0,1
1649867386,1,0,recorded,2052,2880.0,1
1649870266,0,1,dropped,2053,2880.0,0
1649873236,0,1,dropped,2054,2970.0,0
1649876116,1,0,recorded,2055,2880.0,1
1649880346,1,0,recorded,2056,4230.0,1
1649883226,0,1,dropped,2057,2880.0,0
1649886196,1,0,recorded,2058,2970.0,1
1649889076,1,0,recorded,2059,2880.0,1
1649891956,0,1,dropped,2060,2880.0,0
1649894836,0,1,dropped,2061,2880.0,0
1649897716,1,0,recorded,2062,2880.0,1
1649900596,1,0,recorded,2063,2880.0,1
1649903476,0,1,dropped,2064,2880.0,0
1649906266,1,0,recorded,2065,2790.0,1
1649909236,1,0,recorded,2066,2970.0,1
1649912116,0,1,dropped,2067,2880.0,0
1649916346,1,0,recorded,2068,4230.0,1
1649919316,1,0,recorded,2069,2970.0,1
1649922196,0,1,dropped,2070,2880.0,0
1649924986,0,1,dropped,2071,2790.0,0
1649927866,1,0,recorded,2072,2880.0,1
1649930746,1,0,recorded,2073,2880.0,1
1649933716,0,1,dropped,2074,2970.0,0
1649936506,0,1,dropped,2075,2790.0,0
1649939476,1,0,recorded,2076,2970.0,1
1649942356,1,0,recorded,2077,2880.0,1
1649945236,0,1,dropped,2078,2880.0,0
1649948206,1,0,recorded,2079,2970.0,1
1649952526,1,0,recorded,2080,4320.0,1
1649955316,0,1,dropped,2081,2790.0,0
1649958196,1,0,recorded,2082,2880.0,1
1649961076,1,0,recorded,2083,2880.0,1
1649963956,0,1,dropped,2084,2880.0,0
1649966836,0,1,dropped,2085,2880.0,0
1649969626,1,0,recorded,2086,2790.0,1
1649972506,1,0,recorded,2087,2880.0,1
1649975386,0,1,dropped,2088,2880.0,0
1649978266,0,1,dropped,2089,2880.0,0
1649981236,1,0,recorded,2090,2970.0,1
1649984116,1,0,recorded,2091,2880.0,1
1649988346,0,1,dropped,2092,4230.0,0
1649991226,1,0,recorded,2093,2880.0,1
1649994106,1,0,recorded,2094,2880.0,1
1649996986,0,1,dropped,2095,2880.0,0
1649999866,0,1,dropped,2096,2880.0,0
1650002746,1,0,recorded,2097,2880.0,1
1650005806,1,0,recorded,2098,3060.0,1
1650008596,0,1,dropped,2099,2790.0,0
1650011476,0,1,dropped,2100,2880.0,0
1650014356,1,0,recorded,2101,2880.0,1
1650017236,1,0,recorded,2102,2880.0,1
1650020026,0,1,dropped,2103,2790.0,0
1650024346,1,0,recorded,2104,4320.0,1
1650027226,1,0,recorded,2105,2880.0,1
1650030106,0,1,dropped,2106,2880.0,0
1650032986,0,1,dropped,2107,2880.0,0
1650035866,1,0,recorded,2108,2880.0,1
1650038836,1,0,recorded,2109,2970.0,1
1650041626,0,1,dropped,2110,2790.0,0
1650044506,1,0,recorded,2111,2880.0,1
1650047386,1,0,recorded,2112,2880.0,1
1650050266,0,1,dropped,2113,2880.0,0
1650053236,0,1,dropped,2114,2970.0,0
1650056116,1,0,recorded,2115,2880.0,1
1650058906,1,0,recorded,2116,2790.0,1
1650063316,0,1,dropped,2117,4410.0,0
1650066106,0,1,dropped,2118,2790.0,0
1650068986,1,0,recorded,2119,2880.0,1
1650071866,1,0,recorded,2120,2880.0,1
1650074746,0,1,dropped,2121,2880.0,0
1650077806,1,0,recorded,2122,3060.0,1
1650080686,1,0,recorded,2123,2880.0,1
1650083476,0,1,dropped,2124,2790.0,0
1650086356,0,1,dropped,2125,2880.0,0
1650089236,1,0,recorded,2126,2880.0,1
1650092026,1,0,recorded,2127,2790.0,1
1650096346,0,1,dropped,2128,4320.0,0
1650099226,1,0,recorded,2129,2880.0,1
1650102106,1,0,recorded,2130,2880.0,1
1650104986,0,1,dropped,2131,2880.0,0
1650107866,0,1,dropped,2132,2880.0,0
1650110746,1,0,recorded,2133,2880.0,1
1650113626,1,0,recorded,2134,2880.0,1
1650116506,0,1,dropped,2135,2880.0,0
1650119386,1,0,recorded,2136,2880.0,1
1650122356,1,0,recorded,2137,2970.0,1
1650125236,0,1,dropped,2138,2880.0,0
1650128116,0,1,dropped,2139,2880.0,0
1650130996,1,0,recorded,2140,2880.0,1
1650135316,1,0,recorded,2141,4320.0,1
1650138106,0,1,dropped,2142,2790.0,0
1650141076,1,0,recorded,2143,2970.0,1
1650143956,1,0,recorded,2144,2880.0,1
1650146836,0,1,dropped,2145,2880.0,0
1650149716,0,1,dropped,2146,2880.0,0
1650152596,1,0,recorded,2147,2880.0,1
1650155476,1,0,recorded,2148,2880.0,1
1650158356,0,1,dropped,2149,2880.0,0
1650161146,1,0,recorded,2150,2790.0,1
1650164026,1,0,recorded,2151,2880.0,1
1650168346,0,1,dropped,2152,4320.0,0
1650171316,0,1,dropped,2153,2970.0,0
1650174196,1,0,recorded,2154,2880.0,1
1650177076,1,0,recorded,2155,2880.0,1
1650179866,0,1,dropped,2156,2790.0,0
1650182746,0,1,dropped,2157,2880.0,0
1650185626,1,0,recorded,2158,2880.0,1
1650188506,1,0,recorded,2159,2880.0,1
1650191476,0,1,dropped,2160,2970.0,0
1650194266,1,0,recorded,2161,2790.0,1
1650197236,1,0,recorded,2162,2970.0,1
1650200116,0,1,dropped,2163,2880.0,0
1650202996,0,1,dropped,2164,2880.0,0
1650207316,1,0,recorded,2165,4320.0,1
1650210196,1,0,recorded,2166,2880.0,1
1650213076,0,1,dropped,2167,2880.0,0
1650215866,1,0,recorded,2168,2790.0,1
1650218746,1,0,recorded,2169,2880.0,1
1650221626,0,1,dropped,2170,2880.0,0
1650224506,0,1,dropped,2171,2880.0,0
1650227476,1,0,recorded,2172,2970.0,1
1650230266,1,0,recorded,2173,2790.0,1
1650233146,0,1,dropped,2174,2880.0,0
1650236026,1,0,recorded,2175,2880.0,1
1650238996,1,0,recorded,2176,2970.0,1
1650243316,0,1,dropped,2177,4320.0,0
1650246196,1,0,recorded,2178,2880.0,1
1650248986,1,0,recorded,2179,2790.0,1
1650251866,0,1,dropped,2180,2880.0,0
1650254836,0,1,dropped,2181,2970.0,0
1650257626,1,0,recorded,2182,2790.0,1
1650260506,1,0,recorded,2183,2880.0,1
1650263476,0,1,dropped,2184,2970.0,0
1650266356,0,1,dropped,2185,2880.0,0
1650269416,1,0,recorded,2186,3060.0,1
1650272296,1,0,recorded,2187,2880.0,1
1650274996,0,1,dropped,2188,2700.0,0
1650279316,1,0,recorded,2189,4320.0,1
1650282106,1,0,recorded,2190,2790.0,1
1650284986,0,1,dropped,2191,2880.0,0
1650287866,1,0,recorded,2192,2880.0,1
1650290746,1,0,recorded,2193,2880.0,1
1650293626,0,1,dropped,2194,2880.0,0
1650296506,0,1,dropped,2195,2880.0,0
1650299386,1,0,recorded,2196,2880.0,1
1650302266,1,0,recorded,2197,2880.0,1
1650305146,0,1,dropped,2198,2880.0,0
1650308026,0,1,dropped,2199,2880.0,0
1650310906,1,0,recorded,2200,2880.0,1
1650315226,1,0,recorded,2201,4320.0,1
1650318106,0,1,dropped,2202,2880.0,0
1650320986,1,0,recorded,2203,2880.0,1
1650323866,1,0,recorded,2204,2880.0,1
1650326746,0,1,dropped,2205,2880.0,0
1650329626,1,0,recorded,2206,2880.0,1
1650332596,1,0,recorded,2207,2970.0,1
1650335386,0,1,dropped,2208,2790.0,0
1650338266,1,0,recorded,2209,2880.0,1
1650341326,1,0,recorded,2210,3060.0,1
1650344206,0,1,dropped,2211,2880.0,0
1650347086,0,1,dropped,2212,2880.0,0
1650351406,1,0,recorded,2213,4320.0,1
1650354106,1,0,recorded,2214,2700.0,1
1650357076,0,1,dropped,2215,2970.0,0
1650359866,1,0,recorded,2216,2790.0,1
1650362746,1,0,recorded,2217,2880.0,1
1650365626,0,1,dropped,2218,2880.0,0
1650368596,0,1,dropped,2219,2970.0,0
1650371386,1,0,recorded,2220,2790.0,1
1650374266,1,0,recorded,2221,2880.0,1
1650377146,0,1,dropped,2222,2880.0,0
1650380116,1,0,recorded,2223,2970.0,1
1650382906,1,0,recorded,2224,2790.0,1
1650385786,0,1,dropped,2225,2880.0,0
1650390106,1,0,recorded,2226,4320.0,1
1650392986,1,0,recorded,2227,2880.0,1
1650395866,0,1,dropped,2228,2880.0,0
1650398746,0,1,dropped,2229,2880.0,0
1650401626,1,0,recorded,2230,2880.0,1
1650404506,1,0,recorded,2231,2880.0,1
1650407476,0,1,dropped,2232,2970.0,0
1650410356,0,1,dropped,2233,2880.0,0
1650413326,1,0,recorded,2234,2970.0,1
1650416116,1,0,recorded,2235,2790.0,1
1650419086,0,1,dropped,2236,2970.0,0
1650421786,1,0,recorded,2237,2700.0,1
1650426106,1,0,recorded,2238,4320.0,1
1650428986,0,1,dropped,2239,2880.0,0
1650431866,0,1,dropped,2240,2880.0,0
1650434746,1,0,recorded,2241,2880.0,1
1650437626,1,0,recorded,2242,2880.0,1
1650440506,0,1,dropped,2243,2880.0,0
1650443386,1,0,recorded,2244,2880.0,1
1650446266,1,0,recorded,2245,2880.0,1
1650449146,0,1,dropped,2246,2880.0,0
1650452026,0,1,dropped,2247,2880.0,0
1650454996,1,0,recorded,2248,2970.0,1
1650457786,1,0,recorded,2249,2790.0,1
1650462106,0,1,dropped,2250,4320.0,0
1650464986,1,0,recorded,2251,2880.0,1
1650467956,1,0,recorded,2252,2970.0,1
1650471016,0,1,dropped,2253,3060.0,0
1650473806,1,0,recorded,2254,2790.0,1
1650476686,1,0,recorded,2255,2880.0,1
1650479476,0,1,dropped,2256,2790.0,0
1650482266,0,1,dropped,2257,2790.0,0
1650485146,1,0,recorded,2258,2880.0,1
1650488116,1,0,recorded,2259,2970.0,1
1650490906,0,1,dropped,2260,2790.0,0
1650493786,1,0,recorded,2261,2880.0,1
1650498106,1,0,recorded,2262,4320.0,1
1650500986,0,1,dropped,2263,2880.0,0
1650503866,0,1,dropped,2264,2880.0,0
1650506746,1,0,recorded,2265,2880.0,1
1650509626,1,0,recorded,2266,2880.0,1
1650512506,0,1,dropped,2267,2880.0,0
1650515386,1,0,recorded,2268,2880.0,1
1650518356,1,0,recorded,2269,2970.0,1
1650521236,0,1,dropped,2270,2880.0,0
1650524116,0,1,dropped,2271,2880.0,0
1650526906,1,0,recorded,2272,2790.0,1
1650529786,1,0,recorded,2273,2880.0,1
1650534106,0,1,dropped,2274,4320.0,0
1650536986,1,0,recorded,2275,2880.0,1
1650539866,1,0,recorded,2276,2880.0,1
1650542746,0,1,dropped,2277,2880.0,0
1650545716,1,0,recorded,2278,2970.0,1
1650548686,1,0,recorded,2279,2970.0,1
1650551566,0,1,dropped,2280,2880.0,0
1650554266,0,1,dropped,2281,2700.0,0
1650557146,1,0,recorded,2282,2880.0,1
1650560026,1,0,recorded,2283,2880.0,1
1650562906,0,1,dropped,2284,2880.0,0
1650565786,1,0,recorded,2285,2880.0,1
1650570106,1,0,recorded,2286,4320.0,1
1650572986,0,1,dropped,2287,2880.0,0
1650575866,0,1,dropped,2288,2880.0,0
1650578746,1,0,recorded,2289,2880.0,1
1650581626,1,0,recorded,2290,2880.0,1
1650584506,0,1,dropped,2291,2880.0,0
1650587386,1,0,recorded,2292,2880.0,1
1650590266,1,0,recorded,2293,2880.0,1
1650593236,0,1,dropped,2294,2970.0,0
1650596026,0,1,dropped,2295,2790.0,0
1650598996,1,0,recorded,2296,2970.0,1
1650601786,1,0,recorded,2297,2790.0,1
1650606106,0,1,dropped,2298,4320.0,0
1650608986,1,0,recorded,2299,2880.0,1
1650611866,1,0,recorded,2300,2880.0,1
1650614836,0,1,dropped,2301,2970.0,0
1650617716,0,1,dropped,2302,2880.0,0
1650620596,1,0,recorded,2303,2880.0,1
1650623476,1,0,recorded,2304,2880.0,1
1650626356,0,1,dropped,2305,2880.0,0
1650629146,0,1,dropped,2306,2790.0,0
1650632026,1,0,recorded,2307,2880.0,1
1650634996,1,0,recorded,2308,2970.0,1
1650637786,0,1,dropped,2309,2790.0,0
1650642106,1,0,recorded,2310,4320.0,1
1650644986,1,0,recorded,2311,2880.0,1
1650647866,0,1,dropped,2312,2880.0,0
1650650746,0,1,dropped,2313,2880.0,0
1650653626,1,0,recorded,2314,2880.0,1
1650656506,1,0,recorded,2315,2880.0,1
1650659386,0,1,dropped,2316,2880.0,0
1650662266,1,0,recorded,2317,2880.0,1
1650665146,1,0,recorded,2318,2880.0,1
1650668026,0,1,dropped,2319,2880.0,0
1650670906,0,1,dropped,2320,2880.0,0
1650673786,1,0,recorded,2321,2880.0,1
1650678106,1,0,recorded,2322,4320.0,1
1650680986,0,1,dropped,2323,2880.0,0
1650683866,1,0,recorded,2324,2880.0,1
1650686836,1,0,recorded,2325,2970.0,1
1650689716,0,1,dropped,2326,2880.0,0
1650692596,0,1,dropped,2327,2880.0,0
1650695476,1,0,recorded,2328,2880.0,1
1650698266,1,0,recorded,2329,2790.0,1
1650701146,0,1,dropped,2330,2880.0,0
1650704026,1,0,recorded,2331,2880.0,1
1650706996,1,0,recorded,2332,2970.0,1
1650709786,0,1,dropped,2333,2790.0,0
1650712666,0,1,dropped,2334,2880.0,0
1650716986,1,0,recorded,2335,4320.0,1
1650719866,1,0,recorded,2336,2880.0,1
1650722746,0,1,dropped,2337,2880.0,0
1650725626,0,1,dropped,2338,2880.0,0
1650728506,1,0,recorded,2339,2880.0,1
1650731386,1,0,recorded,2340,2880.0,1
1650734266,0,1,dropped,2341,2880.0,0
1650737236,1,0,recorded,2342,2970.0,1
1650740206,1,0,recorded,2343,2970.0,1
1650742996,0,1,dropped,2344,2790.0,0
1650745876,0,1,dropped,2345,2880.0,0
1650748756,1,0,recorded,2346,2880.0,1
1650752986,1,0,recorded,2347,4230.0,1
1650755866,0,1,dropped,2348,2880.0,0
1650758746,1,0,recorded,2349,2880.0,1
1650761626,1,0,recorded,2350,2880.0,1
1650764506,0,1,dropped,2351,2880.0,0
1650767386,0,1,dropped,2352,2880.0,0
1650770266,1,0,recorded,2353,2880.0,1
1650773146,1,0,recorded,2354,2880.0,1
1650776026,0,1,dropped,2355,2880.0,0
1650778906,0,1,dropped,2356,2880.0,0
1650781786,1,0,recorded,2357,2880.0,1
1650784666,1,0,recorded,2358,2880.0,1
1650788986,0,1,dropped,2359,4320.0,0
1650791866,1,0,recorded,2360,2880.0,1
1650794746,1,0,recorded,2361,2880.0,1
1650797806,0,1,dropped,2362,3060.0,0
1650800596,0,1,dropped,2363,2790.0,0
1650803476,1,0,recorded,2364,2880.0,1
1650806356,1,0,recorded,2365,2880.0,1
1650809236,0,1,dropped,2366,2880.0,0
1650812026,1,0,recorded,2367,2790.0,1
1650814906,1,0,recorded,2368,2880.0,1
1650817876,0,1,dropped,2369,2970.0,0
1650820756,0,1,dropped,2370,2880.0,0
1650824986,1,0,recorded,2371,4230.0,1
1650827866,1,0,recorded,2372,2880.0,1
1650830746,0,1,dropped,2373,2880.0,0
1650833716,1,0,recorded,2374,2970.0,1
1650836596,1,0,recorded,2375,2880.0,1
1650839476,0,1,dropped,2376,2880.0,0
1650842446,0,1,dropped,2377,2970.0,0
1650845236,1,0,recorded,2378,2790.0,1
1650848116,1,0,recorded,2379,2880.0,1
1650850996,0,1,dropped,2380,2880.0,0
1650853876,0,1,dropped,2381,2880.0,0
1650856666,1,0,recorded,2382,2790.0,1
1650860986,1,0,recorded,2383,4320.0,1
1650863956,0,1,dropped,2384,2970.0,0
1650866926,1,0,recorded,2385,2970.0,1
1650869806,1,0,recorded,2386,2880.0,1
1650872596,0,1,dropped,2387,2790.0,0
1650875476,0,1,dropped,2388,2880.0,0
1650878356,1,0,recorded,2389,2880.0,1
1650881236,1,0,recorded,2390,2880.0,1
1650884116,0,1,dropped,2391,2880.0,0
1650886996,1,0,recorded,2392,2880.0,1
1650889876,1,0,recorded,2393,2880.0,1
1650892756,0,1,dropped,2394,2880.0,0
1650896986,0,1,dropped,2395,4230.0,0
1650899866,1,0,recorded,2396,2880.0,1
1650902746,1,0,recorded,2397,2880.0,1
1650905716,0,1,dropped,2398,2970.0,0
1650908506,1,0,recorded,2399,2790.0,1
1650911386,1,0,recorded,2400,2880.0,1
1650914266,0,1,dropped,2401,2880.0,0
1650917146,0,1,dropped,2402,2880.0,0
1650920026,1,0,recorded,2403,2880.0,1
1650922906,1,0,recorded,2404,2880.0,1
1650925966,0,1,dropped,2405,3060.0,0
1650928936,1,0,recorded,2406,2970.0,1
1650933076,1,0,recorded,2407,4140.0,1
1650935956,0,1,dropped,2408,2880.0,0
1650938746,1,0,recorded,2409,2790.0,1
1650941716,1,0,recorded,2410,2970.0,1
1650944506,0,1,dropped,2411,2790.0,0
1650947476,0,1,dropped,2412,2970.0,0
1650950356,1,0,recorded,2413,2880.0,1
1650953236,1,0,recorded,2414,2880.0,1
1650956116,0,1,dropped,2415,2880.0,0
1650958996,0,1,dropped,2416,2880.0,0
1650961876,1,0,recorded,2417,2880.0,1
1650964756,1,0,recorded,2418,2880.0,1
1650968986,0,1,dropped,2419,4230.0,0
1650971866,1,0,recorded,2420,2880.0,1
1650974836,1,0,recorded,2421,2970.0,1
1650977716,0,1,dropped,2422,2880.0,0
1650980596,0,1,dropped,2423,2880.0,0
1650983476,1,0,recorded,2424,2880.0,1
1650986266,1,0,recorded,2425,2790.0,1
1650989326,0,1,dropped,2426,3060.0,0
1650992116,0,1,dropped,2427,2790.0,0
1650994996,1,0,recorded,2428,2880.0,1
1650997876,1,0,recorded,2429,2880.0,1
1651000756,0,1,dropped,2430,2880.0,0
1651005076,1,0,recorded,2431,4320.0,1
1651007956,1,0,recorded,2432,2880.0,1
1651010746,0,1,dropped,2433,2790.0,0
1651013626,0,1,dropped,2434,2880.0,0
1651016596,1,0,recorded,2435,2970.0,1
1651019476,1,0,recorded,2436,2880.0,1
1651022356,0,1,dropped,2437,2880.0,0
1651025236,1,0,recorded,2438,2880.0,1
1651028116,1,0,recorded,2439,2880.0,1
1651030996,0,1,dropped,2440,2880.0,0
1651033876,0,1,dropped,2441,2880.0,0
1651036666,1,0,recorded,2442,2790.0,1
1651040986,1,0,recorded,2443,4320.0,1
1651043866,0,1,dropped,2444,2880.0,0
1651046836,1,0,recorded,2445,2970.0,1
1651049896,1,0,recorded,2446,3060.0,1
1651052776,0,1,dropped,2447,2880.0,0
1651055566,1,0,recorded,2448,2790.0,1
1651058266,1,0,recorded,2449,2700.0,1
1651061146,0,1,dropped,2450,2880.0,0
1651064026,0,1,dropped,2451,2880.0,0
1651066906,1,0,recorded,2452,2880.0,1
1651069786,1,0,recorded,2453,2880.0,1
1651072666,0,1,dropped,2454,2880.0,0
1651077076,1,0,recorded,2455,4410.0,1
1651079866,1,0,recorded,2456,2790.0,1
1651082836,0,1,dropped,2457,2970.0,0
1651085716,0,1,dropped,2458,2880.0,0
1651088596,1,0,recorded,2459,2880.0,1
1651091476,1,0,recorded,2460,2880.0,1
1651094356,0,1,dropped,2461,2880.0,0
1651097236,0,1,dropped,2462,2880.0,0
1651100116,1,0,recorded,2463,2880.0,1
1651103086,1,0,recorded,2464,2970.0,1
1651105876,0,1,dropped,2465,2790.0,0
1651108846,1,0,recorded,2466,2970.0,1
1651113076,1,0,recorded,2467,4230.0,1
1651116046,0,1,dropped,2468,2970.0,0
1651118746,0,1,dropped,2469,2700.0,0
1651121626,1,0,recorded,2470,2880.0,1
1651124596,1,0,recorded,2471,2970.0,1
1651127566,0,1,dropped,2472,2970.0,0
1651130446,1,0,recorded,2473,2880.0,1
1651133236,1,0,recorded,2474,2790.0,1
1651136116,0,1,dropped,2475,2880.0,0
1651138996,0,1,dropped,2476,2880.0,0
1651141876,1,0,recorded,2477,2880.0,1
1651144756,1,0,recorded,2478,2880.0,1
1651147726,0,1,dropped,2479,2970.0,0
1651151956,1,0,recorded,2480,4230.0,1
1651154836,1,0,recorded,2481,2880.0,1
1651157716,0,1,dropped,2482,2880.0,0
1651160596,0,1,dropped,2483,2880.0,0
1651163476,1,0,recorded,2484,2880.0,1
1651166356,1,0,recorded,2485,2880.0,1
1651169236,0,1,dropped,2486,2880.0,0
1651172116,1,0,recorded,2487,2880.0,1
1651174906,1,0,recorded,2488,2790.0,1
1651177786,0,1,dropped,2489,2880.0,0
1651180666,0,1,dropped,2490,2880.0,0
1651183636,1,0,recorded,2491,2970.0,1
1651187866,1,0,recorded,2492,4230.0,1
1651190746,0,1,dropped,2493,2880.0,0
1651193626,1,0,recorded,2494,2880.0,1
1651196506,1,0,recorded,2495,2880.0,1
1651199386,0,1,dropped,2496,2880.0,0
1651202266,0,1,dropped,2497,2880.0,0
1651205146,1,0,recorded,2498,2880.0,1
1651208026,1,0,recorded,2499,2880.0,1
1651210906,0,1,dropped,2500,2880.0,0
1651213966,1,0,recorded,2501,3060.0,1
1651216756,1,0,recorded,2502,2790.0,1
1651219636,0,1,dropped,2503,2880.0,0
1651223866,0,1,dropped,2504,4230.0,0
1651226746,1,0,recorded,2505,2880.0,1
1651229626,1,0,recorded,2506,2880.0,1
1651232596,0,1,dropped,2507,2970.0,0
1651235386,1,0,recorded,2508,2790.0,1
1651238266,1,0,recorded,2509,2880.0,1
1651241146,0,1,dropped,2510,2880.0,0
1651244026,1,0,recorded,2511,2880.0,1
1651246906,1,0,recorded,2512,2880.0,1
1651249786,0,1,dropped,2513,2880.0,0
1651252666,0,1,dropped,2514,2880.0,0
1651255636,1,0,recorded,2515,2970.0,1
1651259866,1,0,recorded,2516,4230.0,1
1651262746,0,1,dropped,2517,2880.0,0
1651265626,1,0,recorded,2518,2880.0,1
1651268596,1,0,recorded,2519,2970.0,1
1651271386,0,1,dropped,2520,2790.0,0
1651274266,0,1,dropped,2521,2880.0,0
1651277146,1,0,recorded,2522,2880.0,1
1651280026,1,0,recorded,2523,2880.0,1
1651282996,0,1,dropped,2524,2970.0,0
1651285786,0,1,dropped,2525,2790.0,0
1651288666,1,0,recorded,2526,2880.0,1
1651291546,1,0,recorded,2527,2880.0,1
1651295866,0,1,dropped,2528,4320.0,0
1651298746,1,0,recorded,2529,2880.0,1
1651301716,1,0,recorded,2530,2970.0,1
1651304506,0,1,dropped,2531,2790.0,0
1651307386,0,1,dropped,2532,2880.0,0
1651310266,1,0,recorded,2533,2880.0,1
1651313146,1,0,recorded,2534,2880.0,1
1651316026,0,1,dropped,2535,2880.0,0
1651318906,1,0,recorded,2536,2880.0,1
1651321966,1,0,recorded,2537,3060.0,1
1651324846,0,1,dropped,2538,2880.0,0
1651327726,0,1,dropped,2539,2880.0,0
1651331866,1,0,recorded,2540,4140.0,1
1651334746,1,0,recorded,2541,2880.0,1
1651337626,0,1,dropped,2542,2880.0,0
1651340506,0,1,dropped,2543,2880.0,0
1651343386,1,0,recorded,2544,2880.0,1
1651346266,1,0,recorded,2545,2880.0,1
1651349146,0,1,dropped,2546,2880.0,0
1651352026,1,0,recorded,2547,2880.0,1
1651354906,1,0,recorded,2548,2880.0,1
1651357786,0,1,dropped,2549,2880.0,0
1651360666,0,1,dropped,2550,2880.0,0
1651363546,1,0,recorded,2551,2880.0,1
1651367866,1,0,recorded,2552,4320.0,1
1651370836,0,1,dropped,2553,2970.0,0
1651373716,1,0,recorded,2554,2880.0,1
1651376596,1,0,recorded,2555,2880.0,1
1651379476,0,1,dropped,2556,2880.0,0
1651382356,0,1,dropped,2557,2880.0,0
1651385236,1,0,recorded,2558,2880.0,1
1651388476,1,0,recorded,2559,3240.0,1
1651391086,0,1,dropped,2560,2610.0,0
1651393966,0,1,dropped,2561,2880.0,0
1651396756,1,0,recorded,2562,2790.0,1
1651399636,1,0,recorded,2563,2880.0,1
1651403866,0,1,dropped,2564,4230.0,0
1651406746,1,0,recorded,2565,2880.0,1
1651409626,1,0,recorded,2566,2880.0,1
1651412506,0,1,dropped,2567,2880.0,0
1651415386,1,0,recorded,2568,2880.0,1
1651418266,1,0,recorded,2569,2880.0,1
1651421146,0,1,dropped,2570,2880.0,0
1651424026,0,1,dropped,2571,2880.0,0
1651426906,1,0,recorded,2572,2880.0,1
1651429786,1,0,recorded,2573,2880.0,1
1651432666,0,1,dropped,2574,2880.0,0
1651435546,1,0,recorded,2575,2880.0,1
1651439866,1,0,recorded,2576,4320.0,1
1651442746,0,1,dropped,2577,2880.0,0
1651445626,0,1,dropped,2578,2880.0,0
1651448506,1,0,recorded,2579,2880.0,1
1651451386,1,0,recorded,2580,2880.0,1
1651454356,0,1,dropped,2581,2970.0,0
1651457236,0,1,dropped,2582,2880.0,0
1651460206,1,0,recorded,2583,2970.0,1
1651462996,1,0,recorded,2584,2790.0,1
1651465876,0,1,dropped,2585,2880.0,0
1651468756,1,0,recorded,2586,2880.0,1
1651471636,1,0,recorded,2587,2880.0,1
1651475866,0,1,dropped,2588,4230.0,0
1651478746,1,0,recorded,2589,2880.0,1
1651481626,1,0,recorded,2590,2880.0,1
1651484506,0,1,dropped,2591,2880.0,0
1651487386,0,1,dropped,2592,2880.0,0
1651490266,1,0,recorded,2593,2880.0,1
1651493146,1,0,recorded,2594,2880.0,1
1651496026,0,1,dropped,2595,2880.0,0
1651498906,1,0,recorded,2596,2880.0,1
1651501786,1,0,recorded,2597,2880.0,1
1651504666,0,1,dropped,2598,2880.0,0
1651507546,0,1,dropped,2599,2880.0,0
1651511866,1,0,recorded,2600,4320.0,1
1651514746,1,0,recorded,2601,2880.0,1
1651517626,0,1,dropped,2602,2880.0,0
1651520596,1,0,recorded,2603,2970.0,1
1651523476,1,0,recorded,2604,2880.0,1
1651526446,0,1,dropped,2605,2970.0,0
1651529236,0,1,dropped,2606,2790.0,0
1651532116,1,0,recorded,2607,2880.0,1
1651534996,1,0,recorded,2608,2880.0,1
1651537876,0,1,dropped,2609,2880.0,0
1651540666,1,0,recorded,2610,2790.0,1
1651543546,1,0,recorded,2611,2880.0,1
1651547956,0,1,dropped,2612,4410.0,0
1651550746,1,0,recorded,2613,2790.0,1
1651553626,1,0,recorded,2614,2880.0,1
1651556596,0,1,dropped,2615,2970.0,0
1651559476,0,1,dropped,2616,2880.0,0
1651562266,1,0,recorded,2617,2790.0,1
1651565146,1,0,recorded,2618,2880.0,1
1651568026,0,1,dropped,2619,2880.0,0
1651570906,0,1,dropped,2620,2880.0,0
1651573966,1,0,recorded,2621,3060.0,1
1651576756,1,0,recorded,2622,2790.0,1
1651579726,0,1,dropped,2623,2970.0,0
1651582516,1,0,recorded,2624,2790.0,1
1651586836,1,0,recorded,2625,4320.0,1
1651589626,0,1,dropped,2626,2790.0,0
1651592686,0,1,dropped,2627,3060.0,0
1651595386,1,0,recorded,2628,2700.0,1
1651598266,1,0,recorded,2629,2880.0,1
1651601146,0,1,dropped,2630,2880.0,0
1651604026,1,0,recorded,2631,2880.0,1
1651606906,1,0,recorded,2632,2880.0,1
1651609876,0,1,dropped,2633,2970.0,0
1651612756,0,1,dropped,2634,2880.0,0
1651615546,1,0,recorded,2635,2790.0,1
1651618426,1,0,recorded,2636,2880.0,1
1651622836,0,1,dropped,2637,4410.0,0
1651625626,1,0,recorded,2638,2790.0,1
1651628506,1,0,recorded,2639,2880.0,1
1651631386,0,1,dropped,2640,2880.0,0
1651634266,0,1,dropped,2641,2880.0,0
1651637146,1,0,recorded,2642,2880.0,1
1651640116,1,0,recorded,2643,2970.0,1
1651643086,0,1,dropped,2644,2970.0,0
1651645966,1,0,recorded,2645,2880.0,1
1651648756,1,0,recorded,2646,2790.0,1
1651651636,0,1,dropped,2647,2880.0,0
1651654516,0,1,dropped,2648,2880.0,0
1651658836,1,0,recorded,2649,4320.0,1
1651661716,1,0,recorded,2650,2880.0,1
1651664596,0,1,dropped,2651,2880.0,0
1651667476,1,0,recorded,2652,2880.0,1
1651670356,1,0,recorded,2653,2880.0,1
1651673236,0,1,dropped,2654,2880.0,0
1651676116,0,1,dropped,2655,2880.0,0
1651678996,1,0,recorded,2656,2880.0,1
1651681876,1,0,recorded,2657,2880.0,1
1651684666,0,1,dropped,2658,2790.0,0
1651687546,0,1,dropped,2659,2880.0,0
1651690426,1,0,recorded,2660,2880.0,1
1651694746,1,0,recorded,2661,4320.0,1
1651697716,0,1,dropped,2662,2970.0,0
1651700506,1,0,recorded,2663,2790.0,1
1651703386,1,0,recorded,2664,2880.0,1
1651706356,0,1,dropped,2665,2970.0,0
1651709326,0,1,dropped,2666,2970.0,0
1651712206,1,0,recorded,2667,2880.0,1
1651715086,1,0,recorded,2668,2880.0,1
1651717876,0,1,dropped,2669,2790.0,0
1651720666,0,1,dropped,2670,2790.0,0
1651723546,1,0,recorded,2671,2880.0,1
1651726426,1,0,recorded,2672,2880.0,1
1651730746,0,1,dropped,2673,4320.0,0
1651733626,1,0,recorded,2674,2880.0,1
1651736506,1,0,recorded,2675,2880.0,1
1651739386,0,1,dropped,2676,2880.0,0
1651742356,0,1,dropped,2677,2970.0,0
1651745146,1,0,recorded,2678,2790.0,1
1651748026,1,0,recorded,2679,2880.0,1
1651750906,0,1,dropped,2680,2880.0,0
1651753786,1,0,recorded,2681,2880.0,1
1651756666,1,0,recorded,2682,2880.0,1
1651759546,0,1,dropped,2683,2880.0,0
1651762876,1,0,recorded,2684,3330.0,1
1651766836,1,0,recorded,2685,3960.0,1
1651769716,0,1,dropped,2686,2880.0,0
1651772596,0,1,dropped,2687,2880.0,0
1651775476,1,0,recorded,2688,2880.0,1
1651778356,1,0,recorded,2689,2880.0,1
1651781146,0,1,dropped,2690,2790.0,0
1651784116,0,1,dropped,2691,2970.0,0
1651786906,1,0,recorded,2692,2790.0,1
1651789876,1,0,recorded,2693,2970.0,1
1651792756,0,1,dropped,2694,2880.0,0
1651795636,1,0,recorded,2695,2880.0,1
1651799866,1,0,recorded,2696,4230.0,1
1651802746,0,1,dropped,2697,2880.0,0
1651805626,0,1,dropped,2698,2880.0,0
1651808506,1,0,recorded,2699,2880.0,1
1651811836,1,0,recorded,2700,3330.0,1
1651814356,0,1,dropped,2701,2520.0,0
1651817236,1,0,recorded,2702,2880.0,1
1651820026,1,0,recorded,2703,2790.0,1
1651822906,0,1,dropped,2704,2880.0,0
1651825786,0,1,dropped,2705,2880.0,0
1651828666,1,0,recorded,2706,2880.0,1
1651831546,1,0,recorded,2707,2880.0,1
1651834516,0,1,dropped,2708,2970.0,0
1651838746,1,0,recorded,2709,4230.0,1
