actualSlackMs, receiveSlackMs, decodeSlackMs, receiveTimeMs, decodeStartMs, decodeFinishMs, desiredReceiveTimeMs, desiredDecodeStartMs
23.0, 0.0, 23.0, 269978079.0, 269978102.0, 269978108.0, 269978079.0, 269978102.0
82.0, -14.0, 9.0, 269978125.0, 269978207.0, 269978210.0, 269978111.0, 269978134.0
41.0, 4.0, 27.0, 269978170.0, 269978211.0, 269978213.0, 269978174.0, 269978197.0
112.0, 17.0, 40.0, 269978189.0, 269978301.0, 269978303.0, 269978206.0, 269978229.0
97.0, 31.0, 54.0, 269978207.0, 269978304.0, 269978305.0, 269978238.0, 269978261.0
81.0, 45.0, 68.0, 269978226.0, 269978307.0, 269978307.0, 269978271.0, 269978294.0
65.0, 76.0, 99.0, 269978244.0, 269978309.0, 269978309.0, 269978320.0, 269978343.0
114.0, 59.0, 82.0, 269978293.0, 269978407.0, 269978410.0, 269978352.0, 269978375.0
87.0, 92.0, 115.0, 269978325.0, 269978412.0, 269978413.0, 269978417.0, 269978440.0
62.0, 95.0, 118.0, 269978352.0, 269978414.0, 269978415.0, 269978447.0, 269978470.0
38.0, 101.0, 124.0, 269978378.0, 269978416.0, 269978417.0, 269978479.0, 269978502.0
16.0, 108.0, 131.0, 269978402.0, 269978418.0, 269978419.0, 269978510.0, 269978533.0
76.0, 115.0, 138.0, 269978427.0, 269978503.0, 269978507.0, 269978542.0, 269978565.0
55.0, 122.0, 145.0, 269978453.0, 269978508.0, 269978510.0, 269978575.0, 269978598.0
31.0, 128.0, 151.0, 269978480.0, 269978511.0, 269978512.0, 269978608.0, 269978631.0
96.0, 133.0, 156.0, 269978506.0, 269978602.0, 269978606.0, 269978639.0, 269978662.0
76.0, 139.0, 162.0, 269978532.0, 269978608.0, 269978609.0, 269978671.0, 269978694.0
45.0, 153.0, 176.0, 269978566.0, 269978611.0, 269978612.0, 269978719.0, 269978742.0
16.0, 154.0, 177.0, 269978597.0, 269978613.0, 269978613.0, 269978751.0, 269978774.0
80.0, 156.0, 179.0, 269978628.0, 269978708.0, 269978710.0, 269978784.0, 269978807.0
51.0, 154.0, 177.0, 269978660.0, 269978711.0, 269978713.0, 269978814.0, 269978837.0
21.0, 154.0, 177.0, 269978693.0, 269978714.0, 269978715.0, 269978847.0, 269978870.0
294.0, 153.0, 176.0, 269978726.0, 269979020.0, 269979024.0, 269978879.0, 269978902.0
266.0, 150.0, 173.0, 269978760.0, 269979026.0, 269979028.0, 269978910.0, 269978933.0
247.0, 153.0, 176.0, 269978789.0, 269979036.0, 269979037.0, 269978942.0, 269978965.0
153.0, 153.0, 176.0, 269978885.0, 269979038.0, 269979039.0, 269979038.0, 269979061.0
43.0, 153.0, 176.0, 269978998.0, 269979041.0, 269979042.0, 269979151.0, 269979174.0
286.0, 152.0, 175.0, 269979033.0, 269979319.0, 269979323.0, 269979185.0, 269979208.0
34.0, 148.0, 171.0, 269979291.0, 269979325.0, 269979327.0, 269979439.0, 269979462.0
293.0, 151.0, 174.0, 269979320.0, 269979613.0, 269979617.0, 269979471.0, 269979494.0
25.0, 149.0, 172.0, 269979593.0, 269979618.0, 269979620.0, 269979742.0, 269979765.0
191.0, 151.0, 174.0, 269979624.0, 269979815.0, 269979818.0, 269979775.0, 269979798.0
19.0, 149.0, 172.0, 269979801.0, 269979820.0, 269979822.0, 269979950.0, 269979973.0
154.0, 149.0, 172.0, 269979833.0, 269979987.0, 269979991.0, 269979982.0, 269980005.0
28.0, 145.0, 168.0, 269979965.0, 269979993.0, 269979994.0, 269980110.0, 269980133.0
163.0, 148.0, 171.0, 269979995.0, 269980158.0, 269980162.0, 269980143.0, 269980166.0
13.0, 88.0, 111.0, 269980150.0, 269980163.0, 269980166.0, 269980238.0, 269980261.0
142.0, 64.0, 87.0, 269980206.0, 269980348.0, 269980354.0, 269980270.0, 269980293.0
17.0, 45.0, 68.0, 269980338.0, 269980355.0, 269980356.0, 269980383.0, 269980406.0
164.0, 61.0, 84.0, 269980354.0, 269980518.0, 269980522.0, 269980415.0, 269980438.0
38.0, 120.0, 143.0, 269980486.0, 269980524.0, 269980526.0, 269980606.0, 269980629.0
178.0, 121.0, 144.0, 269980518.0, 269980696.0, 269980701.0, 269980639.0, 269980662.0
71.0, 150.0, 173.0, 269980632.0, 269980703.0, 269980704.0, 269980782.0, 269980805.0
210.0, 149.0, 172.0, 269980665.0, 269980875.0, 269980880.0, 269980814.0, 269980837.0
56.0, 148.0, 171.0, 269980826.0, 269980882.0, 269980884.0, 269980974.0, 269980997.0
56.0, 147.0, 170.0, 269980859.0, 269980915.0, 269980916.0, 269981006.0, 269981029.0
152.0, 97.0, 120.0, 269980941.0, 269981093.0, 269981095.0, 269981038.0, 269981061.0
65.0, 120.0, 143.0, 269981031.0, 269981096.0, 269981104.0, 269981151.0, 269981174.0
22.0, 100.0, 123.0, 269981083.0, 269981105.0, 269981111.0, 269981183.0, 269981206.0
179.0, 132.0, 155.0, 269981083.0, 269981262.0, 269981267.0, 269981215.0, 269981238.0
225.0, 151.0, 174.0, 269981223.0, 269981448.0, 269981455.0, 269981374.0, 269981397.0
54.0, 148.0, 171.0, 269981402.0, 269981456.0, 269981460.0, 269981550.0, 269981573.0
192.0, 146.0, 169.0, 269981437.0, 269981629.0, 269981641.0, 269981583.0, 269981606.0
48.0, 148.0, 171.0, 269981594.0, 269981642.0, 269981646.0, 269981742.0, 269981765.0
170.0, 148.0, 171.0, 269981626.0, 269981796.0, 269981801.0, 269981774.0, 269981797.0
113.0, 150.0, 173.0, 269981689.0, 269981802.0, 269981807.0, 269981839.0, 269981862.0
39.0, 149.0, 172.0, 269981769.0, 269981808.0, 269981812.0, 269981918.0, 269981941.0
164.0, 149.0, 172.0, 269981801.0, 269981965.0, 269981973.0, 269981950.0, 269981973.0
44.0, 147.0, 170.0, 269981931.0, 269981975.0, 269981979.0, 269982078.0, 269982101.0
177.0, 145.0, 168.0, 269981965.0, 269982142.0, 269982150.0, 269982110.0, 269982133.0
181.0, 151.0, 174.0, 269982120.0, 269982301.0, 269982308.0, 269982271.0, 269982294.0
44.0, 150.0, 173.0, 269982265.0, 269982309.0, 269982313.0, 269982415.0, 269982438.0
169.0, 144.0, 167.0, 269982303.0, 269982472.0, 269982478.0, 269982447.0, 269982470.0
21.0, 147.0, 170.0, 269982459.0, 269982480.0, 269982483.0, 269982606.0, 269982629.0
150.0, 150.0, 173.0, 269982489.0, 269982639.0, 269982645.0, 269982639.0, 269982662.0
171.0, 149.0, 172.0, 269982633.0, 269982804.0, 269982813.0, 269982782.0, 269982805.0
21.0, 149.0, 172.0, 269982794.0, 269982815.0, 269982818.0, 269982943.0, 269982966.0
148.0, 149.0, 172.0, 269982825.0, 269982973.0, 269982981.0, 269982974.0, 269982997.0
29.0, 149.0, 172.0, 269982953.0, 269982982.0, 269982986.0, 269983102.0, 269983125.0
136.0, 146.0, 169.0, 269983005.0, 269983141.0, 269983148.0, 269983151.0, 269983174.0
20.0, 148.0, 171.0, 269983130.0, 269983150.0, 269983153.0, 269983278.0, 269983301.0
153.0, 143.0, 166.0, 269983167.0, 269983320.0, 269983327.0, 269983310.0, 269983333.0
40.0, 149.0, 172.0, 269983289.0, 269983329.0, 269983332.0, 269983438.0, 269983461.0
166.0, 150.0, 173.0, 269983321.0, 269983487.0, 269983495.0, 269983471.0, 269983494.0
32.0, 150.0, 173.0, 269983464.0, 269983496.0, 269983500.0, 269983614.0, 269983637.0
155.0, 147.0, 170.0, 269983499.0, 269983654.0, 269983663.0, 269983646.0, 269983669.0
38.0, 147.0, 170.0, 269983627.0, 269983665.0, 269983668.0, 269983774.0, 269983797.0
161.0, 147.0, 170.0, 269983660.0, 269983821.0, 269983825.0, 269983807.0, 269983830.0
18.0, 143.0, 166.0, 269983808.0, 269983826.0, 269983830.0, 269983951.0, 269983974.0
156.0, 151.0, 174.0, 269983832.0, 269983988.0, 269983993.0, 269983983.0, 269984006.0
31.0, 147.0, 170.0, 269983963.0, 269983994.0, 269983998.0, 269984110.0, 269984133.0
178.0, 147.0, 170.0, 269983996.0, 269984174.0, 269984177.0, 269984143.0, 269984166.0
69.0, 129.0, 152.0, 269984110.0, 269984179.0, 269984186.0, 269984239.0, 269984262.0
145.0, -91.0, -68.0, 269984362.0, 269984507.0, 269984520.0, 269984271.0, 269984294.0
38.0, 148.0, 171.0, 269984490.0, 269984528.0, 269984533.0, 269984638.0, 269984661.0
175.0, 149.0, 172.0, 269984521.0, 269984696.0, 269984702.0, 269984670.0, 269984693.0
99.0, 147.0, 170.0, 269984604.0, 269984703.0, 269984707.0, 269984751.0, 269984774.0
40.0, 145.0, 168.0, 269984669.0, 269984709.0, 269984712.0, 269984814.0, 269984837.0
164.0, 143.0, 166.0, 269984703.0, 269984867.0, 269984872.0, 269984846.0, 269984869.0
48.0, 149.0, 172.0, 269984825.0, 269984873.0, 269984878.0, 269984974.0, 269984997.0
172.0, 148.0, 171.0, 269984859.0, 269985031.0, 269985036.0, 269985007.0, 269985030.0
35.0, 148.0, 171.0, 269985003.0, 269985038.0, 269985043.0, 269985151.0, 269985174.0
165.0, 148.0, 171.0, 269985035.0, 269985200.0, 269985205.0, 269985183.0, 269985206.0
43.0, 148.0, 171.0, 269985163.0, 269985206.0, 269985210.0, 269985311.0, 269985334.0
173.0, 149.0, 172.0, 269985193.0, 269985366.0, 269985370.0, 269985342.0, 269985365.0
81.0, 148.0, 171.0, 269985290.0, 269985371.0, 269985374.0, 269985438.0, 269985461.0
180.0, 150.0, 173.0, 269985353.0, 269985533.0, 269985538.0, 269985503.0, 269985526.0
38.0, 145.0, 168.0, 269985501.0, 269985539.0, 269985542.0, 269985646.0, 269985669.0
172.0, 149.0, 172.0, 269985529.0, 269985701.0, 269985705.0, 269985678.0, 269985701.0
80.0, 148.0, 171.0, 269985627.0, 269985707.0, 269985712.0, 269985775.0, 269985798.0
23.0, 149.0, 172.0, 269985690.0, 269985713.0, 269985717.0, 269985839.0, 269985862.0
150.0, 149.0, 172.0, 269985721.0, 269985871.0, 269985875.0, 269985870.0, 269985893.0
43.0, 148.0, 171.0, 269985834.0, 269985877.0, 269985880.0, 269985982.0, 269986005.0
182.0, 144.0, 167.0, 269985871.0, 269986053.0, 269986057.0, 269986015.0, 269986038.0
33.0, 149.0, 172.0, 269986026.0, 269986059.0, 269986063.0, 269986175.0, 269986198.0
167.0, 147.0, 170.0, 269986059.0, 269986226.0, 269986229.0, 269986206.0, 269986229.0
109.0, 149.0, 172.0, 269986122.0, 269986231.0, 269986234.0, 269986271.0, 269986294.0
46.0, 145.0, 168.0, 269986190.0, 269986236.0, 269986240.0, 269986335.0, 269986358.0
164.0, 148.0, 171.0, 269986234.0, 269986398.0, 269986403.0, 269986382.0, 269986405.0
172.0, 150.0, 173.0, 269986393.0, 269986565.0, 269986570.0, 269986543.0, 269986566.0
19.0, 150.0, 173.0, 269986552.0, 269986571.0, 269986576.0, 269986702.0, 269986725.0
149.0, 146.0, 169.0, 269986589.0, 269986738.0, 269986744.0, 269986735.0, 269986758.0
169.0, 144.0, 167.0, 269986734.0, 269986903.0, 269986909.0, 269986878.0, 269986901.0
17.0, 145.0, 168.0, 269986893.0, 269986910.0, 269986915.0, 269987038.0, 269987061.0
165.0, 148.0, 171.0, 269986922.0, 269987087.0, 269987091.0, 269987070.0, 269987093.0
52.0, 142.0, 165.0, 269987040.0, 269987092.0, 269987097.0, 269987182.0, 269987205.0
29.0, 145.0, 168.0, 269987069.0, 269987098.0, 269987101.0, 269987214.0, 269987237.0
153.0, 141.0, 164.0, 269987105.0, 269987258.0, 269987263.0, 269987246.0, 269987269.0
39.0, 149.0, 172.0, 269987225.0, 269987264.0, 269987268.0, 269987374.0, 269987397.0
167.0, 144.0, 167.0, 269987262.0, 269987429.0, 269987436.0, 269987406.0, 269987429.0
48.0, 146.0, 169.0, 269987389.0, 269987437.0, 269987442.0, 269987535.0, 269987558.0
165.0, 147.0, 170.0, 269987435.0, 269987600.0, 269987606.0, 269987582.0, 269987605.0
173.0, 149.0, 172.0, 269987593.0, 269987766.0, 269987771.0, 269987742.0, 269987765.0
84.0, 150.0, 173.0, 269987689.0, 269987773.0, 269987777.0, 269987839.0, 269987862.0
24.0, 149.0, 172.0, 269987754.0, 269987778.0, 269987782.0, 269987903.0, 269987926.0
154.0, 149.0, 172.0, 269987785.0, 269987939.0, 269987944.0, 269987934.0, 269987957.0
17.0, 149.0, 172.0, 269987929.0, 269987946.0, 269987950.0, 269988078.0, 269988101.0
142.0, 143.0, 166.0, 269987967.0, 269988109.0, 269988113.0, 269988110.0, 269988133.0
19.0, 145.0, 168.0, 269988095.0, 269988114.0, 269988118.0, 269988240.0, 269988263.0
161.0, 153.0, 176.0, 269988118.0, 269988279.0, 269988284.0, 269988271.0, 269988294.0
15.0, 144.0, 167.0, 269988270.0, 269988285.0, 269988290.0, 269988414.0, 269988437.0
150.0, 148.0, 171.0, 269988299.0, 269988449.0, 269988453.0, 269988447.0, 269988470.0
32.0, 151.0, 174.0, 269988423.0, 269988455.0, 269988458.0, 269988574.0, 269988597.0
175.0, 149.0, 172.0, 269988458.0, 269988633.0, 269988637.0, 269988607.0, 269988630.0
54.0, 150.0, 173.0, 269988585.0, 269988639.0, 269988643.0, 269988735.0, 269988758.0
169.0, 147.0, 170.0, 269988635.0, 269988804.0, 269988811.0, 269988782.0, 269988805.0
17.0, 146.0, 169.0, 269988796.0, 269988813.0, 269988816.0, 269988942.0, 269988965.0
145.0, 149.0, 172.0, 269988826.0, 269988971.0, 269988977.0, 269988975.0, 269988998.0
23.0, 148.0, 171.0, 269988955.0, 269988978.0, 269988982.0, 269989103.0, 269989126.0
149.0, 148.0, 171.0, 269988987.0, 269989136.0, 269989142.0, 269989135.0, 269989158.0
13.0, 148.0, 171.0, 269989130.0, 269989143.0, 269989147.0, 269989278.0, 269989301.0
144.0, 149.0, 172.0, 269989161.0, 269989305.0, 269989309.0, 269989310.0, 269989333.0
21.0, 148.0, 171.0, 269989290.0, 269989311.0, 269989314.0, 269989438.0, 269989461.0
147.0, 148.0, 171.0, 269989322.0, 269989469.0, 269989473.0, 269989470.0, 269989493.0
32.0, 141.0, 164.0, 269989442.0, 269989474.0, 269989478.0, 269989583.0, 269989606.0
184.0, 146.0, 169.0, 269989469.0, 269989653.0, 269989661.0, 269989615.0, 269989638.0
33.0, 144.0, 167.0, 269989630.0, 269989663.0, 269989666.0, 269989774.0, 269989797.0
162.0, 148.0, 171.0, 269989659.0, 269989821.0, 269989829.0, 269989807.0, 269989830.0
38.0, 143.0, 166.0, 269989792.0, 269989830.0, 269989833.0, 269989935.0, 269989958.0
168.0, 146.0, 169.0, 269989821.0, 269989989.0, 269989997.0, 269989967.0, 269989990.0
35.0, 148.0, 171.0, 269989963.0, 269989998.0, 269990001.0, 269990111.0, 269990134.0
191.0, 148.0, 171.0, 269989994.0, 269990185.0, 269990194.0, 269990142.0, 269990165.0
56.0, 130.0, 153.0, 269990139.0, 269990195.0, 269990201.0, 269990269.0, 269990292.0
81.0, 41.0, 64.0, 269990260.0, 269990341.0, 269990357.0, 269990301.0, 269990324.0
64.0, 150.0, 173.0, 269990294.0, 269990358.0, 269990361.0, 269990444.0, 269990467.0
171.0, 151.0, 174.0, 269990326.0, 269990497.0, 269990504.0, 269990477.0, 269990500.0
40.0, 139.0, 162.0, 269990465.0, 269990505.0, 269990511.0, 269990604.0, 269990627.0
166.0, 139.0, 162.0, 269990498.0, 269990664.0, 269990675.0, 269990637.0, 269990660.0
47.0, 135.0, 158.0, 269990630.0, 269990677.0, 269990683.0, 269990765.0, 269990788.0
152.0, 133.0, 156.0, 269990679.0, 269990831.0, 269990842.0, 269990812.0, 269990835.0
40.0, 138.0, 161.0, 269990803.0, 269990843.0, 269990849.0, 269990941.0, 269990964.0
164.0, 139.0, 162.0, 269990833.0, 269990997.0, 269991009.0, 269990972.0, 269990995.0
49.0, 138.0, 161.0, 269990962.0, 269991011.0, 269991016.0, 269991100.0, 269991123.0
169.0, 141.0, 164.0, 269990992.0, 269991161.0, 269991170.0, 269991133.0, 269991156.0
35.0, 140.0, 163.0, 269991137.0, 269991172.0, 269991178.0, 269991277.0, 269991300.0
158.0, 136.0, 159.0, 269991172.0, 269991330.0, 269991340.0, 269991308.0, 269991331.0
47.0, 142.0, 165.0, 269991295.0, 269991342.0, 269991347.0, 269991437.0, 269991460.0
166.0, 142.0, 165.0, 269991327.0, 269991493.0, 269991504.0, 269991469.0, 269991492.0
181.0, 137.0, 160.0, 269991477.0, 269991658.0, 269991668.0, 269991614.0, 269991637.0
192.0, 140.0, 163.0, 269991632.0, 269991824.0, 269991834.0, 269991772.0, 269991795.0
44.0, 141.0, 164.0, 269991792.0, 269991836.0, 269991842.0, 269991933.0, 269991956.0
163.0, 135.0, 158.0, 269991830.0, 269991993.0, 269992003.0, 269991965.0, 269991988.0
188.0, 139.0, 162.0, 269991969.0, 269992157.0, 269992168.0, 269992108.0, 269992131.0
42.0, 141.0, 164.0, 269992128.0, 269992170.0, 269992175.0, 269992269.0, 269992292.0
178.0, 140.0, 163.0, 269992161.0, 269992339.0, 269992349.0, 269992301.0, 269992324.0
49.0, 143.0, 166.0, 269992301.0, 269992350.0, 269992354.0, 269992444.0, 269992467.0
169.0, 141.0, 164.0, 269992335.0, 269992504.0, 269992515.0, 269992476.0, 269992499.0
46.0, 135.0, 158.0, 269992470.0, 269992516.0, 269992522.0, 269992605.0, 269992628.0
175.0, 142.0, 165.0, 269992495.0, 269992670.0, 269992680.0, 269992637.0, 269992660.0
57.0, 140.0, 163.0, 269992625.0, 269992682.0, 269992686.0, 269992765.0, 269992788.0
171.0, 144.0, 167.0, 269992669.0, 269992840.0, 269992851.0, 269992813.0, 269992836.0
53.0, 141.0, 164.0, 269992800.0, 269992853.0, 269992857.0, 269992941.0, 269992964.0
185.0, 145.0, 168.0, 269992827.0, 269993012.0, 269993022.0, 269992972.0, 269992995.0
192.0, 142.0, 165.0, 269992991.0, 269993183.0, 269993191.0, 269993133.0, 269993156.0
60.0, 144.0, 167.0, 269993132.0, 269993192.0, 269993197.0, 269993276.0, 269993299.0
187.0, 144.0, 167.0, 269993165.0, 269993352.0, 269993361.0, 269993309.0, 269993332.0
196.0, 144.0, 167.0, 269993325.0, 269993521.0, 269993533.0, 269993469.0, 269993492.0
191.0, 145.0, 168.0, 269993499.0, 269993690.0, 269993699.0, 269993644.0, 269993667.0
38.0, 141.0, 164.0, 269993663.0, 269993701.0, 269993706.0, 269993804.0, 269993827.0
169.0, 142.0, 165.0, 269993694.0, 269993863.0, 269993874.0, 269993836.0, 269993859.0
48.0, 137.0, 160.0, 269993828.0, 269993876.0, 269993880.0, 269993965.0, 269993988.0
159.0, 140.0, 163.0, 269993872.0, 269994031.0, 269994041.0, 269994012.0, 269994035.0
44.0, 141.0, 164.0, 269993999.0, 269994043.0, 269994048.0, 269994140.0, 269994163.0
171.0, 143.0, 166.0, 269994029.0, 269994200.0, 269994209.0, 269994172.0, 269994195.0
53.0, 143.0, 166.0, 269994158.0, 269994211.0, 269994216.0, 269994301.0, 269994324.0
174.0, 138.0, 161.0, 269994195.0, 269994369.0, 269994379.0, 269994333.0, 269994356.0
46.0, 142.0, 165.0, 269994335.0, 269994381.0, 269994386.0, 269994477.0, 269994500.0
172.0, 142.0, 165.0, 269994366.0, 269994538.0, 269994548.0, 269994508.0, 269994531.0
58.0, 144.0, 167.0, 269994492.0, 269994550.0, 269994554.0, 269994636.0, 269994659.0
182.0, 143.0, 166.0, 269994525.0, 269994707.0, 269994717.0, 269994668.0, 269994691.0
178.0, 144.0, 167.0, 269994700.0, 269994878.0, 269994887.0, 269994844.0, 269994867.0
188.0, 143.0, 166.0, 269994861.0, 269995049.0, 269995059.0, 269995004.0, 269995027.0
37.0, 141.0, 164.0, 269995023.0, 269995060.0, 269995065.0, 269995164.0, 269995187.0
168.0, 144.0, 167.0, 269995052.0, 269995220.0, 269995232.0, 269995196.0, 269995219.0
191.0, 142.0, 165.0, 269995198.0, 269995389.0, 269995399.0, 269995340.0, 269995363.0
43.0, 142.0, 165.0, 269995358.0, 269995401.0, 269995405.0, 269995500.0, 269995523.0
168.0, 144.0, 167.0, 269995389.0, 269995557.0, 269995566.0, 269995533.0, 269995556.0
192.0, 144.0, 167.0, 269995533.0, 269995725.0, 269995734.0, 269995677.0, 269995700.0
40.0, 143.0, 166.0, 269995695.0, 269995735.0, 269995740.0, 269995838.0, 269995861.0
171.0, 142.0, 165.0, 269995727.0, 269995898.0, 269995908.0, 269995869.0, 269995892.0
58.0, 144.0, 167.0, 269995852.0, 269995910.0, 269995914.0, 269995996.0, 269996019.0
168.0, 144.0, 167.0, 269995900.0, 269996068.0, 269996079.0, 269996044.0, 269996067.0
52.0, 144.0, 167.0, 269996028.0, 269996080.0, 269996085.0, 269996172.0, 269996195.0
172.0, 139.0, 162.0, 269996065.0, 269996237.0, 269996246.0, 269996204.0, 269996227.0
181.0, 140.0, 163.0, 269996225.0, 269996406.0, 269996415.0, 269996365.0, 269996388.0
53.0, 144.0, 167.0, 269996364.0, 269996417.0, 269996422.0, 269996508.0, 269996531.0
180.0, 144.0, 167.0, 269996396.0, 269996576.0, 269996586.0, 269996540.0, 269996563.0
186.0, 139.0, 162.0, 269996561.0, 269996747.0, 269996755.0, 269996700.0, 269996723.0
54.0, 142.0, 165.0, 269996702.0, 269996756.0, 269996762.0, 269996844.0, 269996867.0
184.0, 144.0, 167.0, 269996732.0, 269996916.0, 269996928.0, 269996876.0, 269996899.0
193.0, 144.0, 167.0, 269996892.0, 269997085.0, 269997096.0, 269997036.0, 269997059.0
44.0, 144.0, 167.0, 269997053.0, 269997097.0, 269997102.0, 269997197.0, 269997220.0
158.0, 142.0, 165.0, 269997102.0, 269997260.0, 269997269.0, 269997244.0, 269997267.0
41.0, 142.0, 165.0, 269997230.0, 269997271.0, 269997276.0, 269997372.0, 269997395.0
159.0, 141.0, 164.0, 269997263.0, 269997422.0, 269997433.0, 269997404.0, 269997427.0
44.0, 143.0, 166.0, 269997390.0, 269997434.0, 269997439.0, 269997533.0, 269997556.0
161.0, 141.0, 164.0, 269997423.0, 269997584.0, 269997593.0, 269997564.0, 269997587.0
181.0, 147.0, 170.0, 269997561.0, 269997742.0, 269997751.0, 269997708.0, 269997731.0
182.0, 143.0, 166.0, 269997725.0, 269997907.0, 269997918.0, 269997868.0, 269997891.0
169.0, 143.0, 166.0, 269997901.0, 269998070.0, 269998080.0, 269998044.0, 269998067.0
168.0, 140.0, 163.0, 269998064.0, 269998232.0, 269998243.0, 269998204.0, 269998227.0
173.0, 143.0, 166.0, 269998222.0, 269998395.0, 269998407.0, 269998365.0, 269998388.0
47.0, 146.0, 169.0, 269998362.0, 269998409.0, 269998414.0, 269998508.0, 269998531.0
162.0, 145.0, 168.0, 269998395.0, 269998557.0, 269998568.0, 269998540.0, 269998563.0
40.0, 140.0, 163.0, 269998529.0, 269998569.0, 269998574.0, 269998669.0, 269998692.0
167.0, 142.0, 165.0, 269998558.0, 269998725.0, 269998736.0, 269998700.0, 269998723.0
36.0, 143.0, 166.0, 269998701.0, 269998737.0, 269998742.0, 269998844.0, 269998867.0
154.0, 144.0, 167.0, 269998733.0, 269998887.0, 269998898.0, 269998877.0, 269998900.0
39.0, 143.0, 166.0, 269998861.0, 269998900.0, 269998905.0, 269999004.0, 269999027.0
158.0, 143.0, 166.0, 269998893.0, 269999051.0, 269999061.0, 269999036.0, 269999059.0
42.0, 144.0, 167.0, 269999020.0, 269999062.0, 269999067.0, 269999164.0, 269999187.0
159.0, 143.0, 166.0, 269999053.0, 269999212.0, 269999223.0, 269999196.0, 269999219.0
174.0, 142.0, 165.0, 269999199.0, 269999373.0, 269999383.0, 269999341.0, 269999364.0
24.0, 139.0, 162.0, 269999361.0, 269999385.0, 269999389.0, 269999500.0, 269999523.0
149.0, 145.0, 168.0, 269999387.0, 269999536.0, 269999546.0, 269999532.0, 269999555.0
61.0, 143.0, 166.0, 269999487.0, 269999548.0, 269999553.0, 269999630.0, 269999653.0
161.0, 142.0, 165.0, 269999536.0, 269999697.0, 269999707.0, 269999678.0, 269999701.0
48.0, 143.0, 166.0, 269999661.0, 269999709.0, 269999713.0, 269999804.0, 269999827.0
163.0, 144.0, 167.0, 269999693.0, 269999856.0, 269999867.0, 269999837.0, 269999860.0
49.0, 144.0, 167.0, 269999820.0, 269999869.0, 269999873.0, 269999964.0, 269999987.0
166.0, 144.0, 167.0, 269999852.0, 270000018.0, 270000030.0, 269999996.0, 270000019.0
184.0, 145.0, 168.0, 269999995.0, 270000179.0, 270000189.0, 270000140.0, 270000163.0
177.0, 137.0, 160.0, 270000164.0, 270000341.0, 270000351.0, 270000301.0, 270000324.0
169.0, 142.0, 165.0, 270000334.0, 270000503.0, 270000513.0, 270000476.0, 270000499.0
171.0, 144.0, 167.0, 270000493.0, 270000664.0, 270000674.0, 270000637.0, 270000660.0
170.0, 142.0, 165.0, 270000655.0, 270000825.0, 270000835.0, 270000797.0, 270000820.0
40.0, 143.0, 166.0, 270000797.0, 270000837.0, 270000842.0, 270000940.0, 270000963.0
159.0, 144.0, 167.0, 270000829.0, 270000988.0, 270000999.0, 270000973.0, 270000996.0
40.0, 139.0, 162.0, 270000961.0, 270001001.0, 270001006.0, 270001100.0, 270001123.0
164.0, 144.0, 167.0, 270000988.0, 270001152.0, 270001163.0, 270001132.0, 270001155.0
181.0, 146.0, 169.0, 270001130.0, 270001311.0, 270001321.0, 270001276.0, 270001299.0
176.0, 141.0, 164.0, 270001296.0, 270001472.0, 270001483.0, 270001437.0, 270001460.0
181.0, 143.0, 166.0, 270001453.0, 270001634.0, 270001643.0, 270001596.0, 270001619.0
48.0, 144.0, 167.0, 270001596.0, 270001644.0, 270001649.0, 270001740.0, 270001763.0
167.0, 145.0, 168.0, 270001628.0, 270001795.0, 270001807.0, 270001773.0, 270001796.0
49.0, 142.0, 165.0, 270001759.0, 270001808.0, 270001813.0, 270001901.0, 270001924.0
167.0, 144.0, 167.0, 270001789.0, 270001956.0, 270001967.0, 270001933.0, 270001956.0
35.0, 143.0, 166.0, 270001933.0, 270001968.0, 270001973.0, 270002076.0, 270002099.0
155.0, 143.0, 166.0, 270001965.0, 270002120.0, 270002131.0, 270002108.0, 270002131.0
39.0, 143.0, 166.0, 270002093.0, 270002132.0, 270002137.0, 270002236.0, 270002259.0
158.0, 143.0, 166.0, 270002125.0, 270002283.0, 270002293.0, 270002268.0, 270002291.0
40.0, 143.0, 166.0, 270002254.0, 270002294.0, 270002299.0, 270002397.0, 270002420.0
157.0, 143.0, 166.0, 270002286.0, 270002443.0, 270002455.0, 270002429.0, 270002452.0
170.0, 141.0, 164.0, 270002432.0, 270002602.0, 270002614.0, 270002573.0, 270002596.0
172.0, 142.0, 165.0, 270002591.0, 270002763.0, 270002775.0, 270002733.0, 270002756.0
42.0, 142.0, 165.0, 270002734.0, 270002776.0, 270002781.0, 270002876.0, 270002899.0
162.0, 144.0, 167.0, 270002764.0, 270002926.0, 270002937.0, 270002908.0, 270002931.0
43.0, 140.0, 163.0, 270002896.0, 270002939.0, 270002943.0, 270003036.0, 270003059.0
163.0, 143.0, 166.0, 270002925.0, 270003088.0, 270003100.0, 270003068.0, 270003091.0
49.0, 146.0, 169.0, 270003052.0, 270003101.0, 270003105.0, 270003198.0, 270003221.0
166.0, 145.0, 168.0, 270003085.0, 270003251.0, 270003262.0, 270003230.0, 270003253.0
38.0, 147.0, 170.0, 270003225.0, 270003263.0, 270003268.0, 270003372.0, 270003395.0
155.0, 146.0, 169.0, 270003259.0, 270003414.0, 270003426.0, 270003405.0, 270003428.0
189.0, 146.0, 169.0, 270003387.0, 270003576.0, 270003587.0, 270003533.0, 270003556.0
173.0, 144.0, 167.0, 270003564.0, 270003737.0, 270003747.0, 270003708.0, 270003731.0
52.0, 139.0, 162.0, 270003697.0, 270003749.0, 270003754.0, 270003836.0, 270003859.0
174.0, 144.0, 167.0, 270003724.0, 270003898.0, 270003909.0, 270003868.0, 270003891.0
58.0, 145.0, 168.0, 270003852.0, 270003910.0, 270003915.0, 270003997.0, 270004020.0
179.0, 146.0, 169.0, 270003882.0, 270004061.0, 270004073.0, 270004028.0, 270004051.0
47.0, 146.0, 169.0, 270004027.0, 270004074.0, 270004079.0, 270004173.0, 270004196.0
164.0, 144.0, 167.0, 270004061.0, 270004225.0, 270004235.0, 270004205.0, 270004228.0
48.0, 144.0, 167.0, 270004188.0, 270004236.0, 270004241.0, 270004332.0, 270004355.0
162.0, 142.0, 165.0, 270004222.0, 270004384.0, 270004396.0, 270004364.0, 270004387.0
180.0, 143.0, 166.0, 270004365.0, 270004545.0, 270004556.0, 270004508.0, 270004531.0
181.0, 143.0, 166.0, 270004525.0, 270004706.0, 270004717.0, 270004668.0, 270004691.0
182.0, 143.0, 166.0, 270004685.0, 270004867.0, 270004879.0, 270004828.0, 270004851.0
51.0, 144.0, 167.0, 270004829.0, 270004880.0, 270004885.0, 270004973.0, 270004996.0
163.0, 137.0, 160.0, 270004867.0, 270005030.0, 270005041.0, 270005004.0, 270005027.0
54.0, 143.0, 166.0, 270004989.0, 270005043.0, 270005047.0, 270005132.0, 270005155.0
171.0, 146.0, 169.0, 270005019.0, 270005190.0, 270005202.0, 270005165.0, 270005188.0
38.0, 142.0, 165.0, 270005166.0, 270005204.0, 270005209.0, 270005308.0, 270005331.0
158.0, 145.0, 168.0, 270005195.0, 270005353.0, 270005365.0, 270005340.0, 270005363.0
42.0, 145.0, 168.0, 270005324.0, 270005366.0, 270005371.0, 270005469.0, 270005492.0
157.0, 142.0, 165.0, 270005358.0, 270005515.0, 270005525.0, 270005500.0, 270005523.0
43.0, 144.0, 167.0, 270005484.0, 270005527.0, 270005532.0, 270005628.0, 270005651.0
158.0, 144.0, 167.0, 270005516.0, 270005674.0, 270005687.0, 270005660.0, 270005683.0
59.0, 143.0, 166.0, 270005630.0, 270005689.0, 270005694.0, 270005773.0, 270005796.0
170.0, 140.0, 163.0, 270005664.0, 270005834.0, 270005844.0, 270005804.0, 270005827.0
57.0, 144.0, 167.0, 270005788.0, 270005845.0, 270005850.0, 270005932.0, 270005955.0
175.0, 144.0, 167.0, 270005820.0, 270005995.0, 270006007.0, 270005964.0, 270005987.0
44.0, 144.0, 167.0, 270005964.0, 270006008.0, 270006013.0, 270006108.0, 270006131.0
161.0, 143.0, 166.0, 270005997.0, 270006158.0, 270006170.0, 270006140.0, 270006163.0
47.0, 143.0, 166.0, 270006125.0, 270006172.0, 270006177.0, 270006268.0, 270006291.0
161.0, 142.0, 165.0, 270006158.0, 270006319.0, 270006330.0, 270006300.0, 270006323.0
46.0, 143.0, 166.0, 270006285.0, 270006331.0, 270006337.0, 270006428.0, 270006451.0
161.0, 144.0, 167.0, 270006316.0, 270006477.0, 270006489.0, 270006460.0, 270006483.0
175.0, 141.0, 164.0, 270006463.0, 270006638.0, 270006650.0, 270006604.0, 270006627.0
179.0, 146.0, 169.0, 270006619.0, 270006798.0, 270006809.0, 270006765.0, 270006788.0
43.0, 142.0, 165.0, 270006767.0, 270006810.0, 270006815.0, 270006909.0, 270006932.0
163.0, 143.0, 166.0, 270006798.0, 270006961.0, 270006971.0, 270006941.0, 270006964.0
44.0, 139.0, 162.0, 270006929.0, 270006973.0, 270006977.0, 270007068.0, 270007091.0
162.0, 143.0, 166.0, 270006957.0, 270007119.0, 270007129.0, 270007100.0, 270007123.0
44.0, 141.0, 164.0, 270007087.0, 270007131.0, 270007135.0, 270007228.0, 270007251.0
162.0, 142.0, 165.0, 270007119.0, 270007281.0, 270007294.0, 270007261.0, 270007284.0
176.0, 139.0, 162.0, 270007265.0, 270007441.0, 270007451.0, 270007404.0, 270007427.0
187.0, 146.0, 169.0, 270007418.0, 270007605.0, 270007615.0, 270007564.0, 270007587.0
53.0, 144.0, 167.0, 270007564.0, 270007617.0, 270007621.0, 270007708.0, 270007731.0
168.0, 143.0, 166.0, 270007598.0, 270007766.0, 270007777.0, 270007741.0, 270007764.0
57.0, 146.0, 169.0, 270007722.0, 270007779.0, 270007783.0, 270007868.0, 270007891.0
172.0, 144.0, 167.0, 270007756.0, 270007928.0, 270007940.0, 270007900.0, 270007923.0
58.0, 144.0, 167.0, 270007884.0, 270007942.0, 270007946.0, 270008028.0, 270008051.0
171.0, 143.0, 166.0, 270007918.0, 270008089.0, 270008100.0, 270008061.0, 270008084.0
39.0, 142.0, 165.0, 270008062.0, 270008101.0, 270008106.0, 270008204.0, 270008227.0
160.0, 140.0, 163.0, 270008096.0, 270008256.0, 270008268.0, 270008236.0, 270008259.0
48.0, 143.0, 166.0, 270008221.0, 270008269.0, 270008274.0, 270008364.0, 270008387.0
165.0, 143.0, 166.0, 270008254.0, 270008419.0, 270008430.0, 270008397.0, 270008420.0
184.0, 143.0, 166.0, 270008397.0, 270008581.0, 270008592.0, 270008540.0, 270008563.0
189.0, 143.0, 166.0, 270008557.0, 270008746.0, 270008756.0, 270008700.0, 270008723.0
44.0, 146.0, 169.0, 270008714.0, 270008758.0, 270008762.0, 270008860.0, 270008883.0
164.0, 148.0, 171.0, 270008745.0, 270008909.0, 270008919.0, 270008893.0, 270008916.0
179.0, 141.0, 164.0, 270008895.0, 270009074.0, 270009085.0, 270009036.0, 270009059.0
180.0, 142.0, 165.0, 270009054.0, 270009234.0, 270009246.0, 270009196.0, 270009219.0
47.0, 140.0, 163.0, 270009200.0, 270009247.0, 270009252.0, 270009340.0, 270009363.0
162.0, 140.0, 163.0, 270009233.0, 270009395.0, 270009405.0, 270009373.0, 270009396.0
49.0, 143.0, 166.0, 270009357.0, 270009406.0, 270009411.0, 270009500.0, 270009523.0
166.0, 142.0, 165.0, 270009390.0, 270009556.0, 270009568.0, 270009532.0, 270009555.0
48.0, 138.0, 161.0, 270009522.0, 270009570.0, 270009575.0, 270009660.0, 270009683.0
167.0, 139.0, 162.0, 270009553.0, 270009720.0, 270009731.0, 270009692.0, 270009715.0
185.0, 138.0, 161.0, 270009698.0, 270009883.0, 270009894.0, 270009836.0, 270009859.0
43.0, 144.0, 167.0, 270009852.0, 270009895.0, 270009900.0, 270009996.0, 270010019.0
166.0, 144.0, 167.0, 270009884.0, 270010050.0, 270010061.0, 270010028.0, 270010051.0
185.0, 145.0, 168.0, 270010027.0, 270010212.0, 270010222.0, 270010172.0, 270010195.0
188.0, 146.0, 169.0, 270010188.0, 270010376.0, 270010387.0, 270010334.0, 270010357.0
39.0, 145.0, 168.0, 270010349.0, 270010388.0, 270010393.0, 270010494.0, 270010517.0
144.0, 141.0, 164.0, 270010399.0, 270010543.0, 270010553.0, 270010540.0, 270010563.0
176.0, 142.0, 165.0, 270010526.0, 270010702.0, 270010712.0, 270010668.0, 270010691.0
181.0, 143.0, 166.0, 270010685.0, 270010866.0, 270010878.0, 270010828.0, 270010851.0
52.0, 144.0, 167.0, 270010828.0, 270010880.0, 270010885.0, 270010972.0, 270010995.0
170.0, 144.0, 167.0, 270010860.0, 270011030.0, 270011042.0, 270011004.0, 270011027.0
175.0, 144.0, 167.0, 270011020.0, 270011195.0, 270011205.0, 270011164.0, 270011187.0
57.0, 143.0, 166.0, 270011150.0, 270011207.0, 270011212.0, 270011293.0, 270011316.0
158.0, 139.0, 162.0, 270011201.0, 270011359.0, 270011368.0, 270011340.0, 270011363.0
43.0, 141.0, 164.0, 270011327.0, 270011370.0, 270011374.0, 270011468.0, 270011491.0
160.0, 142.0, 165.0, 270011358.0, 270011518.0, 270011530.0, 270011500.0, 270011523.0
46.0, 143.0, 166.0, 270011485.0, 270011531.0, 270011536.0, 270011628.0, 270011651.0
162.0, 146.0, 169.0, 270011515.0, 270011677.0, 270011688.0, 270011661.0, 270011684.0
170.0, 136.0, 159.0, 270011668.0, 270011838.0, 270011850.0, 270011804.0, 270011827.0
184.0, 146.0, 169.0, 270011818.0, 270012002.0, 270012011.0, 270011964.0, 270011987.0
161.0, 138.0, 161.0, 270012002.0, 270012163.0, 270012172.0, 270012140.0, 270012163.0
165.0, 143.0, 166.0, 270012158.0, 270012323.0, 270012334.0, 270012301.0, 270012324.0
169.0, 144.0, 167.0, 270012316.0, 270012485.0, 270012495.0, 270012460.0, 270012483.0
36.0, 143.0, 166.0, 270012461.0, 270012497.0, 270012501.0, 270012604.0, 270012627.0
155.0, 142.0, 165.0, 270012494.0, 270012649.0, 270012661.0, 270012636.0, 270012659.0
41.0, 143.0, 166.0, 270012621.0, 270012662.0, 270012667.0, 270012764.0, 270012787.0
160.0, 145.0, 168.0, 270012651.0, 270012811.0, 270012821.0, 270012796.0, 270012819.0
41.0, 144.0, 167.0, 270012781.0, 270012822.0, 270012827.0, 270012925.0, 270012948.0
143.0, 141.0, 164.0, 270012831.0, 270012974.0, 270012984.0, 270012972.0, 270012995.0
34.0, 148.0, 171.0, 270012952.0, 270012986.0, 270012990.0, 270013100.0, 270013123.0
150.0, 145.0, 168.0, 270012988.0, 270013138.0, 270013149.0, 270013133.0, 270013156.0
35.0, 144.0, 167.0, 270013116.0, 270013151.0, 270013155.0, 270013260.0, 270013283.0
154.0, 144.0, 167.0, 270013148.0, 270013302.0, 270013312.0, 270013292.0, 270013315.0
169.0, 142.0, 165.0, 270013295.0, 270013464.0, 270013474.0, 270013437.0, 270013460.0
178.0, 145.0, 168.0, 270013451.0, 270013629.0, 270013639.0, 270013596.0, 270013619.0
56.0, 140.0, 163.0, 270013585.0, 270013641.0, 270013646.0, 270013725.0, 270013748.0
163.0, 142.0, 165.0, 270013631.0, 270013794.0, 270013804.0, 270013773.0, 270013796.0
50.0, 145.0, 168.0, 270013755.0, 270013805.0, 270013810.0, 270013900.0, 270013923.0
169.0, 145.0, 168.0, 270013788.0, 270013957.0, 270013969.0, 270013933.0, 270013956.0
53.0, 143.0, 166.0, 270013917.0, 270013970.0, 270013975.0, 270014060.0, 270014083.0
170.0, 140.0, 163.0, 270013952.0, 270014122.0, 270014133.0, 270014092.0, 270014115.0
38.0, 140.0, 163.0, 270014096.0, 270014134.0, 270014139.0, 270014236.0, 270014259.0
163.0, 142.0, 165.0, 270014126.0, 270014289.0, 270014300.0, 270014268.0, 270014291.0
48.0, 143.0, 166.0, 270014253.0, 270014301.0, 270014305.0, 270014396.0, 270014419.0
169.0, 146.0, 169.0, 270014282.0, 270014451.0, 270014463.0, 270014428.0, 270014451.0
186.0, 142.0, 165.0, 270014430.0, 270014616.0, 270014627.0, 270014572.0, 270014595.0
41.0, 144.0, 167.0, 270014588.0, 270014629.0, 270014633.0, 270014732.0, 270014755.0
163.0, 144.0, 167.0, 270014620.0, 270014783.0, 270014795.0, 270014764.0, 270014787.0
45.0, 141.0, 164.0, 270014751.0, 270014796.0, 270014801.0, 270014892.0, 270014915.0
162.0, 143.0, 166.0, 270014781.0, 270014943.0, 270014953.0, 270014924.0, 270014947.0
178.0, 143.0, 166.0, 270014925.0, 270015103.0, 270015115.0, 270015068.0, 270015091.0
182.0, 145.0, 168.0, 270015084.0, 270015266.0, 270015278.0, 270015229.0, 270015252.0
51.0, 144.0, 167.0, 270015228.0, 270015279.0, 270015284.0, 270015372.0, 270015395.0
171.0, 145.0, 168.0, 270015259.0, 270015430.0, 270015440.0, 270015404.0, 270015427.0
55.0, 145.0, 168.0, 270015387.0, 270015442.0, 270015447.0, 270015532.0, 270015555.0
174.0, 143.0, 166.0, 270015421.0, 270015595.0, 270015605.0, 270015564.0, 270015587.0
57.0, 144.0, 167.0, 270015549.0, 270015606.0, 270015611.0, 270015693.0, 270015716.0
177.0, 141.0, 164.0, 270015583.0, 270015760.0, 270015770.0, 270015724.0, 270015747.0
46.0, 142.0, 165.0, 270015726.0, 270015772.0, 270015777.0, 270015868.0, 270015891.0
166.0, 142.0, 165.0, 270015758.0, 270015924.0, 270015936.0, 270015900.0, 270015923.0
56.0, 147.0, 170.0, 270015882.0, 270015938.0, 270015942.0, 270016029.0, 270016052.0
173.0, 144.0, 167.0, 270015916.0, 270016089.0, 270016099.0, 270016060.0, 270016083.0
192.0, 143.0, 166.0, 270016061.0, 270016253.0, 270016264.0, 270016204.0, 270016227.0
46.0, 144.0, 167.0, 270016220.0, 270016266.0, 270016271.0, 270016364.0, 270016387.0
165.0, 145.0, 168.0, 270016252.0, 270016417.0, 270016426.0, 270016397.0, 270016420.0
41.0, 138.0, 161.0, 270016387.0, 270016428.0, 270016433.0, 270016525.0, 270016548.0
148.0, 135.0, 158.0, 270016437.0, 270016585.0, 270016595.0, 270016572.0, 270016595.0
186.0, 139.0, 162.0, 270016561.0, 270016747.0, 270016757.0, 270016700.0, 270016723.0
189.0, 139.0, 162.0, 270016723.0, 270016912.0, 270016923.0, 270016862.0, 270016885.0
183.0, 142.0, 165.0, 270016894.0, 270017077.0, 270017089.0, 270017036.0, 270017059.0
38.0, 144.0, 167.0, 270017052.0, 270017090.0, 270017095.0, 270017196.0, 270017219.0
158.0, 142.0, 165.0, 270017086.0, 270017244.0, 270017255.0, 270017228.0, 270017251.0
39.0, 138.0, 161.0, 270017218.0, 270017257.0, 270017261.0, 270017356.0, 270017379.0
149.0, 145.0, 168.0, 270017259.0, 270017408.0, 270017419.0, 270017404.0, 270017427.0
184.0, 144.0, 167.0, 270017388.0, 270017572.0, 270017580.0, 270017532.0, 270017555.0
185.0, 141.0, 164.0, 270017552.0, 270017737.0, 270017748.0, 270017693.0, 270017716.0
56.0, 143.0, 166.0, 270017693.0, 270017749.0, 270017754.0, 270017836.0, 270017859.0
177.0, 144.0, 167.0, 270017725.0, 270017902.0, 270017914.0, 270017869.0, 270017892.0
182.0, 143.0, 166.0, 270017885.0, 270018067.0, 270018078.0, 270018028.0, 270018051.0
171.0, 143.0, 166.0, 270018061.0, 270018232.0, 270018243.0, 270018204.0, 270018227.0
181.0, 148.0, 171.0, 270018216.0, 270018397.0, 270018406.0, 270018364.0, 270018387.0
180.0, 142.0, 165.0, 270018382.0, 270018562.0, 270018573.0, 270018524.0, 270018547.0
51.0, 145.0, 168.0, 270018523.0, 270018574.0, 270018579.0, 270018668.0, 270018691.0
170.0, 143.0, 166.0, 270018557.0, 270018727.0, 270018738.0, 270018700.0, 270018723.0
170.0, 138.0, 161.0, 270018722.0, 270018892.0, 270018903.0, 270018860.0, 270018883.0
47.0, 146.0, 169.0, 270018858.0, 270018905.0, 270018909.0, 270019004.0, 270019027.0
166.0, 143.0, 166.0, 270018893.0, 270019059.0, 270019070.0, 270019036.0, 270019059.0
171.0, 145.0, 168.0, 270019051.0, 270019222.0, 270019233.0, 270019196.0, 270019219.0
175.0, 144.0, 167.0, 270019212.0, 270019387.0, 270019399.0, 270019356.0, 270019379.0
46.0, 145.0, 168.0, 270019355.0, 270019401.0, 270019405.0, 270019500.0, 270019523.0
164.0, 142.0, 165.0, 270019390.0, 270019554.0, 270019559.0, 270019532.0, 270019555.0
166.0, 140.0, 163.0, 270019552.0, 270019718.0, 270019729.0, 270019692.0, 270019715.0
39.0, 144.0, 167.0, 270019692.0, 270019731.0, 270019736.0, 270019836.0, 270019859.0
160.0, 145.0, 168.0, 270019724.0, 270019884.0, 270019895.0, 270019869.0, 270019892.0
39.0, 141.0, 164.0, 270019857.0, 270019896.0, 270019901.0, 270019998.0, 270020021.0
164.0, 144.0, 167.0, 270019885.0, 270020049.0, 270020059.0, 270020029.0, 270020052.0
41.0, 137.0, 160.0, 270020019.0, 270020060.0, 270020065.0, 270020156.0, 270020179.0
144.0, 135.0, 158.0, 270020069.0, 270020213.0, 270020226.0, 270020204.0, 270020227.0
39.0, 111.0, 134.0, 270020189.0, 270020228.0, 270020236.0, 270020300.0, 270020323.0
163.0, 116.0, 139.0, 270020216.0, 270020379.0, 270020391.0, 270020332.0, 270020355.0
40.0, 139.0, 162.0, 270020353.0, 270020393.0, 270020398.0, 270020492.0, 270020515.0
149.0, 129.0, 152.0, 270020395.0, 270020544.0, 270020557.0, 270020524.0, 270020547.0
179.0, 138.0, 161.0, 270020530.0, 270020709.0, 270020719.0, 270020668.0, 270020691.0
29.0, 104.0, 127.0, 270020692.0, 270020721.0, 270020728.0, 270020796.0, 270020819.0
160.0, 113.0, 136.0, 270020716.0, 270020876.0, 270020887.0, 270020829.0, 270020852.0
22.0, 122.0, 145.0, 270020867.0, 270020889.0, 270020895.0, 270020989.0, 270021012.0
124.0, 121.0, 144.0, 270020916.0, 270021040.0, 270021054.0, 270021037.0, 270021060.0
172.0, 134.0, 157.0, 270021031.0, 270021203.0, 270021215.0, 270021165.0, 270021188.0
40.0, 115.0, 138.0, 270021177.0, 270021217.0, 270021223.0, 270021292.0, 270021315.0
164.0, 118.0, 141.0, 270021206.0, 270021370.0, 270021381.0, 270021324.0, 270021347.0
35.0, 120.0, 143.0, 270021348.0, 270021383.0, 270021390.0, 270021468.0, 270021491.0
165.0, 132.0, 155.0, 270021368.0, 270021533.0, 270021541.0, 270021500.0, 270021523.0
42.0, 127.0, 150.0, 270021501.0, 270021543.0, 270021548.0, 270021628.0, 270021651.0
175.0, 142.0, 165.0, 270021519.0, 270021694.0, 270021706.0, 270021661.0, 270021684.0
57.0, 137.0, 160.0, 270021651.0, 270021708.0, 270021713.0, 270021788.0, 270021811.0
164.0, 140.0, 163.0, 270021696.0, 270021860.0, 270021871.0, 270021836.0, 270021859.0
48.0, 140.0, 163.0, 270021825.0, 270021873.0, 270021878.0, 270021965.0, 270021988.0
163.0, 140.0, 163.0, 270021857.0, 270022020.0, 270022028.0, 270021997.0, 270022020.0
45.0, 141.0, 164.0, 270021984.0, 270022029.0, 270022035.0, 270022125.0, 270022148.0
166.0, 136.0, 159.0, 270022021.0, 270022187.0, 270022193.0, 270022157.0, 270022180.0
35.0, 109.0, 132.0, 270022159.0, 270022194.0, 270022201.0, 270022268.0, 270022291.0
160.0, 111.0, 134.0, 270022189.0, 270022349.0, 270022356.0, 270022300.0, 270022323.0
189.0, 138.0, 161.0, 270022324.0, 270022513.0, 270022523.0, 270022462.0, 270022485.0
187.0, 149.0, 172.0, 270022487.0, 270022674.0, 270022684.0, 270022636.0, 270022659.0
58.0, 137.0, 160.0, 270022628.0, 270022686.0, 270022692.0, 270022765.0, 270022788.0
175.0, 133.0, 156.0, 270022663.0, 270022838.0, 270022849.0, 270022796.0, 270022819.0
185.0, 135.0, 158.0, 270022821.0, 270023006.0, 270023016.0, 270022956.0, 270022979.0
53.0, 136.0, 159.0, 270022964.0, 270023017.0, 270023023.0, 270023100.0, 270023123.0
178.0, 140.0, 163.0, 270022993.0, 270023171.0, 270023181.0, 270023133.0, 270023156.0
58.0, 137.0, 160.0, 270023124.0, 270023182.0, 270023187.0, 270023261.0, 270023284.0
171.0, 129.0, 152.0, 270023165.0, 270023336.0, 270023348.0, 270023294.0, 270023317.0
52.0, 138.0, 161.0, 270023298.0, 270023350.0, 270023355.0, 270023436.0, 270023459.0
173.0, 140.0, 163.0, 270023328.0, 270023501.0, 270023513.0, 270023468.0, 270023491.0
52.0, 134.0, 157.0, 270023463.0, 270023515.0, 270023520.0, 270023597.0, 270023620.0
170.0, 132.0, 155.0, 270023496.0, 270023666.0, 270023679.0, 270023628.0, 270023651.0
64.0, 140.0, 163.0, 270023616.0, 270023680.0, 270023686.0, 270023756.0, 270023779.0
183.0, 140.0, 163.0, 270023648.0, 270023831.0, 270023844.0, 270023788.0, 270023811.0
50.0, 137.0, 160.0, 270023795.0, 270023845.0, 270023850.0, 270023932.0, 270023955.0
172.0, 140.0, 163.0, 270023824.0, 270023996.0, 270024003.0, 270023964.0, 270023987.0
49.0, 137.0, 160.0, 270023955.0, 270024004.0, 270024009.0, 270024092.0, 270024115.0
176.0, 139.0, 162.0, 270023985.0, 270024161.0, 270024168.0, 270024124.0, 270024147.0
40.0, 139.0, 162.0, 270024129.0, 270024169.0, 270024174.0, 270024268.0, 270024291.0
166.0, 141.0, 164.0, 270024159.0, 270024325.0, 270024331.0, 270024300.0, 270024323.0
76.0, 139.0, 162.0, 270024257.0, 270024333.0, 270024337.0, 270024396.0, 270024419.0
48.0, 139.0, 162.0, 270024289.0, 270024337.0, 270024342.0, 270024428.0, 270024451.0
170.0, 140.0, 163.0, 270024320.0, 270024490.0, 270024498.0, 270024460.0, 270024483.0
50.0, 139.0, 162.0, 270024449.0, 270024499.0, 270024504.0, 270024588.0, 270024611.0
161.0, 140.0, 163.0, 270024496.0, 270024657.0, 270024663.0, 270024636.0, 270024659.0
195.0, 139.0, 162.0, 270024625.0, 270024820.0, 270024825.0, 270024764.0, 270024787.0
105.0, 139.0, 162.0, 270024721.0, 270024826.0, 270024832.0, 270024860.0, 270024883.0
50.0, 141.0, 164.0, 270024783.0, 270024833.0, 270024838.0, 270024924.0, 270024947.0
168.0, 139.0, 162.0, 270024817.0, 270024985.0, 270024993.0, 270024956.0, 270024979.0
191.0, 141.0, 164.0, 270024959.0, 270025150.0, 270025163.0, 270025100.0, 270025123.0
187.0, 134.0, 157.0, 270025128.0, 270025315.0, 270025326.0, 270025262.0, 270025285.0
184.0, 141.0, 164.0, 270025295.0, 270025479.0, 270025490.0, 270025436.0, 270025459.0
183.0, 135.0, 158.0, 270025461.0, 270025644.0, 270025656.0, 270025596.0, 270025619.0
193.0, 139.0, 162.0, 270025617.0, 270025810.0, 270025820.0, 270025756.0, 270025779.0
59.0, 138.0, 161.0, 270025762.0, 270025821.0, 270025827.0, 270025900.0, 270025923.0
183.0, 140.0, 163.0, 270025792.0, 270025975.0, 270025985.0, 270025932.0, 270025955.0
189.0, 141.0, 164.0, 270025951.0, 270026140.0, 270026148.0, 270026092.0, 270026115.0
176.0, 142.0, 165.0, 270026127.0, 270026303.0, 270026315.0, 270026269.0, 270026292.0
58.0, 138.0, 161.0, 270026258.0, 270026316.0, 270026321.0, 270026396.0, 270026419.0
175.0, 136.0, 159.0, 270026292.0, 270026467.0, 270026480.0, 270026428.0, 270026451.0
183.0, 141.0, 164.0, 270026448.0, 270026631.0, 270026642.0, 270026589.0, 270026612.0
53.0, 141.0, 164.0, 270026591.0, 270026644.0, 270026649.0, 270026732.0, 270026755.0
172.0, 142.0, 165.0, 270026623.0, 270026795.0, 270026805.0, 270026765.0, 270026788.0
53.0, 139.0, 162.0, 270026754.0, 270026807.0, 270026812.0, 270026893.0, 270026916.0
175.0, 141.0, 164.0, 270026783.0, 270026958.0, 270026968.0, 270026924.0, 270026947.0
41.0, 140.0, 163.0, 270026929.0, 270026970.0, 270026975.0, 270027069.0, 270027092.0
165.0, 141.0, 164.0, 270026960.0, 270027125.0, 270027137.0, 270027101.0, 270027124.0
47.0, 137.0, 160.0, 270027091.0, 270027138.0, 270027143.0, 270027228.0, 270027251.0
167.0, 140.0, 163.0, 270027120.0, 270027287.0, 270027300.0, 270027260.0, 270027283.0
48.0, 136.0, 159.0, 270027253.0, 270027301.0, 270027306.0, 270027389.0, 270027412.0
173.0, 143.0, 166.0, 270027278.0, 270027451.0, 270027464.0, 270027421.0, 270027444.0
38.0, 137.0, 160.0, 270027427.0, 270027465.0, 270027470.0, 270027564.0, 270027587.0
160.0, 138.0, 161.0, 270027458.0, 270027618.0, 270027627.0, 270027596.0, 270027619.0
46.0, 141.0, 164.0, 270027583.0, 270027629.0, 270027634.0, 270027724.0, 270027747.0
164.0, 138.0, 161.0, 270027618.0, 270027782.0, 270027792.0, 270027756.0, 270027779.0
182.0, 139.0, 162.0, 270027761.0, 270027943.0, 270027953.0, 270027900.0, 270027923.0
187.0, 140.0, 163.0, 270027920.0, 270028107.0, 270028120.0, 270028060.0, 270028083.0
43.0, 141.0, 164.0, 270028079.0, 270028122.0, 270028127.0, 270028220.0, 270028243.0
147.0, 142.0, 165.0, 270028127.0, 270028274.0, 270028284.0, 270028269.0, 270028292.0
176.0, 137.0, 160.0, 270028259.0, 270028435.0, 270028445.0, 270028396.0, 270028419.0
182.0, 134.0, 157.0, 270028422.0, 270028604.0, 270028617.0, 270028556.0, 270028579.0
172.0, 134.0, 157.0, 270028598.0, 270028770.0, 270028784.0, 270028732.0, 270028755.0
181.0, 136.0, 159.0, 270028756.0, 270028937.0, 270028951.0, 270028892.0, 270028915.0
176.0, 140.0, 163.0, 270028928.0, 270029104.0, 270029117.0, 270029068.0, 270029091.0
177.0, 134.0, 157.0, 270029094.0, 270029271.0, 270029279.0, 270029228.0, 270029251.0
30.0, 138.0, 161.0, 270029250.0, 270029280.0, 270029286.0, 270029388.0, 270029411.0
159.0, 139.0, 162.0, 270029281.0, 270029440.0, 270029451.0, 270029420.0, 270029443.0
173.0, 134.0, 157.0, 270029431.0, 270029604.0, 270029617.0, 270029565.0, 270029588.0
184.0, 139.0, 162.0, 270029585.0, 270029769.0, 270029783.0, 270029724.0, 270029747.0
168.0, 133.0, 156.0, 270029767.0, 270029935.0, 270029947.0, 270029900.0, 270029923.0
175.0, 134.0, 157.0, 270029926.0, 270030101.0, 270030113.0, 270030060.0, 270030083.0
19.0, 124.0, 147.0, 270030096.0, 270030115.0, 270030121.0, 270030220.0, 270030243.0
137.0, 134.0, 157.0, 270030134.0, 270030271.0, 270030282.0, 270030268.0, 270030291.0
19.0, 100.0, 123.0, 270030264.0, 270030283.0, 270030291.0, 270030364.0, 270030387.0
143.0, 100.0, 123.0, 270030296.0, 270030439.0, 270030450.0, 270030396.0, 270030419.0
24.0, 97.0, 120.0, 270030427.0, 270030451.0, 270030457.0, 270030524.0, 270030547.0
147.0, 98.0, 121.0, 270030458.0, 270030605.0, 270030613.0, 270030556.0, 270030579.0
20.0, 105.0, 128.0, 270030595.0, 270030615.0, 270030622.0, 270030700.0, 270030723.0
145.0, 105.0, 128.0, 270030627.0, 270030772.0, 270030783.0, 270030732.0, 270030755.0
44.0, 121.0, 144.0, 270030740.0, 270030784.0, 270030790.0, 270030861.0, 270030884.0
166.0, 120.0, 143.0, 270030772.0, 270030938.0, 270030949.0, 270030892.0, 270030915.0
169.0, 135.0, 158.0, 270030933.0, 270031102.0, 270031115.0, 270031068.0, 270031091.0
40.0, 119.0, 142.0, 270031077.0, 270031117.0, 270031124.0, 270031196.0, 270031219.0
160.0, 117.0, 140.0, 270031111.0, 270031271.0, 270031284.0, 270031228.0, 270031251.0
50.0, 120.0, 143.0, 270031236.0, 270031286.0, 270031292.0, 270031356.0, 270031379.0
155.0, 105.0, 128.0, 270031283.0, 270031438.0, 270031450.0, 270031388.0, 270031411.0
59.0, 140.0, 163.0, 270031392.0, 270031451.0, 270031455.0, 270031532.0, 270031555.0
148.0, 107.0, 130.0, 270031457.0, 270031605.0, 270031619.0, 270031564.0, 270031587.0
35.0, 138.0, 161.0, 270031586.0, 270031621.0, 270031625.0, 270031724.0, 270031747.0
164.0, 148.0, 171.0, 270031608.0, 270031772.0, 270031781.0, 270031756.0, 270031779.0
181.0, 147.0, 170.0, 270031755.0, 270031936.0, 270031945.0, 270031902.0, 270031925.0
18.0, 132.0, 155.0, 270031928.0, 270031946.0, 270031952.0, 270032060.0, 270032083.0
159.0, 145.0, 168.0, 270031947.0, 270032106.0, 270032114.0, 270032092.0, 270032115.0
38.0, 142.0, 165.0, 270032078.0, 270032116.0, 270032120.0, 270032220.0, 270032243.0
163.0, 147.0, 170.0, 270032105.0, 270032268.0, 270032274.0, 270032252.0, 270032275.0
58.0, 146.0, 169.0, 270032218.0, 270032276.0, 270032281.0, 270032364.0, 270032387.0
172.0, 136.0, 159.0, 270032261.0, 270032433.0, 270032446.0, 270032397.0, 270032420.0
181.0, 138.0, 161.0, 270032418.0, 270032599.0, 270032613.0, 270032556.0, 270032579.0
55.0, 141.0, 164.0, 270032560.0, 270032615.0, 270032620.0, 270032701.0, 270032724.0
169.0, 138.0, 161.0, 270032594.0, 270032763.0, 270032776.0, 270032732.0, 270032755.0
57.0, 139.0, 162.0, 270032721.0, 270032778.0, 270032783.0, 270032860.0, 270032883.0
176.0, 141.0, 164.0, 270032751.0, 270032927.0, 270032934.0, 270032892.0, 270032915.0
57.0, 141.0, 164.0, 270032879.0, 270032936.0, 270032940.0, 270033020.0, 270033043.0
181.0, 139.0, 162.0, 270032913.0, 270033094.0, 270033106.0, 270033052.0, 270033075.0
50.0, 139.0, 162.0, 270033057.0, 270033107.0, 270033112.0, 270033196.0, 270033219.0
167.0, 137.0, 160.0, 270033091.0, 270033258.0, 270033267.0, 270033228.0, 270033251.0
53.0, 140.0, 163.0, 270033216.0, 270033269.0, 270033274.0, 270033356.0, 270033379.0
173.0, 142.0, 165.0, 270033247.0, 270033420.0, 270033428.0, 270033389.0, 270033412.0
70.0, 141.0, 164.0, 270033359.0, 270033429.0, 270033434.0, 270033500.0, 270033523.0
186.0, 137.0, 160.0, 270033395.0, 270033581.0, 270033593.0, 270033532.0, 270033555.0
190.0, 140.0, 163.0, 270033553.0, 270033743.0, 270033755.0, 270033693.0, 270033716.0
194.0, 142.0, 165.0, 270033710.0, 270033904.0, 270033916.0, 270033852.0, 270033875.0
63.0, 141.0, 164.0, 270033855.0, 270033918.0, 270033923.0, 270033996.0, 270034019.0
172.0, 135.0, 158.0, 270033893.0, 270034065.0, 270034077.0, 270034028.0, 270034051.0
59.0, 138.0, 161.0, 270034019.0, 270034078.0, 270034083.0, 270034157.0, 270034180.0
180.0, 141.0, 164.0, 270034047.0, 270034227.0, 270034238.0, 270034188.0, 270034211.0
187.0, 133.0, 156.0, 270034201.0, 270034388.0, 270034400.0, 270034334.0, 270034357.0
52.0, 142.0, 165.0, 270034350.0, 270034402.0, 270034406.0, 270034492.0, 270034515.0
169.0, 141.0, 164.0, 270034383.0, 270034552.0, 270034562.0, 270034524.0, 270034547.0
53.0, 142.0, 165.0, 270034511.0, 270034564.0, 270034568.0, 270034653.0, 270034676.0
158.0, 143.0, 166.0, 270034558.0, 270034716.0, 270034726.0, 270034701.0, 270034724.0
187.0, 141.0, 164.0, 270034688.0, 270034875.0, 270034886.0, 270034829.0, 270034852.0
191.0, 143.0, 166.0, 270034846.0, 270035037.0, 270035049.0, 270034989.0, 270035012.0
59.0, 140.0, 163.0, 270034992.0, 270035051.0, 270035056.0, 270035132.0, 270035155.0
177.0, 144.0, 167.0, 270035021.0, 270035198.0, 270035207.0, 270035165.0, 270035188.0
59.0, 142.0, 165.0, 270035150.0, 270035209.0, 270035214.0, 270035292.0, 270035315.0
178.0, 142.0, 165.0, 270035182.0, 270035360.0, 270035371.0, 270035324.0, 270035347.0
64.0, 144.0, 167.0, 270035309.0, 270035373.0, 270035378.0, 270035453.0, 270035476.0
163.0, 142.0, 165.0, 270035358.0, 270035521.0, 270035534.0, 270035500.0, 270035523.0
195.0, 141.0, 164.0, 270035487.0, 270035682.0, 270035694.0, 270035628.0, 270035651.0
193.0, 138.0, 161.0, 270035650.0, 270035843.0, 270035857.0, 270035788.0, 270035811.0
66.0, 140.0, 163.0, 270035793.0, 270035859.0, 270035864.0, 270035933.0, 270035956.0
185.0, 143.0, 166.0, 270035821.0, 270036006.0, 270036019.0, 270035964.0, 270035987.0
185.0, 142.0, 165.0, 270035982.0, 270036167.0, 270036181.0, 270036124.0, 270036147.0
179.0, 136.0, 159.0, 270036149.0, 270036328.0, 270036342.0, 270036285.0, 270036308.0
51.0, 136.0, 159.0, 270036292.0, 270036343.0, 270036348.0, 270036428.0, 270036451.0
167.0, 139.0, 162.0, 270036322.0, 270036489.0, 270036502.0, 270036461.0, 270036484.0
46.0, 133.0, 156.0, 270036457.0, 270036503.0, 270036508.0, 270036590.0, 270036613.0
161.0, 134.0, 157.0, 270036488.0, 270036649.0, 270036663.0, 270036622.0, 270036645.0
182.0, 137.0, 160.0, 270036628.0, 270036810.0, 270036824.0, 270036765.0, 270036788.0
190.0, 140.0, 163.0, 270036784.0, 270036974.0, 270036984.0, 270036924.0, 270036947.0
40.0, 138.0, 161.0, 270036946.0, 270036986.0, 270036991.0, 270037084.0, 270037107.0
145.0, 136.0, 159.0, 270036996.0, 270037141.0, 270037150.0, 270037132.0, 270037155.0
171.0, 128.0, 151.0, 270037132.0, 270037303.0, 270037316.0, 270037260.0, 270037283.0
183.0, 138.0, 161.0, 270037282.0, 270037465.0, 270037476.0, 270037420.0, 270037443.0
30.0, 116.0, 139.0, 270037448.0, 270037478.0, 270037485.0, 270037564.0, 270037587.0
158.0, 125.0, 148.0, 270037471.0, 270037629.0, 270037640.0, 270037596.0, 270037619.0
42.0, 126.0, 149.0, 270037599.0, 270037641.0, 270037648.0, 270037725.0, 270037748.0
168.0, 137.0, 160.0, 270037619.0, 270037787.0, 270037795.0, 270037756.0, 270037779.0
37.0, 124.0, 147.0, 270037760.0, 270037797.0, 270037803.0, 270037884.0, 270037907.0
161.0, 143.0, 166.0, 270037789.0, 270037950.0, 270037960.0, 270037932.0, 270037955.0
37.0, 135.0, 158.0, 270037925.0, 270037962.0, 270037968.0, 270038060.0, 270038083.0
158.0, 138.0, 161.0, 270037954.0, 270038112.0, 270038118.0, 270038092.0, 270038115.0
175.0, 124.0, 147.0, 270038097.0, 270038272.0, 270038281.0, 270038221.0, 270038244.0
43.0, 125.0, 148.0, 270038239.0, 270038282.0, 270038289.0, 270038364.0, 270038387.0
166.0, 129.0, 152.0, 270038267.0, 270038433.0, 270038447.0, 270038396.0, 270038419.0
67.0, 144.0, 167.0, 270038381.0, 270038448.0, 270038454.0, 270038525.0, 270038548.0
152.0, 113.0, 136.0, 270038444.0, 270038596.0, 270038603.0, 270038557.0, 270038580.0
55.0, 134.0, 157.0, 270038550.0, 270038605.0, 270038610.0, 270038684.0, 270038707.0
155.0, 116.0, 139.0, 270038602.0, 270038757.0, 270038770.0, 270038718.0, 270038741.0
45.0, 134.0, 157.0, 270038726.0, 270038771.0, 270038777.0, 270038860.0, 270038883.0
162.0, 134.0, 157.0, 270038758.0, 270038920.0, 270038928.0, 270038892.0, 270038915.0
43.0, 135.0, 158.0, 270038886.0, 270038929.0, 270038936.0, 270039021.0, 270039044.0
165.0, 134.0, 157.0, 270038919.0, 270039084.0, 270039093.0, 270039053.0, 270039076.0
181.0, 135.0, 158.0, 270039061.0, 270039242.0, 270039254.0, 270039196.0, 270039219.0
61.0, 130.0, 153.0, 270039195.0, 270039256.0, 270039262.0, 270039325.0, 270039348.0
193.0, 145.0, 168.0, 270039211.0, 270039404.0, 270039409.0, 270039356.0, 270039379.0
58.0, 131.0, 154.0, 270039353.0, 270039411.0, 270039416.0, 270039484.0, 270039507.0
169.0, 136.0, 159.0, 270039396.0, 270039565.0, 270039576.0, 270039532.0, 270039555.0
62.0, 145.0, 168.0, 270039515.0, 270039577.0, 270039582.0, 270039660.0, 270039683.0
170.0, 135.0, 158.0, 270039557.0, 270039727.0, 270039734.0, 270039692.0, 270039715.0
49.0, 134.0, 157.0, 270039687.0, 270039736.0, 270039743.0, 270039821.0, 270039844.0
179.0, 143.0, 166.0, 270039710.0, 270039889.0, 270039898.0, 270039853.0, 270039876.0
188.0, 135.0, 158.0, 270039861.0, 270040049.0, 270040061.0, 270039996.0, 270040019.0
196.0, 141.0, 164.0, 270040015.0, 270040211.0, 270040216.0, 270040156.0, 270040179.0
184.0, 129.0, 152.0, 270040188.0, 270040372.0, 270040379.0, 270040317.0, 270040340.0
65.0, 144.0, 167.0, 270040316.0, 270040381.0, 270040386.0, 270040460.0, 270040483.0
172.0, 131.0, 154.0, 270040361.0, 270040533.0, 270040542.0, 270040492.0, 270040515.0
63.0, 140.0, 163.0, 270040480.0, 270040543.0, 270040549.0, 270040620.0, 270040643.0
181.0, 138.0, 161.0, 270040514.0, 270040695.0, 270040707.0, 270040652.0, 270040675.0
202.0, 141.0, 164.0, 270040655.0, 270040857.0, 270040869.0, 270040796.0, 270040819.0
47.0, 134.0, 157.0, 270040823.0, 270040870.0, 270040877.0, 270040957.0, 270040980.0
166.0, 124.0, 147.0, 270040865.0, 270041031.0, 270041040.0, 270040989.0, 270041012.0
51.0, 127.0, 150.0, 270040990.0, 270041041.0, 270041047.0, 270041117.0, 270041140.0
172.0, 145.0, 168.0, 270041019.0, 270041191.0, 270041202.0, 270041164.0, 270041187.0
201.0, 140.0, 163.0, 270041152.0, 270041353.0, 270041358.0, 270041292.0, 270041315.0
111.0, 139.0, 162.0, 270041249.0, 270041360.0, 270041365.0, 270041388.0, 270041411.0
197.0, 134.0, 157.0, 270041318.0, 270041515.0, 270041525.0, 270041452.0, 270041475.0
64.0, 134.0, 157.0, 270041463.0, 270041527.0, 270041532.0, 270041597.0, 270041620.0
186.0, 138.0, 161.0, 270041490.0, 270041676.0, 270041683.0, 270041628.0, 270041651.0
66.0, 137.0, 160.0, 270041619.0, 270041685.0, 270041691.0, 270041756.0, 270041779.0
187.0, 135.0, 158.0, 270041654.0, 270041841.0, 270041851.0, 270041789.0, 270041812.0
188.0, 146.0, 169.0, 270041818.0, 270042006.0, 270042018.0, 270041964.0, 270041987.0
64.0, 138.0, 161.0, 270041955.0, 270042019.0, 270042026.0, 270042093.0, 270042116.0
192.0, 148.0, 171.0, 270041976.0, 270042168.0, 270042173.0, 270042124.0, 270042147.0
56.0, 134.0, 157.0, 270042118.0, 270042174.0, 270042180.0, 270042252.0, 270042275.0
188.0, 141.0, 164.0, 270042143.0, 270042331.0, 270042342.0, 270042284.0, 270042307.0
64.0, 148.0, 171.0, 270042280.0, 270042344.0, 270042348.0, 270042428.0, 270042451.0
172.0, 137.0, 160.0, 270042323.0, 270042495.0, 270042501.0, 270042460.0, 270042483.0
51.0, 138.0, 161.0, 270042451.0, 270042502.0, 270042507.0, 270042589.0, 270042612.0
174.0, 136.0, 159.0, 270042485.0, 270042659.0, 270042670.0, 270042621.0, 270042644.0
196.0, 139.0, 162.0, 270042625.0, 270042821.0, 270042828.0, 270042764.0, 270042787.0
47.0, 142.0, 165.0, 270042782.0, 270042829.0, 270042836.0, 270042924.0, 270042947.0
171.0, 141.0, 164.0, 270042815.0, 270042986.0, 270042996.0, 270042956.0, 270042979.0
201.0, 137.0, 160.0, 270042949.0, 270043150.0, 270043161.0, 270043086.0, 270043109.0
67.0, 133.0, 156.0, 270043095.0, 270043162.0, 270043168.0, 270043228.0, 270043251.0
189.0, 136.0, 159.0, 270043124.0, 270043313.0, 270043320.0, 270043260.0, 270043283.0
65.0, 132.0, 155.0, 270043257.0, 270043322.0, 270043327.0, 270043389.0, 270043412.0
190.0, 136.0, 159.0, 270043285.0, 270043475.0, 270043485.0, 270043421.0, 270043444.0
182.0, 142.0, 165.0, 270043454.0, 270043636.0, 270043643.0, 270043596.0, 270043619.0
52.0, 132.0, 155.0, 270043592.0, 270043644.0, 270043650.0, 270043724.0, 270043747.0
175.0, 133.0, 156.0, 270043624.0, 270043799.0, 270043807.0, 270043757.0, 270043780.0
55.0, 130.0, 153.0, 270043754.0, 270043809.0, 270043815.0, 270043884.0, 270043907.0
194.0, 147.0, 170.0, 270043769.0, 270043963.0, 270043971.0, 270043916.0, 270043939.0
48.0, 136.0, 159.0, 270043924.0, 270043972.0, 270043977.0, 270044060.0, 270044083.0
179.0, 146.0, 169.0, 270043946.0, 270044125.0, 270044135.0, 270044092.0, 270044115.0
58.0, 142.0, 165.0, 270044079.0, 270044137.0, 270044142.0, 270044221.0, 270044244.0
164.0, 130.0, 153.0, 270044122.0, 270044286.0, 270044294.0, 270044252.0, 270044275.0
179.0, 127.0, 150.0, 270044269.0, 270044448.0, 270044457.0, 270044396.0, 270044419.0
67.0, 133.0, 156.0, 270044392.0, 270044459.0, 270044465.0, 270044525.0, 270044548.0
188.0, 135.0, 158.0, 270044422.0, 270044610.0, 270044621.0, 270044557.0, 270044580.0
195.0, 140.0, 163.0, 270044577.0, 270044772.0, 270044777.0, 270044717.0, 270044740.0
56.0, 138.0, 161.0, 270044722.0, 270044778.0, 270044784.0, 270044860.0, 270044883.0
179.0, 139.0, 162.0, 270044754.0, 270044933.0, 270044943.0, 270044893.0, 270044916.0
65.0, 141.0, 164.0, 270044879.0, 270044944.0, 270044949.0, 270045020.0, 270045043.0
182.0, 140.0, 163.0, 270044913.0, 270045095.0, 270045103.0, 270045053.0, 270045076.0
205.0, 145.0, 168.0, 270045052.0, 270045257.0, 270045268.0, 270045197.0, 270045220.0
195.0, 135.0, 158.0, 270045223.0, 270045418.0, 270045425.0, 270045358.0, 270045381.0
37.0, 127.0, 150.0, 270045390.0, 270045427.0, 270045435.0, 270045517.0, 270045540.0
159.0, 141.0, 164.0, 270045423.0, 270045582.0, 270045589.0, 270045564.0, 270045587.0
56.0, 126.0, 149.0, 270045534.0, 270045590.0, 270045596.0, 270045660.0, 270045683.0
183.0, 134.0, 157.0, 270045559.0, 270045742.0, 270045754.0, 270045693.0, 270045716.0
179.0, 128.0, 151.0, 270045725.0, 270045904.0, 270045910.0, 270045853.0, 270045876.0
55.0, 140.0, 163.0, 270045856.0, 270045911.0, 270045916.0, 270045996.0, 270046019.0
154.0, 114.0, 137.0, 270045914.0, 270046068.0, 270046080.0, 270046028.0, 270046051.0
69.0, 144.0, 167.0, 270046013.0, 270046082.0, 270046087.0, 270046157.0, 270046180.0
178.0, 139.0, 162.0, 270046049.0, 270046227.0, 270046234.0, 270046188.0, 270046211.0
49.0, 129.0, 152.0, 270046187.0, 270046236.0, 270046243.0, 270046316.0, 270046339.0
178.0, 138.0, 161.0, 270046211.0, 270046389.0, 270046401.0, 270046349.0, 270046372.0
196.0, 140.0, 163.0, 270046353.0, 270046549.0, 270046557.0, 270046493.0, 270046516.0
203.0, 143.0, 166.0, 270046509.0, 270046712.0, 270046720.0, 270046652.0, 270046675.0
45.0, 120.0, 143.0, 270046676.0, 270046721.0, 270046726.0, 270046796.0, 270046819.0
187.0, 142.0, 165.0, 270046686.0, 270046873.0, 270046884.0, 270046828.0, 270046851.0
72.0, 142.0, 165.0, 270046814.0, 270046886.0, 270046892.0, 270046956.0, 270046979.0
165.0, 120.0, 143.0, 270046869.0, 270047034.0, 270047043.0, 270046989.0, 270047012.0
48.0, 120.0, 143.0, 270046996.0, 270047044.0, 270047051.0, 270047116.0, 270047139.0
186.0, 137.0, 160.0, 270047011.0, 270047197.0, 270047208.0, 270047148.0, 270047171.0
51.0, 135.0, 158.0, 270047158.0, 270047209.0, 270047215.0, 270047293.0, 270047316.0
170.0, 136.0, 159.0, 270047189.0, 270047359.0, 270047366.0, 270047325.0, 270047348.0
54.0, 140.0, 163.0, 270047313.0, 270047367.0, 270047373.0, 270047453.0, 270047476.0
177.0, 142.0, 165.0, 270047343.0, 270047520.0, 270047531.0, 270047485.0, 270047508.0
185.0, 129.0, 152.0, 270047499.0, 270047684.0, 270047692.0, 270047628.0, 270047651.0
202.0, 142.0, 165.0, 270047646.0, 270047848.0, 270047859.0, 270047788.0, 270047811.0
206.0, 145.0, 168.0, 270047804.0, 270048010.0, 270048019.0, 270047949.0, 270047972.0
73.0, 145.0, 168.0, 270047948.0, 270048021.0, 270048026.0, 270048093.0, 270048116.0
168.0, 122.0, 145.0, 270048003.0, 270048171.0, 270048176.0, 270048125.0, 270048148.0
55.0, 130.0, 153.0, 270048123.0, 270048178.0, 270048183.0, 270048253.0, 270048276.0
168.0, 122.0, 145.0, 270048164.0, 270048332.0, 270048345.0, 270048286.0, 270048309.0
61.0, 143.0, 166.0, 270048286.0, 270048347.0, 270048352.0, 270048429.0, 270048452.0
176.0, 144.0, 167.0, 270048317.0, 270048493.0, 270048500.0, 270048461.0, 270048484.0
31.0, 117.0, 140.0, 270048471.0, 270048502.0, 270048508.0, 270048588.0, 270048611.0
173.0, 138.0, 161.0, 270048482.0, 270048655.0, 270048665.0, 270048620.0, 270048643.0
65.0, 147.0, 170.0, 270048602.0, 270048667.0, 270048671.0, 270048749.0, 270048772.0
152.0, 130.0, 153.0, 270048667.0, 270048819.0, 270048827.0, 270048797.0, 270048820.0
197.0, 144.0, 167.0, 270048781.0, 270048978.0, 270048985.0, 270048925.0, 270048948.0
63.0, 130.0, 153.0, 270048923.0, 270048986.0, 270048992.0, 270049053.0, 270049076.0
198.0, 143.0, 166.0, 270048941.0, 270049139.0, 270049150.0, 270049084.0, 270049107.0
60.0, 137.0, 160.0, 270049091.0, 270049151.0, 270049157.0, 270049228.0, 270049251.0
178.0, 138.0, 161.0, 270049123.0, 270049301.0, 270049307.0, 270049261.0, 270049284.0
52.0, 132.0, 155.0, 270049256.0, 270049308.0, 270049313.0, 270049388.0, 270049411.0
177.0, 134.0, 157.0, 270049286.0, 270049463.0, 270049473.0, 270049420.0, 270049443.0
63.0, 137.0, 160.0, 270049412.0, 270049475.0, 270049480.0, 270049549.0, 270049572.0
182.0, 135.0, 158.0, 270049445.0, 270049627.0, 270049634.0, 270049580.0, 270049603.0
203.0, 137.0, 160.0, 270049588.0, 270049791.0, 270049801.0, 270049725.0, 270049748.0
205.0, 136.0, 159.0, 270049750.0, 270049955.0, 270049965.0, 270049886.0, 270049909.0
196.0, 137.0, 160.0, 270049924.0, 270050120.0, 270050126.0, 270050061.0, 270050084.0
192.0, 127.0, 150.0, 270050093.0, 270050285.0, 270050296.0, 270050220.0, 270050243.0
199.0, 146.0, 169.0, 270050250.0, 270050449.0, 270050455.0, 270050396.0, 270050419.0
195.0, 137.0, 160.0, 270050419.0, 270050614.0, 270050625.0, 270050556.0, 270050579.0
50.0, 139.0, 162.0, 270050577.0, 270050627.0, 270050632.0, 270050716.0, 270050739.0
167.0, 137.0, 160.0, 270050612.0, 270050779.0, 270050786.0, 270050749.0, 270050772.0
187.0, 135.0, 158.0, 270050757.0, 270050944.0, 270050953.0, 270050892.0, 270050915.0
40.0, 138.0, 161.0, 270050915.0, 270050955.0, 270050960.0, 270051053.0, 270051076.0
164.0, 139.0, 162.0, 270050946.0, 270051110.0, 270051121.0, 270051085.0, 270051108.0
190.0, 143.0, 166.0, 270051085.0, 270051275.0, 270051280.0, 270051228.0, 270051251.0
62.0, 138.0, 161.0, 270051219.0, 270051281.0, 270051286.0, 270051357.0, 270051380.0
190.0, 137.0, 160.0, 270051252.0, 270051442.0, 270051453.0, 270051389.0, 270051412.0
196.0, 138.0, 161.0, 270051411.0, 270051607.0, 270051614.0, 270051549.0, 270051572.0
185.0, 138.0, 161.0, 270051587.0, 270051772.0, 270051783.0, 270051725.0, 270051748.0
38.0, 138.0, 161.0, 270051746.0, 270051784.0, 270051789.0, 270051884.0, 270051907.0
164.0, 140.0, 163.0, 270051776.0, 270051940.0, 270051947.0, 270051916.0, 270051939.0
58.0, 139.0, 162.0, 270051890.0, 270051948.0, 270051954.0, 270052029.0, 270052052.0
184.0, 140.0, 163.0, 270051920.0, 270052104.0, 270052113.0, 270052060.0, 270052083.0
178.0, 128.0, 151.0, 270052093.0, 270052271.0, 270052281.0, 270052221.0, 270052244.0
38.0, 136.0, 159.0, 270052245.0, 270052283.0, 270052288.0, 270052381.0, 270052404.0
148.0, 137.0, 160.0, 270052292.0, 270052440.0, 270052446.0, 270052429.0, 270052452.0
181.0, 134.0, 157.0, 270052422.0, 270052603.0, 270052613.0, 270052556.0, 270052579.0
37.0, 138.0, 161.0, 270052578.0, 270052615.0, 270052620.0, 270052716.0, 270052739.0
165.0, 142.0, 165.0, 270052607.0, 270052772.0, 270052778.0, 270052749.0, 270052772.0
60.0, 141.0, 164.0, 270052720.0, 270052780.0, 270052787.0, 270052861.0, 270052884.0
179.0, 136.0, 159.0, 270052757.0, 270052936.0, 270052948.0, 270052893.0, 270052916.0
189.0, 138.0, 161.0, 270052914.0, 270053103.0, 270053117.0, 270053052.0, 270053075.0
173.0, 136.0, 159.0, 270053095.0, 270053268.0, 270053275.0, 270053231.0, 270053254.0
184.0, 139.0, 162.0, 270053250.0, 270053434.0, 270053445.0, 270053389.0, 270053412.0
37.0, 139.0, 162.0, 270053409.0, 270053446.0, 270053452.0, 270053548.0, 270053571.0
159.0, 142.0, 165.0, 270053439.0, 270053598.0, 270053603.0, 270053581.0, 270053604.0
48.0, 136.0, 159.0, 270053556.0, 270053604.0, 270053609.0, 270053692.0, 270053715.0
170.0, 134.0, 157.0, 270053590.0, 270053760.0, 270053771.0, 270053724.0, 270053747.0
61.0, 141.0, 164.0, 270053712.0, 270053773.0, 270053778.0, 270053853.0, 270053876.0
179.0, 140.0, 163.0, 270053745.0, 270053924.0, 270053931.0, 270053885.0, 270053908.0
58.0, 139.0, 162.0, 270053874.0, 270053932.0, 270053939.0, 270054013.0, 270054036.0
171.0, 140.0, 163.0, 270053921.0, 270054092.0, 270054100.0, 270054061.0, 270054084.0
53.0, 140.0, 163.0, 270054048.0, 270054101.0, 270054106.0, 270054188.0, 270054211.0
173.0, 135.0, 158.0, 270054085.0, 270054258.0, 270054269.0, 270054220.0, 270054243.0
61.0, 139.0, 162.0, 270054209.0, 270054270.0, 270054276.0, 270054348.0, 270054371.0
182.0, 139.0, 162.0, 270054242.0, 270054424.0, 270054430.0, 270054381.0, 270054404.0
40.0, 131.0, 154.0, 270054393.0, 270054433.0, 270054438.0, 270054524.0, 270054547.0
166.0, 133.0, 156.0, 270054423.0, 270054589.0, 270054602.0, 270054556.0, 270054579.0
205.0, 136.0, 159.0, 270054549.0, 270054754.0, 270054767.0, 270054685.0, 270054708.0
197.0, 138.0, 161.0, 270054723.0, 270054920.0, 270054933.0, 270054861.0, 270054884.0
198.0, 135.0, 158.0, 270054886.0, 270055084.0, 270055096.0, 270055021.0, 270055044.0
59.0, 142.0, 165.0, 270055039.0, 270055098.0, 270055103.0, 270055181.0, 270055204.0
174.0, 138.0, 161.0, 270055075.0, 270055249.0, 270055261.0, 270055213.0, 270055236.0
194.0, 140.0, 163.0, 270055217.0, 270055411.0, 270055421.0, 270055357.0, 270055380.0
201.0, 140.0, 163.0, 270055376.0, 270055577.0, 270055584.0, 270055516.0, 270055539.0
64.0, 140.0, 163.0, 270055521.0, 270055585.0, 270055590.0, 270055661.0, 270055684.0
194.0, 138.0, 161.0, 270055554.0, 270055748.0, 270055758.0, 270055692.0, 270055715.0
194.0, 138.0, 161.0, 270055715.0, 270055909.0, 270055920.0, 270055853.0, 270055876.0
46.0, 138.0, 161.0, 270055875.0, 270055921.0, 270055927.0, 270056013.0, 270056036.0
152.0, 139.0, 162.0, 270055922.0, 270056074.0, 270056086.0, 270056061.0, 270056084.0
36.0, 105.0, 128.0, 270056051.0, 270056087.0, 270056094.0, 270056156.0, 270056179.0
152.0, 104.0, 127.0, 270056085.0, 270056237.0, 270056252.0, 270056189.0, 270056212.0
180.0, 129.0, 152.0, 270056219.0, 270056399.0, 270056412.0, 270056348.0, 270056371.0
52.0, 131.0, 154.0, 270056361.0, 270056413.0, 270056419.0, 270056492.0, 270056515.0
165.0, 126.0, 149.0, 270056398.0, 270056563.0, 270056575.0, 270056524.0, 270056547.0
62.0, 138.0, 161.0, 270056514.0, 270056576.0, 270056581.0, 270056652.0, 270056675.0
177.0, 135.0, 158.0, 270056550.0, 270056727.0, 270056740.0, 270056685.0, 270056708.0
64.0, 135.0, 158.0, 270056678.0, 270056742.0, 270056747.0, 270056813.0, 270056836.0
164.0, 133.0, 156.0, 270056729.0, 270056893.0, 270056906.0, 270056862.0, 270056885.0
43.0, 124.0, 147.0, 270056865.0, 270056908.0, 270056914.0, 270056989.0, 270057012.0
174.0, 138.0, 161.0, 270056882.0, 270057056.0, 270057068.0, 270057020.0, 270057043.0
58.0, 137.0, 160.0, 270057011.0, 270057069.0, 270057075.0, 270057148.0, 270057171.0
175.0, 136.0, 159.0, 270057045.0, 270057220.0, 270057232.0, 270057181.0, 270057204.0
193.0, 132.0, 155.0, 270057192.0, 270057385.0, 270057398.0, 270057324.0, 270057347.0
51.0, 135.0, 158.0, 270057349.0, 270057400.0, 270057405.0, 270057484.0, 270057507.0
170.0, 137.0, 160.0, 270057379.0, 270057549.0, 270057561.0, 270057516.0, 270057539.0
192.0, 139.0, 162.0, 270057522.0, 270057714.0, 270057725.0, 270057661.0, 270057684.0
35.0, 128.0, 151.0, 270057692.0, 270057727.0, 270057732.0, 270057820.0, 270057843.0
169.0, 143.0, 166.0, 270057709.0, 270057878.0, 270057890.0, 270057852.0, 270057875.0
190.0, 130.0, 153.0, 270057852.0, 270058042.0, 270058054.0, 270057982.0, 270058005.0
58.0, 126.0, 149.0, 270057998.0, 270058056.0, 270058062.0, 270058124.0, 270058147.0
179.0, 129.0, 152.0, 270058027.0, 270058206.0, 270058220.0, 270058156.0, 270058179.0
199.0, 145.0, 168.0, 270058172.0, 270058371.0, 270058384.0, 270058317.0, 270058340.0
174.0, 132.0, 155.0, 270058361.0, 270058535.0, 270058547.0, 270058493.0, 270058516.0
73.0, 144.0, 167.0, 270058476.0, 270058549.0, 270058554.0, 270058620.0, 270058643.0
181.0, 134.0, 157.0, 270058518.0, 270058699.0, 270058712.0, 270058652.0, 270058675.0
68.0, 135.0, 158.0, 270058646.0, 270058714.0, 270058719.0, 270058781.0, 270058804.0
181.0, 134.0, 157.0, 270058679.0, 270058860.0, 270058873.0, 270058813.0, 270058836.0
204.0, 138.0, 161.0, 270058818.0, 270059022.0, 270059033.0, 270058956.0, 270058979.0
55.0, 137.0, 160.0, 270058980.0, 270059035.0, 270059040.0, 270059117.0, 270059140.0
176.0, 138.0, 161.0, 270059010.0, 270059186.0, 270059196.0, 270059148.0, 270059171.0
195.0, 136.0, 159.0, 270059156.0, 270059351.0, 270059362.0, 270059292.0, 270059315.0
201.0, 137.0, 160.0, 270059315.0, 270059516.0, 270059527.0, 270059452.0, 270059475.0
52.0, 136.0, 159.0, 270059476.0, 270059528.0, 270059533.0, 270059612.0, 270059635.0
168.0, 135.0, 158.0, 270059510.0, 270059678.0, 270059691.0, 270059645.0, 270059668.0
190.0, 138.0, 161.0, 270059651.0, 270059841.0, 270059853.0, 270059789.0, 270059812.0
187.0, 134.0, 157.0, 270059816.0, 270060003.0, 270060014.0, 270059950.0, 270059973.0
60.0, 136.0, 159.0, 270059956.0, 270060016.0, 270060021.0, 270060092.0, 270060115.0
178.0, 136.0, 159.0, 270059988.0, 270060166.0, 270060176.0, 270060124.0, 270060147.0
65.0, 141.0, 164.0, 270060112.0, 270060177.0, 270060182.0, 270060253.0, 270060276.0
205.0, 142.0, 165.0, 270060143.0, 270060348.0, 270060357.0, 270060285.0, 270060308.0
49.0, 135.0, 158.0, 270060309.0, 270060358.0, 270060363.0, 270060444.0, 270060467.0
169.0, 139.0, 162.0, 270060353.0, 270060522.0, 270060532.0, 270060492.0, 270060515.0
52.0, 139.0, 162.0, 270060481.0, 270060533.0, 270060539.0, 270060620.0, 270060643.0
174.0, 141.0, 164.0, 270060511.0, 270060685.0, 270060697.0, 270060652.0, 270060675.0
54.0, 136.0, 159.0, 270060644.0, 270060698.0, 270060704.0, 270060780.0, 270060803.0
176.0, 138.0, 161.0, 270060675.0, 270060851.0, 270060861.0, 270060813.0, 270060836.0
198.0, 137.0, 160.0, 270060819.0, 270061017.0, 270061025.0, 270060956.0, 270060979.0
47.0, 137.0, 160.0, 270060979.0, 270061026.0, 270061033.0, 270061116.0, 270061139.0
172.0, 137.0, 160.0, 270061011.0, 270061183.0, 270061190.0, 270061148.0, 270061171.0
182.0, 126.0, 149.0, 270061166.0, 270061348.0, 270061355.0, 270061292.0, 270061315.0
45.0, 142.0, 165.0, 270061311.0, 270061356.0, 270061361.0, 270061453.0, 270061476.0
172.0, 142.0, 165.0, 270061342.0, 270061514.0, 270061521.0, 270061484.0, 270061507.0
52.0, 143.0, 166.0, 270061470.0, 270061522.0, 270061527.0, 270061613.0, 270061636.0
180.0, 143.0, 166.0, 270061501.0, 270061681.0, 270061687.0, 270061644.0, 270061667.0
75.0, 142.0, 165.0, 270061614.0, 270061689.0, 270061694.0, 270061756.0, 270061779.0
198.0, 141.0, 164.0, 270061648.0, 270061846.0, 270061853.0, 270061789.0, 270061812.0
194.0, 130.0, 153.0, 270061818.0, 270062012.0, 270062020.0, 270061948.0, 270061971.0
57.0, 130.0, 153.0, 270061964.0, 270062021.0, 270062027.0, 270062094.0, 270062117.0
186.0, 134.0, 157.0, 270061992.0, 270062178.0, 270062185.0, 270062126.0, 270062149.0
195.0, 136.0, 159.0, 270062148.0, 270062343.0, 270062351.0, 270062284.0, 270062307.0
199.0, 134.0, 157.0, 270062310.0, 270062509.0, 270062522.0, 270062444.0, 270062467.0
191.0, 138.0, 161.0, 270062483.0, 270062674.0, 270062688.0, 270062621.0, 270062644.0
200.0, 140.0, 163.0, 270062640.0, 270062840.0, 270062853.0, 270062780.0, 270062803.0
187.0, 137.0, 160.0, 270062819.0, 270063006.0, 270063019.0, 270062956.0, 270062979.0
192.0, 138.0, 161.0, 270062979.0, 270063171.0, 270063185.0, 270063117.0, 270063140.0
48.0, 138.0, 161.0, 270063138.0, 270063186.0, 270063192.0, 270063276.0, 270063299.0
152.0, 138.0, 161.0, 270063187.0, 270063339.0, 270063345.0, 270063325.0, 270063348.0
189.0, 138.0, 161.0, 270063314.0, 270063503.0, 270063517.0, 270063452.0, 270063475.0
192.0, 135.0, 158.0, 270063478.0, 270063670.0, 270063683.0, 270063613.0, 270063636.0
183.0, 136.0, 159.0, 270063652.0, 270063835.0, 270063848.0, 270063788.0, 270063811.0
184.0, 134.0, 157.0, 270063816.0, 270064000.0, 270064013.0, 270063950.0, 270063973.0
177.0, 139.0, 162.0, 270063986.0, 270064163.0, 270064176.0, 270064125.0, 270064148.0
179.0, 137.0, 160.0, 270064147.0, 270064326.0, 270064339.0, 270064284.0, 270064307.0
37.0, 140.0, 163.0, 270064304.0, 270064341.0, 270064346.0, 270064444.0, 270064467.0
153.0, 138.0, 161.0, 270064338.0, 270064491.0, 270064504.0, 270064476.0, 270064499.0
168.0, 137.0, 160.0, 270064483.0, 270064651.0, 270064664.0, 270064620.0, 270064643.0
174.0, 135.0, 158.0, 270064646.0, 270064820.0, 270064828.0, 270064781.0, 270064804.0
43.0, 138.0, 161.0, 270064787.0, 270064830.0, 270064835.0, 270064925.0, 270064948.0
165.0, 140.0, 163.0, 270064816.0, 270064981.0, 270064994.0, 270064956.0, 270064979.0
161.0, 135.0, 158.0, 270064981.0, 270065142.0, 270065157.0, 270065116.0, 270065139.0
170.0, 141.0, 164.0, 270065136.0, 270065306.0, 270065319.0, 270065277.0, 270065300.0
39.0, 140.0, 163.0, 270065281.0, 270065320.0, 270065325.0, 270065421.0, 270065444.0
162.0, 141.0, 164.0, 270065311.0, 270065473.0, 270065486.0, 270065452.0, 270065475.0
41.0, 135.0, 158.0, 270065446.0, 270065487.0, 270065493.0, 270065581.0, 270065604.0
163.0, 138.0, 161.0, 270065474.0, 270065637.0, 270065650.0, 270065612.0, 270065635.0
34.0, 138.0, 161.0, 270065618.0, 270065652.0, 270065657.0, 270065756.0, 270065779.0
153.0, 140.0, 163.0, 270065648.0, 270065801.0, 270065815.0, 270065788.0, 270065811.0
36.0, 138.0, 161.0, 270065780.0, 270065816.0, 270065822.0, 270065918.0, 270065941.0
143.0, 131.0, 154.0, 270065819.0, 270065962.0, 270065975.0, 270065950.0, 270065973.0
30.0, 130.0, 153.0, 270065946.0, 270065976.0, 270065982.0, 270066076.0, 270066099.0
129.0, 133.0, 156.0, 270065991.0, 270066120.0, 270066134.0, 270066124.0, 270066147.0
53.0, 138.0, 161.0, 270066082.0, 270066135.0, 270066140.0, 270066220.0, 270066243.0
163.0, 139.0, 162.0, 270066113.0, 270066276.0, 270066287.0, 270066252.0, 270066275.0
44.0, 135.0, 158.0, 270066245.0, 270066289.0, 270066293.0, 270066380.0, 270066403.0
162.0, 138.0, 161.0, 270066275.0, 270066437.0, 270066451.0, 270066413.0, 270066436.0
67.0, 139.0, 162.0, 270066385.0, 270066452.0, 270066457.0, 270066524.0, 270066547.0
184.0, 140.0, 163.0, 270066416.0, 270066600.0, 270066608.0, 270066556.0, 270066579.0
63.0, 139.0, 162.0, 270066546.0, 270066609.0, 270066614.0, 270066685.0, 270066708.0
178.0, 130.0, 153.0, 270066587.0, 270066765.0, 270066773.0, 270066717.0, 270066740.0
69.0, 139.0, 162.0, 270066705.0, 270066774.0, 270066779.0, 270066844.0, 270066867.0
191.0, 138.0, 161.0, 270066738.0, 270066929.0, 270066937.0, 270066876.0, 270066899.0
60.0, 141.0, 164.0, 270066879.0, 270066939.0, 270066943.0, 270067020.0, 270067043.0
180.0, 138.0, 161.0, 270066914.0, 270067094.0, 270067103.0, 270067052.0, 270067075.0
62.0, 138.0, 161.0, 270067043.0, 270067105.0, 270067109.0, 270067181.0, 270067204.0
186.0, 140.0, 163.0, 270067073.0, 270067259.0, 270067272.0, 270067213.0, 270067236.0
203.0, 137.0, 160.0, 270067219.0, 270067422.0, 270067435.0, 270067356.0, 270067379.0
208.0, 138.0, 161.0, 270067378.0, 270067586.0, 270067599.0, 270067516.0, 270067539.0
66.0, 142.0, 165.0, 270067535.0, 270067601.0, 270067605.0, 270067677.0, 270067700.0
185.0, 143.0, 166.0, 270067566.0, 270067751.0, 270067764.0, 270067709.0, 270067732.0
202.0, 140.0, 163.0, 270067713.0, 270067915.0, 270067923.0, 270067853.0, 270067876.0
206.0, 140.0, 163.0, 270067872.0, 270068078.0, 270068092.0, 270068012.0, 270068035.0
75.0, 138.0, 161.0, 270068018.0, 270068093.0, 270068098.0, 270068156.0, 270068179.0
198.0, 144.0, 167.0, 270068044.0, 270068242.0, 270068255.0, 270068188.0, 270068211.0
193.0, 136.0, 159.0, 270068213.0, 270068406.0, 270068418.0, 270068349.0, 270068372.0
203.0, 142.0, 165.0, 270068367.0, 270068570.0, 270068583.0, 270068509.0, 270068532.0
71.0, 138.0, 161.0, 270068514.0, 270068585.0, 270068590.0, 270068652.0, 270068675.0
185.0, 135.0, 158.0, 270068549.0, 270068734.0, 270068748.0, 270068684.0, 270068707.0
73.0, 136.0, 159.0, 270068676.0, 270068749.0, 270068754.0, 270068812.0, 270068835.0
196.0, 141.0, 164.0, 270068703.0, 270068899.0, 270068912.0, 270068844.0, 270068867.0
70.0, 146.0, 169.0, 270068843.0, 270068913.0, 270068918.0, 270068989.0, 270069012.0
184.0, 141.0, 164.0, 270068879.0, 270069063.0, 270069068.0, 270069020.0, 270069043.0
57.0, 136.0, 159.0, 270069012.0, 270069069.0, 270069074.0, 270069148.0, 270069171.0
186.0, 139.0, 162.0, 270069041.0, 270069227.0, 270069240.0, 270069180.0, 270069203.0
76.0, 143.0, 166.0, 270069165.0, 270069241.0, 270069246.0, 270069308.0, 270069331.0
176.0, 142.0, 165.0, 270069214.0, 270069390.0, 270069403.0, 270069356.0, 270069379.0
208.0, 142.0, 165.0, 270069343.0, 270069551.0, 270069562.0, 270069485.0, 270069508.0
58.0, 140.0, 163.0, 270069506.0, 270069564.0, 270069568.0, 270069646.0, 270069669.0
171.0, 138.0, 161.0, 270069540.0, 270069711.0, 270069724.0, 270069678.0, 270069701.0
198.0, 142.0, 165.0, 270069678.0, 270069876.0, 270069889.0, 270069820.0, 270069843.0
198.0, 139.0, 162.0, 270069841.0, 270070039.0, 270070052.0, 270069980.0, 270070003.0
189.0, 142.0, 165.0, 270070014.0, 270070203.0, 270070216.0, 270070156.0, 270070179.0
188.0, 137.0, 160.0, 270070179.0, 270070367.0, 270070380.0, 270070316.0, 270070339.0
44.0, 139.0, 162.0, 270070337.0, 270070381.0, 270070386.0, 270070476.0, 270070499.0
166.0, 143.0, 166.0, 270070366.0, 270070532.0, 270070544.0, 270070509.0, 270070532.0
180.0, 137.0, 160.0, 270070515.0, 270070695.0, 270070708.0, 270070652.0, 270070675.0
183.0, 137.0, 160.0, 270070676.0, 270070859.0, 270070871.0, 270070813.0, 270070836.0
56.0, 140.0, 163.0, 270070816.0, 270070872.0, 270070877.0, 270070956.0, 270070979.0
171.0, 139.0, 162.0, 270070849.0, 270071020.0, 270071032.0, 270070988.0, 270071011.0
55.0, 137.0, 160.0, 270070979.0, 270071034.0, 270071038.0, 270071116.0, 270071139.0
171.0, 138.0, 161.0, 270071010.0, 270071181.0, 270071186.0, 270071148.0, 270071171.0
86.0, 143.0, 166.0, 270071101.0, 270071187.0, 270071192.0, 270071244.0, 270071267.0
57.0, 141.0, 164.0, 270071136.0, 270071193.0, 270071198.0, 270071277.0, 270071300.0
174.0, 140.0, 163.0, 270071169.0, 270071343.0, 270071348.0, 270071309.0, 270071332.0
102.0, 140.0, 163.0, 270071248.0, 270071350.0, 270071354.0, 270071388.0, 270071411.0
77.0, 142.0, 165.0, 270071278.0, 270071355.0, 270071360.0, 270071420.0, 270071443.0
195.0, 143.0, 166.0, 270071309.0, 270071504.0, 270071517.0, 270071452.0, 270071475.0
77.0, 140.0, 163.0, 270071441.0, 270071518.0, 270071523.0, 270071581.0, 270071604.0
190.0, 139.0, 162.0, 270071475.0, 270071665.0, 270071678.0, 270071614.0, 270071637.0
66.0, 143.0, 166.0, 270071613.0, 270071679.0, 270071684.0, 270071756.0, 270071779.0
181.0, 143.0, 166.0, 270071645.0, 270071826.0, 270071839.0, 270071788.0, 270071811.0
61.0, 137.0, 160.0, 270071779.0, 270071840.0, 270071845.0, 270071916.0, 270071939.0
181.0, 142.0, 165.0, 270071807.0, 270071988.0, 270072000.0, 270071949.0, 270071972.0
65.0, 141.0, 164.0, 270071936.0, 270072001.0, 270072006.0, 270072077.0, 270072100.0
182.0, 142.0, 165.0, 270071967.0, 270072149.0, 270072162.0, 270072109.0, 270072132.0
198.0, 140.0, 163.0, 270072112.0, 270072310.0, 270072323.0, 270072252.0, 270072275.0
198.0, 140.0, 163.0, 270072273.0, 270072471.0, 270072485.0, 270072413.0, 270072436.0
69.0, 139.0, 162.0, 270072417.0, 270072486.0, 270072491.0, 270072556.0, 270072579.0
187.0, 143.0, 166.0, 270072446.0, 270072633.0, 270072641.0, 270072589.0, 270072612.0
65.0, 138.0, 161.0, 270072578.0, 270072643.0, 270072648.0, 270072716.0, 270072739.0
187.0, 140.0, 163.0, 270072608.0, 270072795.0, 270072806.0, 270072748.0, 270072771.0
66.0, 134.0, 157.0, 270072742.0, 270072808.0, 270072814.0, 270072876.0, 270072899.0
182.0, 135.0, 158.0, 270072773.0, 270072955.0, 270072968.0, 270072908.0, 270072931.0
200.0, 135.0, 158.0, 270072917.0, 270073117.0, 270073130.0, 270073052.0, 270073075.0
186.0, 122.0, 145.0, 270073091.0, 270073277.0, 270073292.0, 270073213.0, 270073236.0
184.0, 135.0, 158.0, 270073255.0, 270073439.0, 270073451.0, 270073390.0, 270073413.0
70.0, 133.0, 156.0, 270073383.0, 270073453.0, 270073458.0, 270073516.0, 270073539.0
189.0, 137.0, 160.0, 270073411.0, 270073600.0, 270073612.0, 270073548.0, 270073571.0
74.0, 138.0, 161.0, 270073539.0, 270073613.0, 270073619.0, 270073677.0, 270073700.0
191.0, 139.0, 162.0, 270073570.0, 270073761.0, 270073773.0, 270073709.0, 270073732.0
64.0, 141.0, 164.0, 270073711.0, 270073775.0, 270073780.0, 270073852.0, 270073875.0
178.0, 140.0, 163.0, 270073745.0, 270073923.0, 270073935.0, 270073885.0, 270073908.0
65.0, 141.0, 164.0, 270073871.0, 270073936.0, 270073942.0, 270074012.0, 270074035.0
181.0, 140.0, 163.0, 270073904.0, 270074085.0, 270074097.0, 270074044.0, 270074067.0
199.0, 141.0, 164.0, 270074047.0, 270074246.0, 270074258.0, 270074188.0, 270074211.0
192.0, 132.0, 155.0, 270074216.0, 270074408.0, 270074421.0, 270074348.0, 270074371.0
200.0, 139.0, 162.0, 270074369.0, 270074569.0, 270074582.0, 270074508.0, 270074531.0
69.0, 138.0, 161.0, 270074515.0, 270074584.0, 270074589.0, 270074653.0, 270074676.0
184.0, 138.0, 161.0, 270074546.0, 270074730.0, 270074743.0, 270074684.0, 270074707.0
69.0, 137.0, 160.0, 270074675.0, 270074744.0, 270074749.0, 270074812.0, 270074835.0
189.0, 141.0, 164.0, 270074703.0, 270074892.0, 270074905.0, 270074844.0, 270074867.0
62.0, 143.0, 166.0, 270074845.0, 270074907.0, 270074911.0, 270074988.0, 270075011.0
176.0, 144.0, 167.0, 270074877.0, 270075053.0, 270075064.0, 270075021.0, 270075044.0
55.0, 138.0, 161.0, 270075010.0, 270075065.0, 270075070.0, 270075148.0, 270075171.0
176.0, 142.0, 165.0, 270075038.0, 270075214.0, 270075222.0, 270075180.0, 270075203.0
55.0, 139.0, 162.0, 270075169.0, 270075224.0, 270075229.0, 270075308.0, 270075331.0
172.0, 138.0, 161.0, 270075203.0, 270075375.0, 270075384.0, 270075341.0, 270075364.0
73.0, 140.0, 163.0, 270075313.0, 270075386.0, 270075391.0, 270075453.0, 270075476.0
188.0, 136.0, 159.0, 270075348.0, 270075536.0, 270075547.0, 270075484.0, 270075507.0
81.0, 145.0, 168.0, 270075468.0, 270075549.0, 270075553.0, 270075613.0, 270075636.0
198.0, 144.0, 167.0, 270075500.0, 270075698.0, 270075709.0, 270075644.0, 270075667.0
66.0, 143.0, 166.0, 270075645.0, 270075711.0, 270075716.0, 270075788.0, 270075811.0
180.0, 141.0, 164.0, 270075679.0, 270075859.0, 270075872.0, 270075820.0, 270075843.0
70.0, 145.0, 168.0, 270075803.0, 270075873.0, 270075877.0, 270075948.0, 270075971.0
184.0, 143.0, 166.0, 270075837.0, 270076021.0, 270076033.0, 270075980.0, 270076003.0
69.0, 142.0, 165.0, 270075966.0, 270076035.0, 270076039.0, 270076108.0, 270076131.0
187.0, 145.0, 168.0, 270075996.0, 270076183.0, 270076195.0, 270076141.0, 270076164.0
201.0, 141.0, 164.0, 270076143.0, 270076344.0, 270076357.0, 270076284.0, 270076307.0
204.0, 143.0, 166.0, 270076301.0, 270076505.0, 270076516.0, 270076444.0, 270076467.0
191.0, 146.0, 169.0, 270076475.0, 270076666.0, 270076680.0, 270076621.0, 270076644.0
77.0, 145.0, 168.0, 270076604.0, 270076681.0, 270076686.0, 270076749.0, 270076772.0
189.0, 141.0, 164.0, 270076639.0, 270076828.0, 270076841.0, 270076780.0, 270076803.0
76.0, 142.0, 165.0, 270076766.0, 270076842.0, 270076847.0, 270076908.0, 270076931.0
187.0, 139.0, 162.0, 270076803.0, 270076990.0, 270077003.0, 270076942.0, 270076965.0
212.0, 145.0, 168.0, 270076940.0, 270077152.0, 270077164.0, 270077085.0, 270077108.0
214.0, 146.0, 169.0, 270077098.0, 270077312.0, 270077325.0, 270077244.0, 270077267.0
194.0, 140.0, 163.0, 270077280.0, 270077474.0, 270077486.0, 270077420.0, 270077443.0
82.0, 142.0, 165.0, 270077406.0, 270077488.0, 270077492.0, 270077548.0, 270077571.0
197.0, 142.0, 165.0, 270077438.0, 270077635.0, 270077648.0, 270077580.0, 270077603.0
198.0, 142.0, 165.0, 270077598.0, 270077796.0, 270077809.0, 270077740.0, 270077763.0
63.0, 136.0, 159.0, 270077748.0, 270077811.0, 270077815.0, 270077884.0, 270077907.0
178.0, 137.0, 160.0, 270077779.0, 270077957.0, 270077969.0, 270077916.0, 270077939.0
70.0, 143.0, 166.0, 270077901.0, 270077971.0, 270077975.0, 270078044.0, 270078067.0
189.0, 143.0, 166.0, 270077933.0, 270078122.0, 270078134.0, 270078076.0, 270078099.0
207.0, 142.0, 165.0, 270078079.0, 270078286.0, 270078298.0, 270078221.0, 270078244.0
63.0, 143.0, 166.0, 270078237.0, 270078300.0, 270078304.0, 270078380.0, 270078403.0
180.0, 143.0, 166.0, 270078270.0, 270078450.0, 270078461.0, 270078413.0, 270078436.0
67.0, 145.0, 168.0, 270078396.0, 270078463.0, 270078467.0, 270078541.0, 270078564.0
184.0, 144.0, 167.0, 270078429.0, 270078613.0, 270078625.0, 270078573.0, 270078596.0
195.0, 136.0, 159.0, 270078582.0, 270078777.0, 270078788.0, 270078718.0, 270078741.0
58.0, 144.0, 167.0, 270078732.0, 270078790.0, 270078794.0, 270078876.0, 270078899.0
177.0, 144.0, 167.0, 270078764.0, 270078941.0, 270078953.0, 270078908.0, 270078931.0
191.0, 138.0, 161.0, 270078914.0, 270079105.0, 270079117.0, 270079052.0, 270079075.0
198.0, 143.0, 166.0, 270079070.0, 270079268.0, 270079280.0, 270079213.0, 270079236.0
52.0, 142.0, 165.0, 270079230.0, 270079282.0, 270079287.0, 270079372.0, 270079395.0
155.0, 140.0, 163.0, 270079280.0, 270079435.0, 270079446.0, 270079420.0, 270079443.0
188.0, 142.0, 165.0, 270079406.0, 270079594.0, 270079607.0, 270079548.0, 270079571.0
190.0, 143.0, 166.0, 270079565.0, 270079755.0, 270079767.0, 270079708.0, 270079731.0
49.0, 133.0, 156.0, 270079719.0, 270079768.0, 270079772.0, 270079852.0, 270079875.0
172.0, 139.0, 162.0, 270079745.0, 270079917.0, 270079928.0, 270079884.0, 270079907.0
60.0, 142.0, 165.0, 270079870.0, 270079930.0, 270079934.0, 270080012.0, 270080035.0
177.0, 141.0, 164.0, 270079903.0, 270080080.0, 270080093.0, 270080044.0, 270080067.0
65.0, 144.0, 167.0, 270080029.0, 270080094.0, 270080099.0, 270080173.0, 270080196.0
166.0, 143.0, 166.0, 270080078.0, 270080244.0, 270080253.0, 270080221.0, 270080244.0
48.0, 142.0, 165.0, 270080206.0, 270080254.0, 270080258.0, 270080348.0, 270080371.0
171.0, 143.0, 166.0, 270080238.0, 270080409.0, 270080418.0, 270080381.0, 270080404.0
208.0, 144.0, 167.0, 270080365.0, 270080573.0, 270080585.0, 270080509.0, 270080532.0
75.0, 140.0, 163.0, 270080512.0, 270080587.0, 270080591.0, 270080652.0, 270080675.0
199.0, 145.0, 168.0, 270080539.0, 270080738.0, 270080751.0, 270080684.0, 270080707.0
202.0, 144.0, 167.0, 270080700.0, 270080902.0, 270080915.0, 270080844.0, 270080867.0
186.0, 140.0, 163.0, 270080881.0, 270081067.0, 270081080.0, 270081021.0, 270081044.0
194.0, 143.0, 166.0, 270081037.0, 270081231.0, 270081239.0, 270081180.0, 270081203.0
197.0, 144.0, 167.0, 270081197.0, 270081394.0, 270081404.0, 270081341.0, 270081364.0
65.0, 144.0, 167.0, 270081340.0, 270081405.0, 270081410.0, 270081484.0, 270081507.0
182.0, 144.0, 167.0, 270081373.0, 270081555.0, 270081567.0, 270081517.0, 270081540.0
69.0, 144.0, 167.0, 270081500.0, 270081569.0, 270081573.0, 270081644.0, 270081667.0
188.0, 145.0, 168.0, 270081531.0, 270081719.0, 270081730.0, 270081676.0, 270081699.0
69.0, 142.0, 165.0, 270081663.0, 270081732.0, 270081736.0, 270081805.0, 270081828.0
173.0, 142.0, 165.0, 270081710.0, 270081883.0, 270081895.0, 270081852.0, 270081875.0
56.0, 141.0, 164.0, 270081840.0, 270081896.0, 270081901.0, 270081981.0, 270082004.0
177.0, 143.0, 166.0, 270081870.0, 270082047.0, 270082058.0, 270082013.0, 270082036.0
54.0, 138.0, 161.0, 270082005.0, 270082059.0, 270082063.0, 270082143.0, 270082166.0
173.0, 135.0, 158.0, 270082039.0, 270082212.0, 270082223.0, 270082174.0, 270082197.0
201.0, 143.0, 166.0, 270082174.0, 270082375.0, 270082387.0, 270082317.0, 270082340.0
205.0, 142.0, 165.0, 270082334.0, 270082539.0, 270082551.0, 270082476.0, 270082499.0
187.0, 137.0, 160.0, 270082516.0, 270082703.0, 270082715.0, 270082653.0, 270082676.0
199.0, 145.0, 168.0, 270082668.0, 270082867.0, 270082880.0, 270082813.0, 270082836.0
198.0, 143.0, 166.0, 270082830.0, 270083028.0, 270083038.0, 270082973.0, 270082996.0
66.0, 143.0, 166.0, 270082973.0, 270083039.0, 270083044.0, 270083116.0, 270083139.0
184.0, 143.0, 166.0, 270083005.0, 270083189.0, 270083201.0, 270083148.0, 270083171.0
73.0, 148.0, 171.0, 270083129.0, 270083202.0, 270083206.0, 270083277.0, 270083300.0
190.0, 148.0, 171.0, 270083161.0, 270083351.0, 270083361.0, 270083309.0, 270083332.0
54.0, 143.0, 166.0, 270083309.0, 270083363.0, 270083367.0, 270083452.0, 270083475.0
173.0, 144.0, 167.0, 270083340.0, 270083513.0, 270083525.0, 270083484.0, 270083507.0
59.0, 145.0, 168.0, 270083467.0, 270083526.0, 270083530.0, 270083612.0, 270083635.0
176.0, 146.0, 169.0, 270083498.0, 270083674.0, 270083685.0, 270083644.0, 270083667.0
51.0, 139.0, 162.0, 270083635.0, 270083686.0, 270083691.0, 270083774.0, 270083797.0
167.0, 139.0, 162.0, 270083667.0, 270083834.0, 270083845.0, 270083806.0, 270083829.0
192.0, 145.0, 168.0, 270083803.0, 270083995.0, 270084008.0, 270083948.0, 270083971.0
188.0, 141.0, 164.0, 270083968.0, 270084156.0, 270084161.0, 270084109.0, 270084132.0
53.0, 142.0, 165.0, 270084110.0, 270084163.0, 270084167.0, 270084252.0, 270084275.0
175.0, 142.0, 165.0, 270084142.0, 270084317.0, 270084322.0, 270084284.0, 270084307.0
87.0, 144.0, 167.0, 270084236.0, 270084323.0, 270084328.0, 270084380.0, 270084403.0
209.0, 143.0, 166.0, 270084269.0, 270084478.0, 270084482.0, 270084412.0, 270084435.0
51.0, 141.0, 164.0, 270084432.0, 270084483.0, 270084488.0, 270084573.0, 270084596.0
175.0, 141.0, 164.0, 270084464.0, 270084639.0, 270084649.0, 270084605.0, 270084628.0
77.0, 143.0, 166.0, 270084573.0, 270084650.0, 270084654.0, 270084716.0, 270084739.0
196.0, 142.0, 165.0, 270084606.0, 270084802.0, 270084811.0, 270084748.0, 270084771.0
78.0, 142.0, 165.0, 270084735.0, 270084813.0, 270084817.0, 270084877.0, 270084900.0
201.0, 146.0, 169.0, 270084762.0, 270084963.0, 270084973.0, 270084908.0, 270084931.0
57.0, 135.0, 158.0, 270084917.0, 270084974.0, 270084978.0, 270085052.0, 270085075.0
182.0, 141.0, 164.0, 270084943.0, 270085125.0, 270085137.0, 270085084.0, 270085107.0
69.0, 143.0, 166.0, 270085069.0, 270085138.0, 270085143.0, 270085212.0, 270085235.0
184.0, 143.0, 166.0, 270085101.0, 270085285.0, 270085297.0, 270085244.0, 270085267.0
65.0, 140.0, 163.0, 270085233.0, 270085298.0, 270085303.0, 270085373.0, 270085396.0
185.0, 144.0, 167.0, 270085261.0, 270085446.0, 270085458.0, 270085405.0, 270085428.0
196.0, 139.0, 162.0, 270085411.0, 270085607.0, 270085618.0, 270085550.0, 270085573.0
205.0, 144.0, 167.0, 270085564.0, 270085769.0, 270085780.0, 270085708.0, 270085731.0
189.0, 144.0, 167.0, 270085740.0, 270085929.0, 270085940.0, 270085884.0, 270085907.0
76.0, 146.0, 169.0, 270085866.0, 270085942.0, 270085946.0, 270086012.0, 270086035.0
191.0, 145.0, 168.0, 270085899.0, 270086090.0, 270086100.0, 270086044.0, 270086067.0
71.0, 142.0, 165.0, 270086031.0, 270086102.0, 270086105.0, 270086173.0, 270086196.0
191.0, 143.0, 166.0, 270086061.0, 270086252.0, 270086263.0, 270086204.0, 270086227.0
207.0, 142.0, 165.0, 270086206.0, 270086413.0, 270086425.0, 270086348.0, 270086371.0
210.0, 145.0, 168.0, 270086364.0, 270086574.0, 270086586.0, 270086509.0, 270086532.0
196.0, 145.0, 168.0, 270086539.0, 270086735.0, 270086747.0, 270086684.0, 270086707.0
80.0, 143.0, 166.0, 270086669.0, 270086749.0, 270086753.0, 270086812.0, 270086835.0
195.0, 143.0, 166.0, 270086701.0, 270086896.0, 270086907.0, 270086844.0, 270086867.0
71.0, 135.0, 158.0, 270086837.0, 270086908.0, 270086913.0, 270086972.0, 270086995.0
190.0, 137.0, 160.0, 270086867.0, 270087057.0, 270087065.0, 270087004.0, 270087027.0
59.0, 142.0, 165.0, 270087007.0, 270087066.0, 270087070.0, 270087149.0, 270087172.0
179.0, 142.0, 165.0, 270087039.0, 270087218.0, 270087224.0, 270087181.0, 270087204.0
55.0, 138.0, 161.0, 270087170.0, 270087225.0, 270087229.0, 270087308.0, 270087331.0
183.0, 144.0, 167.0, 270087196.0, 270087379.0, 270087384.0, 270087340.0, 270087363.0
203.0, 147.0, 170.0, 270087337.0, 270087540.0, 270087545.0, 270087484.0, 270087507.0
79.0, 145.0, 168.0, 270087467.0, 270087546.0, 270087549.0, 270087612.0, 270087635.0
201.0, 144.0, 167.0, 270087500.0, 270087701.0, 270087707.0, 270087644.0, 270087667.0
74.0, 138.0, 161.0, 270087634.0, 270087708.0, 270087712.0, 270087772.0, 270087795.0
202.0, 144.0, 167.0, 270087660.0, 270087862.0, 270087868.0, 270087804.0, 270087827.0
65.0, 144.0, 167.0, 270087804.0, 270087869.0, 270087873.0, 270087948.0, 270087971.0
188.0, 145.0, 168.0, 270087835.0, 270088023.0, 270088029.0, 270087980.0, 270088003.0
64.0, 143.0, 166.0, 270087966.0, 270088030.0, 270088035.0, 270088109.0, 270088132.0
185.0, 141.0, 164.0, 270087999.0, 270088184.0, 270088190.0, 270088140.0, 270088163.0
98.0, 143.0, 166.0, 270088093.0, 270088191.0, 270088196.0, 270088236.0, 270088259.0
206.0, 144.0, 167.0, 270088140.0, 270088346.0, 270088350.0, 270088284.0, 270088307.0
114.0, 143.0, 166.0, 270088237.0, 270088351.0, 270088356.0, 270088380.0, 270088403.0
205.0, 143.0, 166.0, 270088301.0, 270088506.0, 270088512.0, 270088444.0, 270088467.0
208.0, 144.0, 167.0, 270088460.0, 270088668.0, 270088672.0, 270088604.0, 270088627.0
100.0, 143.0, 166.0, 270088573.0, 270088673.0, 270088678.0, 270088716.0, 270088739.0
74.0, 143.0, 166.0, 270088605.0, 270088679.0, 270088683.0, 270088748.0, 270088771.0
192.0, 142.0, 165.0, 270088638.0, 270088830.0, 270088836.0, 270088780.0, 270088803.0
73.0, 145.0, 168.0, 270088764.0, 270088837.0, 270088841.0, 270088909.0, 270088932.0
192.0, 143.0, 166.0, 270088798.0, 270088990.0, 270088995.0, 270088941.0, 270088964.0
205.0, 141.0, 164.0, 270088946.0, 270089151.0, 270089155.0, 270089087.0, 270089110.0
89.0, 146.0, 169.0, 270089067.0, 270089156.0, 270089161.0, 270089213.0, 270089236.0
213.0, 147.0, 170.0, 270089098.0, 270089311.0, 270089317.0, 270089245.0, 270089268.0
53.0, 138.0, 161.0, 270089266.0, 270089319.0, 270089323.0, 270089404.0, 270089427.0
181.0, 145.0, 168.0, 270089292.0, 270089473.0, 270089484.0, 270089437.0, 270089460.0
76.0, 140.0, 163.0, 270089409.0, 270089485.0, 270089490.0, 270089549.0, 270089572.0
194.0, 141.0, 164.0, 270089439.0, 270089633.0, 270089638.0, 270089580.0, 270089603.0
136.0, 141.0, 164.0, 270089503.0, 270089639.0, 270089644.0, 270089644.0, 270089667.0
72.0, 136.0, 159.0, 270089573.0, 270089645.0, 270089649.0, 270089709.0, 270089732.0
197.0, 143.0, 166.0, 270089598.0, 270089795.0, 270089800.0, 270089741.0, 270089764.0
75.0, 142.0, 165.0, 270089727.0, 270089802.0, 270089807.0, 270089869.0, 270089892.0
183.0, 143.0, 166.0, 270089773.0, 270089956.0, 270089962.0, 270089916.0, 270089939.0
127.0, 144.0, 167.0, 270089836.0, 270089963.0, 270089968.0, 270089980.0, 270090003.0
68.0, 143.0, 166.0, 270089901.0, 270089969.0, 270089974.0, 270090044.0, 270090067.0
184.0, 142.0, 165.0, 270089934.0, 270090118.0, 270090123.0, 270090076.0, 270090099.0
64.0, 145.0, 168.0, 270090060.0, 270090124.0, 270090129.0, 270090205.0, 270090228.0
153.0, 109.0, 132.0, 270090128.0, 270090281.0, 270090289.0, 270090237.0, 270090260.0
166.0, 106.0, 129.0, 270090274.0, 270090440.0, 270090445.0, 270090380.0, 270090403.0
70.0, 133.0, 156.0, 270090376.0, 270090446.0, 270090452.0, 270090509.0, 270090532.0
199.0, 138.0, 161.0, 270090403.0, 270090602.0, 270090608.0, 270090541.0, 270090564.0
186.0, 140.0, 163.0, 270090577.0, 270090763.0, 270090769.0, 270090717.0, 270090740.0
96.0, 139.0, 162.0, 270090674.0, 270090770.0, 270090775.0, 270090813.0, 270090836.0
68.0, 136.0, 159.0, 270090708.0, 270090776.0, 270090781.0, 270090844.0, 270090867.0
190.0, 139.0, 162.0, 270090737.0, 270090927.0, 270090939.0, 270090876.0, 270090899.0
73.0, 137.0, 160.0, 270090867.0, 270090940.0, 270090945.0, 270091004.0, 270091027.0
195.0, 139.0, 162.0, 270090897.0, 270091092.0, 270091104.0, 270091036.0, 270091059.0
64.0, 139.0, 162.0, 270091041.0, 270091105.0, 270091110.0, 270091180.0, 270091203.0
187.0, 143.0, 166.0, 270091069.0, 270091256.0, 270091268.0, 270091212.0, 270091235.0
60.0, 131.0, 154.0, 270091209.0, 270091269.0, 270091274.0, 270091340.0, 270091363.0
184.0, 141.0, 164.0, 270091233.0, 270091417.0, 270091429.0, 270091374.0, 270091397.0
198.0, 136.0, 159.0, 270091380.0, 270091578.0, 270091589.0, 270091516.0, 270091539.0
201.0, 135.0, 158.0, 270091542.0, 270091743.0, 270091755.0, 270091677.0, 270091700.0
61.0, 141.0, 164.0, 270091695.0, 270091756.0, 270091761.0, 270091836.0, 270091859.0
180.0, 141.0, 164.0, 270091727.0, 270091907.0, 270091920.0, 270091868.0, 270091891.0
199.0, 140.0, 163.0, 270091873.0, 270092072.0, 270092085.0, 270092013.0, 270092036.0
206.0, 141.0, 164.0, 270092031.0, 270092237.0, 270092249.0, 270092172.0, 270092195.0
76.0, 142.0, 165.0, 270092174.0, 270092250.0, 270092255.0, 270092316.0, 270092339.0
197.0, 143.0, 166.0, 270092205.0, 270092402.0, 270092414.0, 270092348.0, 270092371.0
194.0, 138.0, 161.0, 270092372.0, 270092566.0, 270092579.0, 270092510.0, 270092533.0
203.0, 141.0, 164.0, 270092528.0, 270092731.0, 270092744.0, 270092669.0, 270092692.0
73.0, 140.0, 163.0, 270092673.0, 270092746.0, 270092751.0, 270092813.0, 270092836.0
193.0, 141.0, 164.0, 270092703.0, 270092896.0, 270092909.0, 270092844.0, 270092867.0
79.0, 142.0, 165.0, 270092831.0, 270092910.0, 270092915.0, 270092973.0, 270092996.0
200.0, 143.0, 166.0, 270092861.0, 270093061.0, 270093067.0, 270093004.0, 270093027.0
64.0, 144.0, 167.0, 270093004.0, 270093068.0, 270093073.0, 270093148.0, 270093171.0
189.0, 143.0, 166.0, 270093037.0, 270093226.0, 270093238.0, 270093180.0, 270093203.0
71.0, 141.0, 164.0, 270093168.0, 270093239.0, 270093244.0, 270093309.0, 270093332.0
192.0, 142.0, 165.0, 270093198.0, 270093390.0, 270093403.0, 270093340.0, 270093363.0
175.0, 137.0, 160.0, 270093379.0, 270093554.0, 270093564.0, 270093516.0, 270093539.0
62.0, 140.0, 163.0, 270093504.0, 270093566.0, 270093571.0, 270093644.0, 270093667.0
177.0, 137.0, 160.0, 270093539.0, 270093716.0, 270093730.0, 270093676.0, 270093699.0
67.0, 141.0, 164.0, 270093664.0, 270093731.0, 270093735.0, 270093805.0, 270093828.0
182.0, 142.0, 165.0, 270093695.0, 270093877.0, 270093889.0, 270093837.0, 270093860.0
203.0, 143.0, 166.0, 270093837.0, 270094040.0, 270094050.0, 270093980.0, 270094003.0
198.0, 138.0, 161.0, 270094004.0, 270094202.0, 270094213.0, 270094142.0, 270094165.0
190.0, 143.0, 166.0, 270094174.0, 270094364.0, 270094375.0, 270094317.0, 270094340.0
190.0, 139.0, 162.0, 270094337.0, 270094527.0, 270094539.0, 270094476.0, 270094499.0
49.0, 144.0, 167.0, 270094492.0, 270094541.0, 270094546.0, 270094636.0, 270094659.0
168.0, 145.0, 168.0, 270094523.0, 270094691.0, 270094703.0, 270094668.0, 270094691.0
183.0, 139.0, 162.0, 270094673.0, 270094856.0, 270094866.0, 270094812.0, 270094835.0
189.0, 141.0, 164.0, 270094831.0, 270095020.0, 270095032.0, 270094972.0, 270094995.0
176.0, 139.0, 162.0, 270095009.0, 270095185.0, 270095197.0, 270095148.0, 270095171.0
172.0, 131.0, 154.0, 270095177.0, 270095349.0, 270095362.0, 270095308.0, 270095331.0
35.0, 139.0, 162.0, 270095329.0, 270095364.0, 270095369.0, 270095468.0, 270095491.0
157.0, 141.0, 164.0, 270095359.0, 270095516.0, 270095529.0, 270095500.0, 270095523.0
54.0, 136.0, 159.0, 270095476.0, 270095530.0, 270095536.0, 270095612.0, 270095635.0
172.0, 139.0, 162.0, 270095506.0, 270095678.0, 270095688.0, 270095645.0, 270095668.0
42.0, 125.0, 148.0, 270095648.0, 270095690.0, 270095695.0, 270095773.0, 270095796.0
169.0, 132.0, 155.0, 270095673.0, 270095842.0, 270095853.0, 270095805.0, 270095828.0
44.0, 138.0, 161.0, 270095811.0, 270095855.0, 270095860.0, 270095949.0, 270095972.0
162.0, 137.0, 160.0, 270095844.0, 270096006.0, 270096018.0, 270095981.0, 270096004.0
47.0, 137.0, 160.0, 270095972.0, 270096019.0, 270096024.0, 270096109.0, 270096132.0
165.0, 140.0, 163.0, 270096001.0, 270096166.0, 270096177.0, 270096141.0, 270096164.0
49.0, 138.0, 161.0, 270096130.0, 270096179.0, 270096184.0, 270096268.0, 270096291.0
165.0, 139.0, 162.0, 270096162.0, 270096327.0, 270096340.0, 270096301.0, 270096324.0
183.0, 136.0, 159.0, 270096308.0, 270096491.0, 270096501.0, 270096444.0, 270096467.0
192.0, 142.0, 165.0, 270096463.0, 270096655.0, 270096664.0, 270096605.0, 270096628.0
54.0, 136.0, 159.0, 270096612.0, 270096666.0, 270096671.0, 270096748.0, 270096771.0
176.0, 139.0, 162.0, 270096642.0, 270096818.0, 270096830.0, 270096781.0, 270096804.0
61.0, 138.0, 161.0, 270096771.0, 270096832.0, 270096837.0, 270096909.0, 270096932.0
180.0, 139.0, 162.0, 270096801.0, 270096981.0, 270096994.0, 270096940.0, 270096963.0
182.0, 139.0, 162.0, 270096962.0, 270097144.0, 270097156.0, 270097101.0, 270097124.0
51.0, 137.0, 160.0, 270097107.0, 270097158.0, 270097163.0, 270097244.0, 270097267.0
168.0, 137.0, 160.0, 270097139.0, 270097307.0, 270097319.0, 270097276.0, 270097299.0
55.0, 140.0, 163.0, 270097265.0, 270097320.0, 270097325.0, 270097405.0, 270097428.0
175.0, 141.0, 164.0, 270097295.0, 270097470.0, 270097481.0, 270097436.0, 270097459.0
194.0, 140.0, 163.0, 270097441.0, 270097635.0, 270097646.0, 270097581.0, 270097604.0
194.0, 138.0, 161.0, 270097603.0, 270097797.0, 270097809.0, 270097741.0, 270097764.0
51.0, 141.0, 164.0, 270097760.0, 270097811.0, 270097816.0, 270097901.0, 270097924.0
155.0, 143.0, 166.0, 270097806.0, 270097961.0, 270097973.0, 270097949.0, 270097972.0
69.0, 138.0, 161.0, 270097906.0, 270097975.0, 270097979.0, 270098044.0, 270098067.0
183.0, 140.0, 163.0, 270097936.0, 270098119.0, 270098131.0, 270098076.0, 270098099.0
65.0, 138.0, 161.0, 270098067.0, 270098132.0, 270098138.0, 270098205.0, 270098228.0
186.0, 142.0, 165.0, 270098094.0, 270098280.0, 270098291.0, 270098236.0, 270098259.0
199.0, 136.0, 159.0, 270098244.0, 270098443.0, 270098456.0, 270098380.0, 270098403.0
204.0, 138.0, 161.0, 270098402.0, 270098606.0, 270098618.0, 270098540.0, 270098563.0
60.0, 141.0, 164.0, 270098560.0, 270098620.0, 270098625.0, 270098701.0, 270098724.0
162.0, 139.0, 162.0, 270098609.0, 270098771.0, 270098782.0, 270098748.0, 270098771.0
197.0, 141.0, 164.0, 270098735.0, 270098932.0, 270098941.0, 270098876.0, 270098899.0
201.0, 143.0, 166.0, 270098893.0, 270099094.0, 270099105.0, 270099036.0, 270099059.0
55.0, 130.0, 153.0, 270099051.0, 270099106.0, 270099112.0, 270099181.0, 270099204.0
157.0, 111.0, 134.0, 270099102.0, 270099259.0, 270099274.0, 270099213.0, 270099236.0
168.0, 122.0, 145.0, 270099250.0, 270099418.0, 270099431.0, 270099372.0, 270099395.0
53.0, 88.0, 111.0, 270099380.0, 270099433.0, 270099442.0, 270099468.0, 270099491.0
144.0, 63.0, 86.0, 270099437.0, 270099581.0, 270099595.0, 270099500.0, 270099523.0
50.0, 33.0, 56.0, 270099547.0, 270099597.0, 270099606.0, 270099580.0, 270099603.0
144.0, 16.0, 39.0, 270099596.0, 270099740.0, 270099756.0, 270099612.0, 270099635.0
50.0, 0.0, 23.0, 270099708.0, 270099758.0, 270099765.0, 270099708.0, 270099731.0
154.0, -1.0, 22.0, 270099741.0, 270099895.0, 270099910.0, 270099740.0, 270099763.0
42.0, 33.0, 56.0, 270099869.0, 270099911.0, 270099916.0, 270099902.0, 270099925.0
162.0, 40.0, 63.0, 270099894.0, 270100056.0, 270100067.0, 270099934.0, 270099957.0
163.0, 120.0, 143.0, 270100052.0, 270100215.0, 270100228.0, 270100172.0, 270100195.0
184.0, 140.0, 163.0, 270100193.0, 270100377.0, 270100384.0, 270100333.0, 270100356.0
46.0, 137.0, 160.0, 270100339.0, 270100385.0, 270100390.0, 270100476.0, 270100499.0
173.0, 143.0, 166.0, 270100365.0, 270100538.0, 270100543.0, 270100508.0, 270100531.0
69.0, 129.0, 152.0, 270100475.0, 270100544.0, 270100550.0, 270100604.0, 270100627.0
62.0, 148.0, 171.0, 270100489.0, 270100551.0, 270100555.0, 270100637.0, 270100660.0
168.0, 134.0, 157.0, 270100535.0, 270100703.0, 270100712.0, 270100669.0, 270100692.0
183.0, 128.0, 151.0, 270100684.0, 270100867.0, 270100875.0, 270100812.0, 270100835.0
199.0, 139.0, 162.0, 270100833.0, 270101032.0, 270101043.0, 270100972.0, 270100995.0
51.0, 138.0, 161.0, 270100994.0, 270101045.0, 270101050.0, 270101132.0, 270101155.0
154.0, 135.0, 158.0, 270101045.0, 270101199.0, 270101209.0, 270101180.0, 270101203.0
181.0, 131.0, 154.0, 270101179.0, 270101360.0, 270101366.0, 270101310.0, 270101333.0
38.0, 139.0, 162.0, 270101330.0, 270101368.0, 270101373.0, 270101469.0, 270101492.0
163.0, 137.0, 160.0, 270101364.0, 270101527.0, 270101538.0, 270101501.0, 270101524.0
61.0, 133.0, 156.0, 270101479.0, 270101540.0, 270101545.0, 270101612.0, 270101635.0
180.0, 136.0, 159.0, 270101508.0, 270101688.0, 270101695.0, 270101644.0, 270101667.0
59.0, 136.0, 159.0, 270101637.0, 270101696.0, 270101703.0, 270101773.0, 270101796.0
186.0, 137.0, 160.0, 270101667.0, 270101853.0, 270101865.0, 270101804.0, 270101827.0
175.0, 139.0, 162.0, 270101842.0, 270102017.0, 270102028.0, 270101981.0, 270102004.0
58.0, 137.0, 160.0, 270101971.0, 270102029.0, 270102034.0, 270102108.0, 270102131.0
180.0, 139.0, 162.0, 270102001.0, 270102181.0, 270102186.0, 270102140.0, 270102163.0
56.0, 138.0, 161.0, 270102131.0, 270102187.0, 270102192.0, 270102269.0, 270102292.0
181.0, 139.0, 162.0, 270102163.0, 270102344.0, 270102354.0, 270102302.0, 270102325.0
50.0, 139.0, 162.0, 270102305.0, 270102355.0, 270102361.0, 270102444.0, 270102467.0
173.0, 140.0, 163.0, 270102336.0, 270102509.0, 270102516.0, 270102476.0, 270102499.0
49.0, 137.0, 160.0, 270102468.0, 270102517.0, 270102524.0, 270102605.0, 270102628.0
175.0, 139.0, 162.0, 270102499.0, 270102674.0, 270102683.0, 270102638.0, 270102661.0
201.0, 144.0, 167.0, 270102636.0, 270102837.0, 270102848.0, 270102780.0, 270102803.0
201.0, 140.0, 163.0, 270102800.0, 270103001.0, 270103006.0, 270102940.0, 270102963.0
78.0, 138.0, 161.0, 270102930.0, 270103008.0, 270103012.0, 270103068.0, 270103091.0
53.0, 141.0, 164.0, 270102960.0, 270103013.0, 270103018.0, 270103101.0, 270103124.0
174.0, 141.0, 164.0, 270102992.0, 270103166.0, 270103175.0, 270103133.0, 270103156.0
196.0, 142.0, 165.0, 270103134.0, 270103330.0, 270103336.0, 270103276.0, 270103299.0
198.0, 140.0, 163.0, 270103296.0, 270103494.0, 270103504.0, 270103436.0, 270103459.0
187.0, 141.0, 164.0, 270103471.0, 270103658.0, 270103669.0, 270103612.0, 270103635.0
187.0, 136.0, 159.0, 270103636.0, 270103823.0, 270103829.0, 270103772.0, 270103795.0
63.0, 133.0, 156.0, 270103768.0, 270103831.0, 270103836.0, 270103901.0, 270103924.0
190.0, 136.0, 159.0, 270103797.0, 270103987.0, 270103997.0, 270103933.0, 270103956.0
63.0, 140.0, 163.0, 270103936.0, 270103999.0, 270104004.0, 270104076.0, 270104099.0
184.0, 141.0, 164.0, 270103967.0, 270104151.0, 270104158.0, 270104108.0, 270104131.0
63.0, 140.0, 163.0, 270104096.0, 270104159.0, 270104165.0, 270104236.0, 270104259.0
188.0, 140.0, 163.0, 270104128.0, 270104316.0, 270104325.0, 270104268.0, 270104291.0
55.0, 140.0, 163.0, 270104272.0, 270104327.0, 270104331.0, 270104412.0, 270104435.0
174.0, 138.0, 161.0, 270104306.0, 270104480.0, 270104490.0, 270104444.0, 270104467.0
63.0, 143.0, 166.0, 270104429.0, 270104492.0, 270104496.0, 270104572.0, 270104595.0
182.0, 142.0, 165.0, 270104463.0, 270104645.0, 270104653.0, 270104605.0, 270104628.0
63.0, 141.0, 164.0, 270104592.0, 270104655.0, 270104659.0, 270104733.0, 270104756.0
183.0, 136.0, 159.0, 270104628.0, 270104811.0, 270104820.0, 270104764.0, 270104787.0
56.0, 143.0, 166.0, 270104765.0, 270104821.0, 270104826.0, 270104908.0, 270104931.0
178.0, 143.0, 166.0, 270104797.0, 270104975.0, 270104981.0, 270104940.0, 270104963.0
57.0, 142.0, 165.0, 270104926.0, 270104983.0, 270104988.0, 270105068.0, 270105091.0
179.0, 141.0, 164.0, 270104960.0, 270105139.0, 270105145.0, 270105101.0, 270105124.0
198.0, 138.0, 161.0, 270105106.0, 270105304.0, 270105316.0, 270105244.0, 270105267.0
200.0, 139.0, 162.0, 270105267.0, 270105467.0, 270105473.0, 270105406.0, 270105429.0
48.0, 138.0, 161.0, 270105426.0, 270105474.0, 270105478.0, 270105564.0, 270105587.0
163.0, 142.0, 165.0, 270105470.0, 270105633.0, 270105638.0, 270105612.0, 270105635.0
197.0, 143.0, 166.0, 270105597.0, 270105794.0, 270105798.0, 270105740.0, 270105763.0
193.0, 137.0, 160.0, 270105764.0, 270105957.0, 270105965.0, 270105901.0, 270105924.0
63.0, 140.0, 163.0, 270105904.0, 270105967.0, 270105972.0, 270106044.0, 270106067.0
187.0, 142.0, 165.0, 270105934.0, 270106121.0, 270106129.0, 270106076.0, 270106099.0
68.0, 142.0, 165.0, 270106062.0, 270106130.0, 270106135.0, 270106204.0, 270106227.0
193.0, 143.0, 166.0, 270106093.0, 270106286.0, 270106293.0, 270106236.0, 270106259.0
181.0, 144.0, 167.0, 270106268.0, 270106449.0, 270106456.0, 270106412.0, 270106435.0
60.0, 142.0, 165.0, 270106398.0, 270106458.0, 270106462.0, 270106540.0, 270106563.0
183.0, 143.0, 166.0, 270106429.0, 270106612.0, 270106618.0, 270106572.0, 270106595.0
61.0, 142.0, 165.0, 270106558.0, 270106619.0, 270106624.0, 270106700.0, 270106723.0
187.0, 142.0, 165.0, 270106590.0, 270106777.0, 270106783.0, 270106732.0, 270106755.0
203.0, 140.0, 163.0, 270106738.0, 270106941.0, 270106946.0, 270106878.0, 270106901.0
54.0, 143.0, 166.0, 270106894.0, 270106948.0, 270106953.0, 270107037.0, 270107060.0
176.0, 141.0, 164.0, 270106927.0, 270107103.0, 270107109.0, 270107068.0, 270107091.0
200.0, 145.0, 168.0, 270107067.0, 270107267.0, 270107273.0, 270107212.0, 270107235.0
205.0, 146.0, 169.0, 270107227.0, 270107432.0, 270107436.0, 270107373.0, 270107396.0
44.0, 140.0, 163.0, 270107393.0, 270107437.0, 270107442.0, 270107533.0, 270107556.0
167.0, 135.0, 158.0, 270107429.0, 270107596.0, 270107601.0, 270107564.0, 270107587.0
71.0, 145.0, 168.0, 270107531.0, 270107602.0, 270107607.0, 270107676.0, 270107699.0
197.0, 144.0, 167.0, 270107564.0, 270107761.0, 270107766.0, 270107708.0, 270107731.0
202.0, 145.0, 168.0, 270107724.0, 270107926.0, 270107933.0, 270107869.0, 270107892.0
52.0, 134.0, 157.0, 270107882.0, 270107934.0, 270107939.0, 270108016.0, 270108039.0
174.0, 129.0, 152.0, 270107917.0, 270108091.0, 270108097.0, 270108046.0, 270108069.0
194.0, 144.0, 167.0, 270108060.0, 270108254.0, 270108259.0, 270108204.0, 270108227.0
70.0, 141.0, 164.0, 270108191.0, 270108261.0, 270108265.0, 270108332.0, 270108355.0
39.0, 137.0, 160.0, 270108227.0, 270108266.0, 270108271.0, 270108364.0, 270108387.0
165.0, 142.0, 165.0, 270108254.0, 270108419.0, 270108428.0, 270108396.0, 270108419.0
66.0, 145.0, 168.0, 270108363.0, 270108429.0, 270108433.0, 270108508.0, 270108531.0
184.0, 141.0, 164.0, 270108399.0, 270108583.0, 270108590.0, 270108540.0, 270108563.0
70.0, 148.0, 171.0, 270108521.0, 270108591.0, 270108596.0, 270108669.0, 270108692.0
191.0, 145.0, 168.0, 270108556.0, 270108747.0, 270108754.0, 270108701.0, 270108724.0
50.0, 139.0, 162.0, 270108706.0, 270108756.0, 270108761.0, 270108845.0, 270108868.0
178.0, 141.0, 164.0, 270108735.0, 270108913.0, 270108920.0, 270108876.0, 270108899.0
61.0, 144.0, 167.0, 270108860.0, 270108921.0, 270108926.0, 270109004.0, 270109027.0
184.0, 143.0, 166.0, 270108893.0, 270109077.0, 270109082.0, 270109036.0, 270109059.0
58.0, 139.0, 162.0, 270109026.0, 270109084.0, 270109089.0, 270109165.0, 270109188.0
172.0, 144.0, 167.0, 270109069.0, 270109241.0, 270109247.0, 270109213.0, 270109236.0
45.0, 139.0, 162.0, 270109203.0, 270109248.0, 270109253.0, 270109342.0, 270109365.0
174.0, 142.0, 165.0, 270109231.0, 270109405.0, 270109412.0, 270109373.0, 270109396.0
56.0, 143.0, 166.0, 270109358.0, 270109414.0, 270109418.0, 270109501.0, 270109524.0
180.0, 142.0, 165.0, 270109390.0, 270109570.0, 270109575.0, 270109532.0, 270109555.0
72.0, 140.0, 163.0, 270109504.0, 270109576.0, 270109580.0, 270109644.0, 270109667.0
200.0, 142.0, 165.0, 270109534.0, 270109734.0, 270109741.0, 270109676.0, 270109699.0
208.0, 144.0, 167.0, 270109692.0, 270109900.0, 270109907.0, 270109836.0, 270109859.0
51.0, 139.0, 162.0, 270109857.0, 270109908.0, 270109913.0, 270109996.0, 270110019.0
160.0, 141.0, 164.0, 270109903.0, 270110063.0, 270110075.0, 270110044.0, 270110067.0
195.0, 137.0, 160.0, 270110036.0, 270110231.0, 270110242.0, 270110173.0, 270110196.0
205.0, 140.0, 163.0, 270110192.0, 270110397.0, 270110406.0, 270110332.0, 270110355.0
74.0, 142.0, 165.0, 270110334.0, 270110408.0, 270110413.0, 270110476.0, 270110499.0
196.0, 143.0, 166.0, 270110365.0, 270110561.0, 270110572.0, 270110508.0, 270110531.0
200.0, 142.0, 165.0, 270110526.0, 270110726.0, 270110738.0, 270110668.0, 270110691.0
182.0, 137.0, 160.0, 270110709.0, 270110891.0, 270110901.0, 270110846.0, 270110869.0
72.0, 143.0, 166.0, 270110830.0, 270110902.0, 270110907.0, 270110973.0, 270110996.0
193.0, 140.0, 163.0, 270110864.0, 270111057.0, 270111063.0, 270111004.0, 270111027.0
73.0, 141.0, 164.0, 270110992.0, 270111065.0, 270111069.0, 270111133.0, 270111156.0
197.0, 139.0, 162.0, 270111025.0, 270111222.0, 270111231.0, 270111164.0, 270111187.0
67.0, 142.0, 165.0, 270111166.0, 270111233.0, 270111237.0, 270111308.0, 270111331.0
186.0, 139.0, 162.0, 270111201.0, 270111387.0, 270111394.0, 270111340.0, 270111363.0
72.0, 146.0, 169.0, 270111323.0, 270111395.0, 270111400.0, 270111469.0, 270111492.0
195.0, 143.0, 166.0, 270111358.0, 270111553.0, 270111562.0, 270111501.0, 270111524.0
58.0, 138.0, 161.0, 270111506.0, 270111564.0, 270111568.0, 270111644.0, 270111667.0
185.0, 142.0, 165.0, 270111534.0, 270111719.0, 270111729.0, 270111676.0, 270111699.0
70.0, 143.0, 166.0, 270111661.0, 270111731.0, 270111735.0, 270111804.0, 270111827.0
192.0, 144.0, 167.0, 270111692.0, 270111884.0, 270111894.0, 270111836.0, 270111859.0
69.0, 139.0, 162.0, 270111826.0, 270111895.0, 270111899.0, 270111965.0, 270111988.0
197.0, 144.0, 167.0, 270111852.0, 270112049.0, 270112060.0, 270111996.0, 270112019.0
54.0, 135.0, 158.0, 270112007.0, 270112061.0, 270112066.0, 270112142.0, 270112165.0
176.0, 136.0, 159.0, 270112038.0, 270112214.0, 270112227.0, 270112174.0, 270112197.0
64.0, 136.0, 159.0, 270112164.0, 270112228.0, 270112233.0, 270112300.0, 270112323.0
189.0, 141.0, 164.0, 270112191.0, 270112380.0, 270112392.0, 270112332.0, 270112355.0
59.0, 142.0, 165.0, 270112334.0, 270112393.0, 270112398.0, 270112476.0, 270112499.0
178.0, 142.0, 165.0, 270112367.0, 270112545.0, 270112557.0, 270112509.0, 270112532.0
66.0, 144.0, 167.0, 270112492.0, 270112558.0, 270112563.0, 270112636.0, 270112659.0
184.0, 142.0, 165.0, 270112526.0, 270112710.0, 270112720.0, 270112668.0, 270112691.0
68.0, 143.0, 166.0, 270112654.0, 270112722.0, 270112726.0, 270112797.0, 270112820.0
192.0, 144.0, 167.0, 270112684.0, 270112876.0, 270112888.0, 270112828.0, 270112851.0
62.0, 144.0, 167.0, 270112828.0, 270112890.0, 270112894.0, 270112972.0, 270112995.0
182.0, 145.0, 168.0, 270112860.0, 270113042.0, 270113051.0, 270113005.0, 270113028.0
64.0, 143.0, 166.0, 270112989.0, 270113053.0, 270113058.0, 270113132.0, 270113155.0
188.0, 145.0, 168.0, 270113019.0, 270113207.0, 270113213.0, 270113164.0, 270113187.0
207.0, 144.0, 167.0, 270113165.0, 270113372.0, 270113382.0, 270113309.0, 270113332.0
51.0, 136.0, 159.0, 270113333.0, 270113384.0, 270113388.0, 270113469.0, 270113492.0
174.0, 139.0, 162.0, 270113364.0, 270113538.0, 270113547.0, 270113503.0, 270113526.0
62.0, 143.0, 166.0, 270113486.0, 270113548.0, 270113554.0, 270113629.0, 270113652.0
171.0, 144.0, 167.0, 270113532.0, 270113703.0, 270113709.0, 270113676.0, 270113699.0
207.0, 143.0, 166.0, 270113661.0, 270113868.0, 270113877.0, 270113804.0, 270113827.0
60.0, 145.0, 168.0, 270113819.0, 270113879.0, 270113883.0, 270113964.0, 270113987.0
180.0, 143.0, 166.0, 270113853.0, 270114033.0, 270114038.0, 270113996.0, 270114019.0
68.0, 136.0, 159.0, 270113972.0, 270114040.0, 270114045.0, 270114108.0, 270114131.0
195.0, 137.0, 160.0, 270114003.0, 270114198.0, 270114206.0, 270114140.0, 270114163.0
201.0, 139.0, 162.0, 270114162.0, 270114363.0, 270114368.0, 270114301.0, 270114324.0
114.0, 141.0, 164.0, 270114255.0, 270114369.0, 270114374.0, 270114396.0, 270114419.0
196.0, 143.0, 166.0, 270114333.0, 270114529.0, 270114540.0, 270114476.0, 270114499.0
198.0, 141.0, 164.0, 270114495.0, 270114693.0, 270114700.0, 270114636.0, 270114659.0
199.0, 138.0, 161.0, 270114660.0, 270114859.0, 270114869.0, 270114798.0, 270114821.0
73.0, 143.0, 166.0, 270114797.0, 270114870.0, 270114875.0, 270114940.0, 270114963.0
190.0, 140.0, 163.0, 270114832.0, 270115022.0, 270115028.0, 270114972.0, 270114995.0
70.0, 140.0, 163.0, 270114960.0, 270115030.0, 270115035.0, 270115100.0, 270115123.0
198.0, 144.0, 167.0, 270114988.0, 270115186.0, 270115195.0, 270115132.0, 270115155.0
63.0, 142.0, 165.0, 270115134.0, 270115197.0, 270115202.0, 270115276.0, 270115299.0
187.0, 143.0, 166.0, 270115165.0, 270115352.0, 270115363.0, 270115308.0, 270115331.0
70.0, 141.0, 164.0, 270115295.0, 270115365.0, 270115369.0, 270115436.0, 270115459.0
189.0, 138.0, 161.0, 270115330.0, 270115519.0, 270115524.0, 270115468.0, 270115491.0
102.0, 141.0, 164.0, 270115423.0, 270115525.0, 270115530.0, 270115564.0, 270115587.0
77.0, 144.0, 167.0, 270115453.0, 270115530.0, 270115535.0, 270115597.0, 270115620.0
200.0, 142.0, 165.0, 270115486.0, 270115686.0, 270115696.0, 270115628.0, 270115651.0
68.0, 143.0, 166.0, 270115630.0, 270115698.0, 270115703.0, 270115773.0, 270115796.0
192.0, 143.0, 166.0, 270115661.0, 270115853.0, 270115859.0, 270115804.0, 270115827.0
99.0, 139.0, 162.0, 270115761.0, 270115860.0, 270115865.0, 270115900.0, 270115923.0
199.0, 142.0, 165.0, 270115822.0, 270116021.0, 270116031.0, 270115964.0, 270115987.0
64.0, 140.0, 163.0, 270115969.0, 270116033.0, 270116037.0, 270116109.0, 270116132.0
183.0, 137.0, 160.0, 270116004.0, 270116187.0, 270116193.0, 270116141.0, 270116164.0
121.0, 133.0, 156.0, 270116073.0, 270116194.0, 270116200.0, 270116206.0, 270116229.0
66.0, 134.0, 157.0, 270116135.0, 270116201.0, 270116207.0, 270116269.0, 270116292.0
191.0, 139.0, 162.0, 270116162.0, 270116353.0, 270116365.0, 270116301.0, 270116324.0
183.0, 140.0, 163.0, 270116336.0, 270116519.0, 270116531.0, 270116476.0, 270116499.0
68.0, 141.0, 164.0, 270116464.0, 270116532.0, 270116537.0, 270116605.0, 270116628.0
187.0, 140.0, 163.0, 270116497.0, 270116684.0, 270116697.0, 270116637.0, 270116660.0
200.0, 143.0, 166.0, 270116653.0, 270116853.0, 270116864.0, 270116796.0, 270116819.0
67.0, 141.0, 164.0, 270116799.0, 270116866.0, 270116870.0, 270116940.0, 270116963.0
192.0, 144.0, 167.0, 270116829.0, 270117021.0, 270117031.0, 270116973.0, 270116996.0
73.0, 141.0, 164.0, 270116959.0, 270117032.0, 270117036.0, 270117100.0, 270117123.0
201.0, 143.0, 166.0, 270116989.0, 270117190.0, 270117202.0, 270117132.0, 270117155.0
193.0, 142.0, 165.0, 270117166.0, 270117359.0, 270117371.0, 270117308.0, 270117331.0
198.0, 141.0, 164.0, 270117328.0, 270117526.0, 270117536.0, 270117469.0, 270117492.0
209.0, 143.0, 166.0, 270117486.0, 270117695.0, 270117706.0, 270117629.0, 270117652.0
203.0, 144.0, 167.0, 270117660.0, 270117863.0, 270117874.0, 270117804.0, 270117827.0
212.0, 142.0, 165.0, 270117822.0, 270118034.0, 270118045.0, 270117964.0, 270117987.0
200.0, 141.0, 164.0, 270117999.0, 270118199.0, 270118211.0, 270118140.0, 270118163.0
205.0, 143.0, 166.0, 270118157.0, 270118362.0, 270118368.0, 270118300.0, 270118323.0
54.0, 144.0, 167.0, 270118316.0, 270118370.0, 270118376.0, 270118460.0, 270118483.0
164.0, 143.0, 166.0, 270118365.0, 270118529.0, 270118536.0, 270118508.0, 270118531.0
195.0, 141.0, 164.0, 270118496.0, 270118691.0, 270118701.0, 270118637.0, 270118660.0
50.0, 144.0, 167.0, 270118652.0, 270118702.0, 270118707.0, 270118796.0, 270118819.0
173.0, 145.0, 168.0, 270118683.0, 270118856.0, 270118861.0, 270118828.0, 270118851.0
182.0, 136.0, 159.0, 270118838.0, 270119020.0, 270119031.0, 270118974.0, 270118997.0
44.0, 144.0, 167.0, 270118989.0, 270119033.0, 270119037.0, 270119133.0, 270119156.0
165.0, 143.0, 166.0, 270119022.0, 270119187.0, 270119194.0, 270119165.0, 270119188.0
186.0, 144.0, 167.0, 270119164.0, 270119350.0, 270119360.0, 270119308.0, 270119331.0
36.0, 142.0, 165.0, 270119326.0, 270119362.0, 270119367.0, 270119468.0, 270119491.0
154.0, 138.0, 161.0, 270119362.0, 270119516.0, 270119523.0, 270119500.0, 270119523.0
39.0, 143.0, 166.0, 270119485.0, 270119524.0, 270119530.0, 270119628.0, 270119651.0
163.0, 141.0, 164.0, 270119519.0, 270119682.0, 270119691.0, 270119660.0, 270119683.0
178.0, 138.0, 161.0, 270119666.0, 270119844.0, 270119856.0, 270119804.0, 270119827.0
35.0, 142.0, 165.0, 270119822.0, 270119857.0, 270119863.0, 270119964.0, 270119987.0
156.0, 141.0, 164.0, 270119855.0, 270120011.0, 270120018.0, 270119996.0, 270120019.0
47.0, 136.0, 159.0, 270119972.0, 270120019.0, 270120024.0, 270120108.0, 270120131.0
171.0, 139.0, 162.0, 270120002.0, 270120173.0, 270120183.0, 270120141.0, 270120164.0
47.0, 133.0, 156.0, 270120137.0, 270120184.0, 270120189.0, 270120270.0, 270120293.0
161.0, 125.0, 148.0, 270120177.0, 270120338.0, 270120343.0, 270120302.0, 270120325.0
181.0, 141.0, 164.0, 270120320.0, 270120501.0, 270120511.0, 270120461.0, 270120484.0
49.0, 140.0, 163.0, 270120464.0, 270120513.0, 270120517.0, 270120604.0, 270120627.0
171.0, 142.0, 165.0, 270120494.0, 270120665.0, 270120670.0, 270120636.0, 270120659.0
48.0, 141.0, 164.0, 270120623.0, 270120671.0, 270120676.0, 270120764.0, 270120787.0
173.0, 140.0, 163.0, 270120656.0, 270120829.0, 270120839.0, 270120796.0, 270120819.0
42.0, 142.0, 165.0, 270120799.0, 270120841.0, 270120846.0, 270120941.0, 270120964.0
165.0, 143.0, 166.0, 270120830.0, 270120995.0, 270121002.0, 270120973.0, 270120996.0
198.0, 140.0, 163.0, 270120960.0, 270121158.0, 270121165.0, 270121100.0, 270121123.0
49.0, 143.0, 166.0, 270121118.0, 270121167.0, 270121171.0, 270121261.0, 270121284.0
158.0, 141.0, 164.0, 270121167.0, 270121325.0, 270121336.0, 270121308.0, 270121331.0
189.0, 140.0, 163.0, 270121297.0, 270121486.0, 270121492.0, 270121437.0, 270121460.0
70.0, 140.0, 163.0, 270121425.0, 270121495.0, 270121500.0, 270121565.0, 270121588.0
194.0, 140.0, 163.0, 270121457.0, 270121651.0, 270121662.0, 270121597.0, 270121620.0
67.0, 143.0, 166.0, 270121598.0, 270121665.0, 270121669.0, 270121741.0, 270121764.0
186.0, 142.0, 165.0, 270121630.0, 270121816.0, 270121827.0, 270121772.0, 270121795.0
72.0, 144.0, 167.0, 270121757.0, 270121829.0, 270121833.0, 270121901.0, 270121924.0
192.0, 145.0, 168.0, 270121788.0, 270121980.0, 270121991.0, 270121933.0, 270121956.0
195.0, 142.0, 165.0, 270121950.0, 270122145.0, 270122155.0, 270122092.0, 270122115.0
61.0, 142.0, 165.0, 270122095.0, 270122156.0, 270122160.0, 270122237.0, 270122260.0
186.0, 145.0, 168.0, 270122123.0, 270122309.0, 270122318.0, 270122268.0, 270122291.0
64.0, 141.0, 164.0, 270122255.0, 270122319.0, 270122325.0, 270122396.0, 270122419.0
185.0, 140.0, 163.0, 270122288.0, 270122473.0, 270122484.0, 270122428.0, 270122451.0
44.0, 130.0, 153.0, 270122442.0, 270122486.0, 270122490.0, 270122572.0, 270122595.0
167.0, 131.0, 154.0, 270122473.0, 270122640.0, 270122651.0, 270122604.0, 270122627.0
60.0, 140.0, 163.0, 270122593.0, 270122653.0, 270122657.0, 270122733.0, 270122756.0
177.0, 140.0, 163.0, 270122625.0, 270122802.0, 270122813.0, 270122765.0, 270122788.0
64.0, 142.0, 165.0, 270122751.0, 270122815.0, 270122819.0, 270122893.0, 270122916.0
166.0, 138.0, 161.0, 270122802.0, 270122968.0, 270122980.0, 270122940.0, 270122963.0
209.0, 147.0, 170.0, 270122921.0, 270123130.0, 270123141.0, 270123068.0, 270123091.0
58.0, 144.0, 167.0, 270123084.0, 270123142.0, 270123147.0, 270123228.0, 270123251.0
175.0, 141.0, 164.0, 270123119.0, 270123294.0, 270123307.0, 270123260.0, 270123283.0
195.0, 139.0, 162.0, 270123265.0, 270123460.0, 270123469.0, 270123404.0, 270123427.0
202.0, 142.0, 165.0, 270123422.0, 270123624.0, 270123635.0, 270123564.0, 270123587.0
190.0, 141.0, 164.0, 270123599.0, 270123789.0, 270123793.0, 270123740.0, 270123763.0
70.0, 144.0, 167.0, 270123725.0, 270123795.0, 270123800.0, 270123869.0, 270123892.0
195.0, 142.0, 165.0, 270123758.0, 270123953.0, 270123964.0, 270123900.0, 270123923.0
196.0, 141.0, 164.0, 270123920.0, 270124116.0, 270124121.0, 270124061.0, 270124084.0
63.0, 145.0, 168.0, 270124059.0, 270124122.0, 270124127.0, 270124204.0, 270124227.0
188.0, 146.0, 169.0, 270124090.0, 270124278.0, 270124289.0, 270124236.0, 270124259.0
68.0, 142.0, 165.0, 270124222.0, 270124290.0, 270124295.0, 270124364.0, 270124387.0
186.0, 140.0, 163.0, 270124256.0, 270124442.0, 270124452.0, 270124396.0, 270124419.0
50.0, 136.0, 159.0, 270124404.0, 270124454.0, 270124458.0, 270124540.0, 270124563.0
167.0, 132.0, 155.0, 270124440.0, 270124607.0, 270124613.0, 270124572.0, 270124595.0
55.0, 141.0, 164.0, 270124559.0, 270124614.0, 270124620.0, 270124700.0, 270124723.0
184.0, 144.0, 167.0, 270124588.0, 270124772.0, 270124779.0, 270124732.0, 270124755.0
62.0, 143.0, 166.0, 270124718.0, 270124780.0, 270124785.0, 270124861.0, 270124884.0
184.0, 141.0, 164.0, 270124752.0, 270124936.0, 270124943.0, 270124893.0, 270124916.0
45.0, 137.0, 160.0, 270124899.0, 270124944.0, 270124948.0, 270125036.0, 270125059.0
176.0, 143.0, 166.0, 270124925.0, 270125101.0, 270125109.0, 270125068.0, 270125091.0
54.0, 140.0, 163.0, 270125056.0, 270125110.0, 270125115.0, 270125196.0, 270125219.0
181.0, 144.0, 167.0, 270125084.0, 270125265.0, 270125269.0, 270125228.0, 270125251.0
68.0, 139.0, 162.0, 270125202.0, 270125270.0, 270125275.0, 270125341.0, 270125364.0
192.0, 135.0, 158.0, 270125238.0, 270125430.0, 270125441.0, 270125373.0, 270125396.0
210.0, 148.0, 171.0, 270125385.0, 270125595.0, 270125606.0, 270125533.0, 270125556.0
64.0, 148.0, 171.0, 270125544.0, 270125608.0, 270125612.0, 270125692.0, 270125715.0
167.0, 144.0, 167.0, 270125596.0, 270125763.0, 270125774.0, 270125740.0, 270125763.0
202.0, 145.0, 168.0, 270125723.0, 270125925.0, 270125937.0, 270125868.0, 270125891.0
58.0, 147.0, 170.0, 270125881.0, 270125939.0, 270125943.0, 270126028.0, 270126051.0
176.0, 147.0, 170.0, 270125914.0, 270126090.0, 270126099.0, 270126061.0, 270126084.0
74.0, 145.0, 168.0, 270126027.0, 270126101.0, 270126104.0, 270126172.0, 270126195.0
194.0, 146.0, 169.0, 270126058.0, 270126252.0, 270126262.0, 270126204.0, 270126227.0
71.0, 140.0, 163.0, 270126192.0, 270126263.0, 270126269.0, 270126332.0, 270126355.0
198.0, 147.0, 170.0, 270126218.0, 270126416.0, 270126428.0, 270126365.0, 270126388.0
178.0, 137.0, 160.0, 270126403.0, 270126581.0, 270126593.0, 270126540.0, 270126563.0
65.0, 141.0, 164.0, 270126529.0, 270126594.0, 270126598.0, 270126670.0, 270126693.0
185.0, 141.0, 164.0, 270126561.0, 270126746.0, 270126755.0, 270126702.0, 270126725.0
70.0, 142.0, 165.0, 270126687.0, 270126757.0, 270126761.0, 270126829.0, 270126852.0
192.0, 139.0, 162.0, 270126722.0, 270126914.0, 270126925.0, 270126861.0, 270126884.0
68.0, 146.0, 169.0, 270126858.0, 270126926.0, 270126930.0, 270127004.0, 270127027.0
183.0, 144.0, 167.0, 270126892.0, 270127075.0, 270127088.0, 270127036.0, 270127059.0
61.0, 136.0, 159.0, 270127028.0, 270127089.0, 270127095.0, 270127164.0, 270127187.0
177.0, 137.0, 160.0, 270127059.0, 270127236.0, 270127248.0, 270127196.0, 270127219.0
64.0, 139.0, 162.0, 270127186.0, 270127250.0, 270127255.0, 270127325.0, 270127348.0
162.0, 134.0, 157.0, 270127238.0, 270127400.0, 270127412.0, 270127372.0, 270127395.0
194.0, 135.0, 158.0, 270127365.0, 270127559.0, 270127570.0, 270127500.0, 270127523.0
205.0, 144.0, 167.0, 270127517.0, 270127722.0, 270127732.0, 270127661.0, 270127684.0
72.0, 142.0, 165.0, 270127662.0, 270127734.0, 270127739.0, 270127804.0, 270127827.0
195.0, 143.0, 166.0, 270127693.0, 270127888.0, 270127898.0, 270127836.0, 270127859.0
195.0, 140.0, 163.0, 270127857.0, 270128052.0, 270128062.0, 270127997.0, 270128020.0
