frameId,currentSpatialLayer,targetSpatialLayer,preferredSpatialLayer,rttMs,lossRate,availableBitrateBps,receiveTimeMs,latestDecodeTimeMs,frameBufferInsertTimeMs,frameBufferExtractTimeMs,decodeQueueInsertTimeMs,decodeQueueExtractTimeMs,decodeStartMs,decodeFinishMs,desiredReceiveTimeMs,desiredDecodeStartMs,actualSlackMs,actualSlackEffectiveMs,receiveSlackMs,decodeSlackNominalMs,frameBufferResidenceMs,decodeQueueResidenceMs,decodeSlackEffectiveMs,pacing,isRecorded,isDropped,frameStatus,frameIndex
1643712736,,,,,,,,,,,,,,,,,,,,,,,,,0,1,dropped_only,0
1643715616,2.0,2.0,2.0,0.0,0.0,4666670.0,598488089.0,598488141.0,598488121.0,598488134.0,598488134.0,598488134.0,598488135.0,598488139.0,598488089.0,598488135.0,46.0,33.0,0.0,46.0,13.0,0.0,33.0,0.0,1,0,recorded,1
1643718496,2.0,2.0,2.0,0.0,0.0,4666670.0,598488109.0,598488204.0,598488204.0,598488204.0,598488204.0,598488205.0,598488206.0,598488212.0,598488121.0,598488167.0,97.0,96.0,12.0,58.0,0.0,1.0,57.0,0.0,1,0,recorded,2
1643721376,,,,,,,,,,,,,,,,,,,,,,,,,0,1,dropped_only,3
1643724346,,,,,,,,,,,,,,,,,,,,,,,,,0,1,dropped_only,4
1643727226,2.0,2.0,2.0,0.0,0.0,4666670.0,598488177.0,598488225.0,598488207.0,598488214.0,598488214.0,598488214.0,598488215.0,598488217.0,598488218.0,598488264.0,38.0,31.0,41.0,87.0,7.0,0.0,80.0,0.0,1,0,recorded,5
1643730016,2.0,2.0,2.0,0.0,0.0,4666670.0,598488210.0,598488304.0,598488303.0,598488304.0,598488304.0,598488304.0,598488305.0,598488307.0,598488249.0,598488295.0,95.0,94.0,39.0,85.0,1.0,0.0,84.0,0.0,1,0,recorded,6
1643732896,,,,,,,,,,,,,,,,,,,,,,,,,0,1,dropped_only,7
1643737216,2.0,2.0,2.0,0.0,0.0,4666670.0,598488291.0,598488319.0,598488305.0,598488308.0,598488308.0,598488308.0,598488308.0,598488310.0,598488329.0,598488375.0,17.0,14.0,38.0,84.0,3.0,0.0,81.0,0.0,1,0,recorded,8
1643740096,2.0,2.0,2.0,0.0,0.0,4666670.0,598488322.0,598488404.0,598488403.0,598488404.0,598488404.0,598488405.0,598488406.0,598488408.0,598488361.0,598488407.0,84.0,82.0,39.0,85.0,1.0,1.0,83.0,0.0,1,0,recorded,9
1643742976,,,,,,,,,,,,,,,,,,,,,,,,,0,1,dropped_only,10
1643745856,2.0,2.0,2.0,0.0,0.0,4666670.0,598488385.0,598488410.0,598488405.0,598488410.0,598488410.0,598488410.0,598488410.0,598488412.0,598488425.0,598488471.0,25.0,20.0,40.0,86.0,5.0,0.0,81.0,0.0,1,0,recorded,11
1643748736,2.0,2.0,2.0,0.0,0.0,4666670.0,598488418.0,598488506.0,598488505.0,598488506.0,598488507.0,598488507.0,598488508.0,598488512.0,598488457.0,598488503.0,90.0,89.0,39.0,85.0,1.0,0.0,84.0,0.0,1,0,recorded,12
1643751616,,,,,,,,,,,,,,,,,,,,,,,,,0,1,dropped_only,13
1643754586,2.0,2.0,2.0,0.0,0.0,4666670.0,598488479.0,598488513.0,598488508.0,598488514.0,598488514.0,598488514.0,598488514.0,598488517.0,598488522.0,598488568.0,35.0,29.0,43.0,89.0,6.0,0.0,83.0,0.0,1,0,recorded,14
1643757376,2.0,2.0,2.0,0.0,0.0,4666670.0,598488510.0,598488612.0,598488611.0,598488612.0,598488613.0,598488613.0,598488615.0,598488620.0,598488553.0,598488599.0,105.0,104.0,43.0,89.0,1.0,0.0,88.0,0.0,1,0,recorded,15
1643760256,,,,,,,,,,,,,,,,,,,,,,,,,0,1,dropped_only,16
1643763136,2.0,2.0,2.0,0.0,0.0,4666670.0,598488575.0,598488622.0,598488615.0,598488622.0,598488622.0,598488623.0,598488623.0,598488625.0,598488617.0,598488663.0,48.0,40.0,42.0,88.0,7.0,1.0,80.0,0.0,1,0,recorded,17
1643766016,2.0,2.0,2.0,0.0,0.0,4666670.0,598488610.0,598488708.0,598488707.0,598488708.0,598488708.0,598488709.0,598488709.0,598488715.0,598488649.0,598488695.0,99.0,97.0,39.0,85.0,1.0,1.0,83.0,0.0,1,0,recorded,18
1643768986,,,,,,,,,,,,,,,,,,,,,,,,,0,1,dropped_only,19
1643773306,2.0,2.0,2.0,0.0,0.0,4666670.0,598488689.0,598488716.0,598488710.0,598488716.0,598488717.0,598488717.0,598488717.0,598488720.0,598488730.0,598488776.0,28.0,22.0,41.0,87.0,6.0,0.0,81.0,0.0,1,0,recorded,20
1643776186,2.0,2.0,2.0,0.0,0.0,4666670.0,598488720.0,598488864.0,598488864.0,598488864.0,598488864.0,598488865.0,598488865.0,598488872.0,598488762.0,598488808.0,145.0,144.0,42.0,88.0,0.0,1.0,87.0,0.0,1,0,recorded,21
1643778976,,,,,,,,,,,,,,,,,,,,,,,,,0,1,dropped_only,22
1643781856,2.0,2.0,2.0,0.0,0.0,4666670.0,598488785.0,598488873.0,598488865.0,598488874.0,598488874.0,598488874.0,598488874.0,598488877.0,598488825.0,598488871.0,89.0,80.0,40.0,86.0,9.0,0.0,77.0,0.0,1,0,recorded,23
1643784916,2.0,2.0,2.0,0.0,0.0,4666670.0,598488820.0,598489008.0,598489008.0,598489008.0,598489008.0,598489009.0,598489010.0,598489016.0,598488859.0,598488905.0,190.0,189.0,39.0,85.0,0.0,1.0,84.0,0.0,1,0,recorded,24
1643787616,,,,,,,,,,,,,,,,,,,,,,,,,0,1,dropped_only,25
1643790496,,,,,,,,,,,,,,,,,,,,,,,,,0,1,dropped_only,26
1643793376,,,,,,,,,,,,,,,,,,,,,,,,,0,1,dropped_only,27
1643796346,,,,,,,,,,,,,,,,,,,,,,,,,0,1,dropped_only,28
1643799136,2.0,2.0,2.0,0.0,0.0,4804340.0,598488975.0,598489018.0,598489013.0,598489018.0,598489019.0,598489019.0,598489019.0,598489022.0,598489017.0,598489063.0,44.0,39.0,42.0,88.0,5.0,0.0,83.0,0.0,1,0,recorded,29
1643802016,2.0,2.0,2.0,0.0,0.0,4804340.0,598489007.0,598489119.0,598489119.0,598489120.0,598489120.0,598489121.0,598489122.0,598489128.0,598489049.0,598489095.0,115.0,113.0,42.0,88.0,1.0,1.0,86.0,0.0,1,0,recorded,30
1643804896,,,,,,,,,,,,,,,,,,,,,,,,,0,1,dropped_only,31
1643809216,2.0,2.0,2.0,0.0,0.0,4804340.0,598489088.0,598489130.0,598489123.0,598489130.0,598489130.0,598489131.0,598489131.0,598489133.0,598489129.0,598489175.0,43.0,35.0,41.0,87.0,7.0,1.0,79.0,0.0,1,0,recorded,32
1643812096,2.0,2.0,2.0,0.0,0.0,4804340.0,598489126.0,598489319.0,598489318.0,598489319.0,598489319.0,598489320.0,598489320.0,598489327.0,598489161.0,598489207.0,194.0,192.0,35.0,81.0,1.0,1.0,79.0,0.0,1,0,recorded,33
1643815066,2.0,2.0,2.0,0.0,0.0,4804340.0,598489153.0,598489330.0,598489329.0,598489330.0,598489331.0,598489331.0,598489331.0,598489334.0,598489194.0,598489240.0,178.0,177.0,41.0,87.0,1.0,0.0,86.0,0.0,1,0,recorded,34
1643817856,,,,,,,,,,,,,,,,,,,,,,,,,0,1,dropped_only,35
1643820736,,,,,,,,,,,,,,,,,,,,,,,,,0,1,dropped_only,36
1643823616,,,,,,,,,,,,,,,,,,,,,,,,,0,1,dropped_only,37
1643826496,,,,,,,,,,,,,,,,,,,,,,,,,0,1,dropped_only,38
1643829376,2.0,2.0,2.0,2.62451,0.0,4804340.0,598489311.0,598489337.0,598489335.0,598489338.0,598489338.0,598489338.0,598489338.0,598489340.0,598489353.0,598489399.0,27.0,24.0,42.0,88.0,3.0,0.0,85.0,0.0,1,0,recorded,39
1643832436,2.0,2.0,2.0,2.62451,0.0,4804340.0,598489344.0,598489523.0,598489522.0,598489523.0,598489524.0,598489524.0,598489526.0,598489531.0,598489387.0,598489433.0,182.0,181.0,43.0,89.0,1.0,0.0,88.0,0.0,1,0,recorded,40
1643835226,,,,,,,,,,,,,,,,,,,,,,,,,0,1,dropped_only,41
1643838106,,,,,,,,,,,,,,,,,,,,,,,,,0,1,dropped_only,42
1643842336,,,,,,,,,,,,,,,,,,,,,,,,,0,1,dropped_only,43
1643845216,,,,,,,,,,,,,,,,,,,,,,,,,0,1,dropped_only,44
1643848096,2.0,2.0,2.0,2.62451,0.0,4804340.0,598489519.0,598489535.0,598489527.0,598489534.0,598489534.0,598489534.0,598489535.0,598489537.0,598489561.0,598489607.0,16.0,9.0,42.0,88.0,7.0,0.0,81.0,0.0,1,0,recorded,45
1643851066,2.0,2.0,2.0,2.62451,0.0,4804340.0,598489552.0,598489739.0,598489738.0,598489739.0,598489740.0,598489740.0,598489743.0,598489749.0,598489594.0,598489640.0,191.0,190.0,42.0,88.0,1.0,0.0,87.0,0.0,1,0,recorded,46
1643853856,,,,,,,,,,,,,,,,,,,,,,,,,0,1,dropped_only,47
1643856736,,,,,,,,,,,,,,,,,,,,,,,,,0,1,dropped_only,48
1643859616,,,,,,,,,,,,,,,,,,,,,,,,,0,1,dropped_only,49
1643862496,,,,,,,,,,,,,,,,,,,,,,,,,0,1,dropped_only,50
1643865376,2.0,2.0,2.0,2.62451,0.0,4804340.0,598489713.0,598489751.0,598489744.0,598489751.0,598489751.0,598489752.0,598489752.0,598489754.0,598489753.0,598489799.0,39.0,31.0,40.0,86.0,7.0,1.0,78.0,0.0,1,0,recorded,51
1643868256,2.0,2.0,2.0,2.62451,0.0,4804340.0,598489745.0,598489868.0,598489868.0,598489868.0,598489868.0,598489869.0,598489870.0,598489877.0,598489785.0,598489831.0,125.0,124.0,40.0,86.0,0.0,1.0,85.0,0.0,1,0,recorded,52
1643871136,,,,,,,,,,,,,,,,,,,,,,,,,0,1,dropped_only,53
1643874016,,,,,,,,,,,,,,,,,,,,,,,,,0,1,dropped_only,54
1643878336,2.0,2.0,2.0,2.62451,0.0,4804340.0,598489855.0,598489879.0,598489870.0,598489880.0,598489880.0,598489880.0,598489881.0,598489882.0,598489897.0,598489943.0,26.0,16.0,42.0,88.0,10.0,0.0,78.0,0.0,1,0,recorded,55
1643881216,2.0,2.0,2.0,2.62451,0.0,4804340.0,598489888.0,598490008.0,598490008.0,598490009.0,598490009.0,598490010.0,598490012.0,598490017.0,598489929.0,598489975.0,124.0,122.0,41.0,87.0,1.0,1.0,85.0,0.0,1,0,recorded,56
1643884096,,,,,,,,,,,,,,,,,,,,,,,,,0,1,dropped_only,57
1643886976,,,,,,,,,,,,,,,,,,,,,,,,,0,1,dropped_only,58
1643889856,2.0,2.0,2.0,2.62451,0.0,4804340.0,598489988.0,598490020.0,598490013.0,598490020.0,598490021.0,598490021.0,598490022.0,598490024.0,598490025.0,598490071.0,34.0,27.0,37.0,83.0,7.0,0.0,76.0,0.0,1,0,recorded,59
1643892736,2.0,2.0,2.0,2.62451,0.0,4804340.0,598490017.0,598490126.0,598490126.0,598490127.0,598490127.0,598490128.0,598490129.0,598490135.0,598490057.0,598490103.0,112.0,110.0,40.0,86.0,1.0,1.0,84.0,0.0,1,0,recorded,60
1643895616,,,,,,,,,,,,,,,,,,,,,,,,,0,1,dropped_only,61
1643898496,,,,,,,,,,,,,,,,,,,,,,,,,0,1,dropped_only,62
1643901376,2.0,2.0,2.0,2.62451,0.0,4804340.0,598490113.0,598490137.0,598490129.0,598490138.0,598490138.0,598490138.0,598490139.0,598490141.0,598490153.0,598490199.0,26.0,17.0,40.0,86.0,9.0,0.0,77.0,0.0,1,0,recorded,63
1643904256,2.0,2.0,2.0,2.62451,0.0,4804340.0,598490146.0,598490242.0,598490241.0,598490242.0,598490242.0,598490243.0,598490245.0,598490250.0,598490185.0,598490231.0,99.0,97.0,39.0,85.0,1.0,1.0,83.0,0.0,1,0,recorded,64
1643907136,,,,,,,,,,,,,,,,,,,,,,,,,0,1,dropped_only,65
1643910016,2.0,2.0,2.0,2.62451,0.0,4804340.0,598490213.0,598490252.0,598490244.0,598490252.0,598490252.0,598490253.0,598490253.0,598490256.0,598490249.0,598490295.0,40.0,31.0,36.0,82.0,8.0,1.0,73.0,0.0,1,0,recorded,66
1643912896,2.0,2.0,2.0,2.62451,0.0,4804340.0,598490245.0,598490367.0,598490366.0,598490367.0,598490367.0,598490367.0,598490368.0,598490373.0,598490281.0,598490327.0,123.0,122.0,36.0,82.0,1.0,0.0,81.0,0.0,1,0,recorded,67
1643917216,,,,,,,,,,,,,,,,,,,,,,,,,0,1,dropped_only,68
1643920096,,,,,,,,,,,,,,,,,,,,,,,,,0,1,dropped_only,69
1643922976,2.0,2.0,2.0,2.62451,0.0,4804340.0,598490359.0,598490375.0,598490371.0,598490375.0,598490375.0,598490376.0,598490376.0,598490378.0,598490393.0,598490439.0,17.0,12.0,34.0,80.0,4.0,1.0,75.0,0.0,1,0,recorded,70
1643925856,2.0,2.0,2.0,2.62451,0.0,4804340.0,598490384.0,598490485.0,598490485.0,598490485.0,598490486.0,598490486.0,598490487.0,598490494.0,598490425.0,598490471.0,103.0,103.0,41.0,87.0,0.0,0.0,87.0,0.0,1,0,recorded,71
1643928736,,,,,,,,,,,,,,,,,,,,,,,,,0,1,dropped_only,72
1643931616,,,,,,,,,,,,,,,,,,,,,,,,,0,1,dropped_only,73
1643934496,2.0,2.0,2.0,2.10571,0.0,4804340.0,598490482.0,598490498.0,598490488.0,598490495.0,598490495.0,598490496.0,598490496.0,598490498.0,598490521.0,598490567.0,14.0,6.0,39.0,85.0,7.0,1.0,77.0,0.0,1,0,recorded,74
1643937376,2.0,2.0,2.0,2.10571,0.0,4804340.0,598490512.0,598490623.0,598490622.0,598490623.0,598490624.0,598490624.0,598490626.0,598490632.0,598490553.0,598490599.0,114.0,113.0,41.0,87.0,1.0,0.0,86.0,0.0,1,0,recorded,75
1643940256,,,,,,,,,,,,,,,,,,,,,,,,,0,1,dropped_only,76
1643943136,2.0,2.0,2.0,2.10571,0.0,4804340.0,598490578.0,598490634.0,598490626.0,598490635.0,598490635.0,598490635.0,598490636.0,598490638.0,598490617.0,598490663.0,58.0,49.0,39.0,85.0,9.0,0.0,76.0,0.0,1,0,recorded,77
1643946016,2.0,2.0,2.0,2.10571,0.0,4804340.0,598490614.0,598490736.0,598490736.0,598490736.0,598490737.0,598490737.0,598490738.0,598490744.0,598490649.0,598490695.0,124.0,124.0,35.0,81.0,0.0,0.0,81.0,0.0,1,0,recorded,78
1643948896,,,,,,,,,,,,,,,,,,,,,,,,,0,1,dropped_only,79
1643953216,,,,,,,,,,,,,,,,,,,,,,,,,0,1,dropped_only,80
1643956096,2.0,2.0,2.0,2.10571,0.0,4804340.0,598490722.0,598490745.0,598490739.0,598490746.0,598490746.0,598490746.0,598490747.0,598490749.0,598490761.0,598490807.0,25.0,18.0,39.0,85.0,7.0,0.0,78.0,0.0,1,0,recorded,81
1643958976,2.0,2.0,2.0,2.10571,0.0,4804340.0,598490754.0,598490860.0,598490859.0,598490860.0,598490860.0,598490861.0,598490862.0,598490866.0,598490793.0,598490839.0,108.0,106.0,39.0,85.0,1.0,1.0,83.0,0.0,1,0,recorded,82
1643961856,,,,,,,,,,,,,,,,,,,,,,,,,0,1,dropped_only,83
1643964736,,,,,,,,,,,,,,,,,,,,,,,,,0,1,dropped_only,84
1643967616,2.0,2.0,2.0,2.10571,0.0,4804340.0,598490853.0,598490867.0,598490864.0,598490868.0,598490868.0,598490868.0,598490869.0,598490871.0,598490889.0,598490935.0,16.0,12.0,36.0,82.0,4.0,0.0,78.0,0.0,1,0,recorded,85
1643970496,2.0,2.0,2.0,2.10571,0.0,4804340.0,598490880.0,598490977.0,598490976.0,598490977.0,598490977.0,598490977.0,598490978.0,598490984.0,598490921.0,598490967.0,98.0,97.0,41.0,87.0,1.0,0.0,86.0,0.0,1,0,recorded,86
1643973376,,,,,,,,,,,,,,,,,,,,,,,,,0,1,dropped_only,87
1643976256,2.0,2.0,2.0,2.10571,0.0,4804340.0,598490945.0,598490986.0,598490979.0,598490986.0,598490986.0,598490986.0,598490987.0,598490989.0,598490985.0,598491031.0,42.0,35.0,40.0,86.0,7.0,0.0,79.0,0.0,1,0,recorded,88
1643979136,2.0,2.0,2.0,2.10571,0.0,4804340.0,598490978.0,598491096.0,598491095.0,598491096.0,598491096.0,598491097.0,598491097.0,598491102.0,598491017.0,598491063.0,119.0,117.0,39.0,85.0,1.0,1.0,83.0,0.0,1,0,recorded,89
1643982016,,,,,,,,,,,,,,,,,,,,,,,,,0,1,dropped_only,90
1643984896,,,,,,,,,,,,,,,,,,,,,,,,,0,1,dropped_only,91
1643989216,2.0,2.0,2.0,2.10571,0.0,4804340.0,598491090.0,598491107.0,598491101.0,598491104.0,598491105.0,598491105.0,598491106.0,598491108.0,598491129.0,598491175.0,16.0,13.0,39.0,85.0,3.0,0.0,82.0,0.0,1,0,recorded,92
1643992096,2.0,2.0,2.0,2.10571,0.0,4804340.0,598491120.0,598491218.0,598491217.0,598491218.0,598491219.0,598491219.0,598491220.0,598491227.0,598491161.0,598491207.0,100.0,99.0,41.0,87.0,1.0,0.0,86.0,0.0,1,0,recorded,93
1643994976,,,,,,,,,,,,,,,,,,,,,,,,,0,1,dropped_only,94
1643997856,2.0,2.0,2.0,2.10571,0.0,4804340.0,598491190.0,598491228.0,598491222.0,598491228.0,598491229.0,598491229.0,598491230.0,598491237.0,598491225.0,598491271.0,40.0,34.0,35.0,81.0,6.0,0.0,75.0,0.0,1,0,recorded,95
1644000736,2.0,2.0,2.0,2.10571,0.0,4804340.0,598491223.0,598491332.0,598491332.0,598491332.0,598491332.0,598491333.0,598491333.0,598491338.0,598491257.0,598491303.0,110.0,109.0,34.0,80.0,0.0,1.0,79.0,0.0,1,0,recorded,96
1644003616,,,,,,,,,,,,,,,,,,,,,,,,,0,1,dropped_only,97
1644006496,,,,,,,,,,,,,,,,,,,,,,,,,0,1,dropped_only,98
1644009376,2.0,2.0,2.0,2.10571,0.0,4804340.0,598491314.0,598491339.0,598491335.0,598491339.0,598491339.0,598491340.0,598491340.0,598491342.0,598491353.0,598491399.0,26.0,21.0,39.0,85.0,4.0,1.0,80.0,0.0,1,0,recorded,99
1644012256,2.0,2.0,2.0,2.10571,0.0,4804340.0,598491345.0,598491448.0,598491448.0,598491449.0,598491449.0,598491449.0,598491450.0,598491456.0,598491385.0,598491431.0,105.0,104.0,40.0,86.0,1.0,0.0,85.0,0.0,1,0,recorded,100
1644015136,,,,,,,,,,,,,,,,,,,,,,,,,0,1,dropped_only,101
1644018016,,,,,,,,,,,,,,,,,,,,,,,,,0,1,dropped_only,102
1644020896,2.0,2.0,2.0,2.10571,0.0,4804340.0,598491443.0,598491460.0,598491452.0,598491458.0,598491458.0,598491458.0,598491458.0,598491460.0,598491481.0,598491527.0,15.0,9.0,38.0,84.0,6.0,0.0,78.0,0.0,1,0,recorded,103
1644025216,2.0,2.0,2.0,2.10571,0.0,4804340.0,598491489.0,598491572.0,598491571.0,598491572.0,598491572.0,598491573.0,598491574.0,598491581.0,598491529.0,598491575.0,85.0,83.0,40.0,86.0,1.0,1.0,84.0,0.0,1,0,recorded,104
1644028096,,,,,,,,,,,,,,,,,,,,,,,,,0,1,dropped_only,105
1644030976,2.0,2.0,2.0,2.10571,0.0,4804340.0,598491558.0,598491583.0,598491574.0,598491583.0,598491583.0,598491584.0,598491584.0,598491586.0,598491593.0,598491639.0,26.0,16.0,35.0,81.0,9.0,1.0,71.0,0.0,1,0,recorded,106
1644033856,2.0,2.0,2.0,2.10571,0.0,4804340.0,598491585.0,598491692.0,598491692.0,598491692.0,598491692.0,598491693.0,598491693.0,598491701.0,598491625.0,598491671.0,108.0,107.0,40.0,86.0,0.0,1.0,85.0,0.0,1,0,recorded,107
1644036736,,,,,,,,,,,,,,,,,,,,,,,,,0,1,dropped_only,108
1644039616,,,,,,,,,,,,,,,,,,,,,,,,,0,1,dropped_only,109
1644042496,2.0,2.0,2.0,2.10571,0.0,4804340.0,598491683.0,598491702.0,598491697.0,598491702.0,598491703.0,598491703.0,598491703.0,598491706.0,598491721.0,598491767.0,20.0,15.0,38.0,84.0,5.0,0.0,79.0,0.0,1,0,recorded,110
1644045376,2.0,2.0,2.0,2.10571,0.0,4804340.0,598491712.0,598491816.0,598491815.0,598491816.0,598491816.0,598491817.0,598491818.0,598491825.0,598491753.0,598491799.0,106.0,104.0,41.0,87.0,1.0,1.0,85.0,0.0,1,0,recorded,111
1644048256,,,,,,,,,,,,,,,,,,,,,,,,,0,1,dropped_only,112
1644051136,,,,,,,,,,,,,,,,,,,,,,,,,0,1,dropped_only,113
1644054016,2.0,2.0,2.0,2.10571,0.0,4804340.0,598491810.0,598491828.0,598491819.0,598491827.0,598491828.0,598491828.0,598491828.0,598491832.0,598491849.0,598491895.0,18.0,10.0,39.0,85.0,8.0,0.0,77.0,0.0,1,0,recorded,114
1644056896,2.0,2.0,2.0,2.10571,0.0,4804340.0,598491844.0,598491941.0,598491941.0,598491941.0,598491942.0,598491942.0,598491943.0,598491951.0,598491881.0,598491927.0,99.0,99.0,37.0,83.0,0.0,0.0,83.0,0.0,1,0,recorded,115
1644061216,,,,,,,,,,,,,,,,,,,,,,,,,0,1,dropped_only,116
1644064096,2.0,2.0,2.0,3.00598,0.0,4804340.0,598491921.0,598491952.0,598491944.0,598491953.0,598491953.0,598491953.0,598491953.0,598491956.0,598491961.0,598492007.0,32.0,23.0,40.0,86.0,9.0,0.0,77.0,0.0,1,0,recorded,117
1644066976,2.0,2.0,2.0,3.00598,0.0,4804340.0,598491958.0,598492062.0,598492062.0,598492062.0,598492063.0,598492063.0,598492064.0,598492073.0,598491993.0,598492039.0,106.0,106.0,35.0,81.0,0.0,0.0,81.0,0.0,1,0,recorded,118
1644069856,,,,,,,,,,,,,,,,,,,,,,,,,0,1,dropped_only,119
1644072736,,,,,,,,,,,,,,,,,,,,,,,,,0,1,dropped_only,120
1644075616,2.0,2.0,2.0,3.00598,0.0,4804340.0,598492050.0,598492075.0,598492063.0,598492075.0,598492075.0,598492075.0,598492076.0,598492078.0,598492089.0,598492135.0,26.0,14.0,39.0,85.0,12.0,0.0,73.0,0.0,1,0,recorded,121
1644078496,2.0,2.0,2.0,3.00598,0.0,4804340.0,598492090.0,598492180.0,598492179.0,598492180.0,598492180.0,598492181.0,598492181.0,598492189.0,598492121.0,598492167.0,91.0,89.0,31.0,77.0,1.0,1.0,75.0,0.0,1,0,recorded,122
1644081376,,,,,,,,,,,,,,,,,,,,,,,,,0,1,dropped_only,123
1644084256,2.0,2.0,2.0,3.00598,0.0,4804340.0,598492153.0,598492190.0,598492181.0,598492191.0,598492191.0,598492191.0,598492191.0,598492193.0,598492185.0,598492231.0,38.0,28.0,32.0,78.0,10.0,0.0,68.0,0.0,1,0,recorded,124
1644087136,2.0,2.0,2.0,3.00598,0.0,4804340.0,598492178.0,598492294.0,598492294.0,598492295.0,598492295.0,598492296.0,598492296.0,598492304.0,598492217.0,598492263.0,118.0,116.0,39.0,85.0,1.0,1.0,83.0,0.0,1,0,recorded,125
1644090016,,,,,,,,,,,,,,,,,,,,,,,,,0,1,dropped_only,126
1644092896,2.0,2.0,2.0,3.00598,0.0,4804340.0,598492242.0,598492306.0,598492298.0,598492306.0,598492306.0,598492306.0,598492307.0,598492309.0,598492281.0,598492327.0,65.0,57.0,39.0,85.0,8.0,0.0,77.0,0.0,1,0,recorded,127
1644097216,2.0,2.0,2.0,3.00598,0.0,4804340.0,598492291.0,598492409.0,598492409.0,598492410.0,598492410.0,598492411.0,598492411.0,598492419.0,598492329.0,598492375.0,120.0,118.0,38.0,84.0,1.0,1.0,82.0,0.0,1,0,recorded,128
1644100096,,,,,,,,,,,,,,,,,,,,,,,,,0,1,dropped_only,129
1644102976,,,,,,,,,,,,,,,,,,,,,,,,,0,1,dropped_only,130
1644105856,2.0,2.0,2.0,3.00598,0.0,4804340.0,598492387.0,598492421.0,598492414.0,598492421.0,598492421.0,598492421.0,598492421.0,598492423.0,598492425.0,598492471.0,34.0,27.0,38.0,84.0,7.0,0.0,77.0,0.0,1,0,recorded,131
1644108736,2.0,2.0,2.0,3.00598,0.0,4804340.0,598492424.0,598492525.0,598492524.0,598492525.0,598492525.0,598492525.0,598492526.0,598492534.0,598492457.0,598492503.0,102.0,101.0,33.0,79.0,1.0,0.0,78.0,0.0,1,0,recorded,132
1644111616,,,,,,,,,,,,,,,,,,,,,,,,,0,1,dropped_only,133
1644114496,,,,,,,,,,,,,,,,,,,,,,,,,0,1,dropped_only,134
1644117376,2.0,2.0,2.0,3.00598,0.0,4804340.0,598492517.0,598492536.0,598492528.0,598492536.0,598492536.0,598492536.0,598492536.0,598492539.0,598492553.0,598492599.0,19.0,11.0,36.0,82.0,8.0,0.0,74.0,0.0,1,0,recorded,135
1644120256,2.0,2.0,2.0,3.00598,0.0,4804340.0,598492555.0,598492649.0,598492649.0,598492650.0,598492650.0,598492650.0,598492651.0,598492660.0,598492585.0,598492631.0,96.0,95.0,30.0,76.0,1.0,0.0,75.0,0.0,1,0,recorded,136
1644123136,,,,,,,,,,,,,,,,,,,,,,,,,0,1,dropped_only,137
1644126016,,,,,,,,,,,,,,,,,,,,,,,,,0,1,dropped_only,138
1644128896,2.0,2.0,2.0,3.00598,0.0,4804340.0,598492644.0,598492662.0,598492654.0,598492661.0,598492662.0,598492662.0,598492662.0,598492664.0,598492681.0,598492727.0,18.0,11.0,37.0,83.0,7.0,0.0,76.0,0.0,1,0,recorded,139
1644133216,2.0,2.0,2.0,3.00598,0.0,4804340.0,598492690.0,598492773.0,598492772.0,598492773.0,598492774.0,598492774.0,598492775.0,598492783.0,598492729.0,598492775.0,85.0,84.0,39.0,85.0,1.0,0.0,84.0,0.0,1,0,recorded,140
1644136096,,,,,,,,,,,,,,,,,,,,,,,,,0,1,dropped_only,141
1644138976,2.0,2.0,2.0,3.84521,0.0,4804340.0,598492754.0,598492784.0,598492776.0,598492784.0,598492785.0,598492785.0,598492785.0,598492788.0,598492793.0,598492839.0,31.0,23.0,39.0,85.0,8.0,0.0,77.0,0.0,1,0,recorded,142
1644141856,2.0,2.0,2.0,3.84521,0.0,4804340.0,598492793.0,598492889.0,598492888.0,598492889.0,598492889.0,598492890.0,598492890.0,598492898.0,598492825.0,598492871.0,97.0,95.0,32.0,78.0,1.0,1.0,76.0,0.0,1,0,recorded,143
1644144736,,,,,,,,,,,,,,,,,,,,,,,,,0,1,dropped_only,144
1644147616,,,,,,,,,,,,,,,,,,,,,,,,,0,1,dropped_only,145
1644150496,2.0,2.0,2.0,3.84521,0.0,4804340.0,598492882.0,598492902.0,598492892.0,598492899.0,598492899.0,598492900.0,598492900.0,598492902.0,598492921.0,598492967.0,18.0,10.0,39.0,85.0,7.0,1.0,77.0,0.0,1,0,recorded,146
1644153376,2.0,2.0,2.0,3.84521,0.0,4804340.0,598492913.0,598493004.0,598493004.0,598493005.0,598493005.0,598493006.0,598493006.0,598493013.0,598492953.0,598492999.0,93.0,91.0,40.0,86.0,1.0,1.0,84.0,0.0,1,0,recorded,147
1644156256,,,,,,,,,,,,,,,,,,,,,,,,,0,1,dropped_only,148
1644159136,2.0,2.0,2.0,3.84521,0.0,4804340.0,598492978.0,598493015.0,598493008.0,598493015.0,598493015.0,598493016.0,598493016.0,598493019.0,598493017.0,598493063.0,38.0,30.0,39.0,85.0,7.0,1.0,77.0,0.0,1,0,recorded,149
1644162106,2.0,2.0,2.0,3.84521,0.0,4804340.0,598493011.0,598493130.0,598493130.0,598493131.0,598493131.0,598493131.0,598493132.0,598493138.0,598493050.0,598493096.0,121.0,120.0,39.0,85.0,1.0,0.0,84.0,0.0,1,0,recorded,150
1644164896,,,,,,,,,,,,,,,,,,,,,,,,,0,1,dropped_only,151
1644169216,,,,,,,,,,,,,,,,,,,,,,,,,0,1,dropped_only,152
1644172096,2.0,2.0,2.0,3.84521,0.0,4804340.0,598493123.0,598493143.0,598493135.0,598493140.0,598493140.0,598493141.0,598493141.0,598493143.0,598493161.0,598493207.0,18.0,12.0,38.0,84.0,5.0,1.0,78.0,0.0,1,0,recorded,153
1644174976,2.0,2.0,2.0,3.84521,0.0,4804340.0,598493155.0,598493254.0,598493254.0,598493254.0,598493255.0,598493255.0,598493256.0,598493263.0,598493193.0,598493239.0,101.0,101.0,38.0,84.0,0.0,0.0,84.0,0.0,1,0,recorded,154
1644177856,,,,,,,,,,,,,,,,,,,,,,,,,0,1,dropped_only,155
1644180736,2.0,2.0,2.0,3.84521,0.0,4804340.0,598493218.0,598493265.0,598493255.0,598493265.0,598493265.0,598493265.0,598493266.0,598493268.0,598493257.0,598493303.0,48.0,38.0,39.0,85.0,10.0,0.0,75.0,0.0,1,0,recorded,156
1644183616,2.0,2.0,2.0,3.84521,0.0,4804340.0,598493250.0,598493374.0,598493373.0,598493375.0,598493375.0,598493376.0,598493377.0,598493385.0,598493289.0,598493335.0,127.0,124.0,39.0,85.0,2.0,1.0,82.0,0.0,1,0,recorded,157
1644186496,,,,,,,,,,,,,,,,,,,,,,,,,0,1,dropped_only,158
1644189376,,,,,,,,,,,,,,,,,,,,,,,,,0,1,dropped_only,159
1644192256,2.0,2.0,2.0,3.84521,0.0,4804340.0,598493347.0,598493387.0,598493379.0,598493387.0,598493387.0,598493387.0,598493387.0,598493390.0,598493385.0,598493431.0,40.0,32.0,38.0,84.0,8.0,0.0,76.0,0.0,1,0,recorded,160
1644195136,2.0,2.0,2.0,3.84521,0.0,4804340.0,598493379.0,598493488.0,598493488.0,598493488.0,598493489.0,598493489.0,598493490.0,598493492.0,598493417.0,598493463.0,111.0,111.0,38.0,84.0,0.0,0.0,84.0,0.0,1,0,recorded,161
1644198016,,,,,,,,,,,,,,,,,,,,,,,,,0,1,dropped_only,162
1644200896,2.0,2.0,2.0,3.84521,0.0,4804340.0,598493441.0,598493493.0,598493490.0,598493493.0,598493494.0,598493494.0,598493494.0,598493496.0,598493481.0,598493527.0,53.0,50.0,40.0,86.0,3.0,0.0,83.0,0.0,1,0,recorded,163
1644205216,2.0,2.0,2.0,3.84521,0.0,4804340.0,598493491.0,598493616.0,598493615.0,598493616.0,598493616.0,598493617.0,598493617.0,598493627.0,598493529.0,598493575.0,126.0,124.0,38.0,84.0,1.0,1.0,82.0,0.0,1,0,recorded,164
1644208096,,,,,,,,,,,,,,,,,,,,,,,,,0,1,dropped_only,165
1644210976,,,,,,,,,,,,,,,,,,,,,,,,,0,1,dropped_only,166
1644213856,2.0,2.0,2.0,3.84521,0.0,4804340.0,598493586.0,598493629.0,598493620.0,598493629.0,598493629.0,598493630.0,598493630.0,598493632.0,598493625.0,598493671.0,44.0,34.0,39.0,85.0,9.0,1.0,75.0,0.0,1,0,recorded,167
1644216736,2.0,2.0,2.0,3.84521,0.0,4804340.0,598493622.0,598493746.0,598493745.0,598493746.0,598493746.0,598493747.0,598493748.0,598493756.0,598493657.0,598493703.0,126.0,124.0,35.0,81.0,1.0,1.0,79.0,0.0,1,0,recorded,168
1644219616,,,,,,,,,,,,,,,,,,,,,,,,,0,1,dropped_only,169
1644222496,,,,,,,,,,,,,,,,,,,,,,,,,0,1,dropped_only,170
1644225376,2.0,2.0,2.0,3.84521,0.0,4804340.0,598493715.0,598493757.0,598493750.0,598493757.0,598493757.0,598493757.0,598493757.0,598493760.0,598493753.0,598493799.0,42.0,35.0,38.0,84.0,7.0,0.0,77.0,0.0,1,0,recorded,171
1644228256,2.0,2.0,2.0,3.84521,0.0,4804340.0,598493748.0,598493863.0,598493863.0,598493864.0,598493864.0,598493864.0,598493865.0,598493873.0,598493785.0,598493831.0,117.0,116.0,37.0,83.0,1.0,0.0,82.0,0.0,1,0,recorded,172
1644231136,,,,,,,,,,,,,,,,,,,,,,,,,0,1,dropped_only,173
1644234106,,,,,,,,,,,,,,,,,,,,,,,,,0,1,dropped_only,174
1644236896,2.0,2.0,2.0,3.84521,0.0,4804340.0,598493844.0,598493874.0,598493868.0,598493874.0,598493875.0,598493875.0,598493875.0,598493878.0,598493881.0,598493927.0,31.0,25.0,37.0,83.0,6.0,0.0,77.0,0.0,1,0,recorded,175
1644241216,2.0,2.0,2.0,3.84521,0.0,4804340.0,598493889.0,598493981.0,598493980.0,598493981.0,598493981.0,598493982.0,598493983.0,598493991.0,598493929.0,598493975.0,94.0,92.0,40.0,86.0,1.0,1.0,84.0,0.0,1,0,recorded,176
1644244096,,,,,,,,,,,,,,,,,,,,,,,,,0,1,dropped_only,177
1644246976,2.0,2.0,2.0,3.84521,0.0,4804340.0,598493957.0,598493993.0,598493983.0,598493993.0,598493993.0,598493993.0,598493993.0,598493996.0,598493993.0,598494039.0,36.0,26.0,36.0,82.0,10.0,0.0,72.0,0.0,1,0,recorded,178
1644249856,2.0,2.0,2.0,3.84521,0.0,4804340.0,598493985.0,598494097.0,598494097.0,598494097.0,598494098.0,598494098.0,598494099.0,598494108.0,598494025.0,598494071.0,114.0,114.0,40.0,86.0,0.0,0.0,86.0,0.0,1,0,recorded,179
1644252736,,,,,,,,,,,,,,,,,,,,,,,,,0,1,dropped_only,180
1644255616,,,,,,,,,,,,,,,,,,,,,,,,,0,1,dropped_only,181
1644258496,2.0,2.0,2.0,2.47192,0.0,6451200.0,598494084.0,598494110.0,598494101.0,598494110.0,598494110.0,598494111.0,598494111.0,598494113.0,598494121.0,598494167.0,27.0,17.0,37.0,83.0,9.0,1.0,73.0,0.0,1,0,recorded,182
1644261376,2.0,2.0,2.0,2.47192,0.0,6451200.0,598494114.0,598494214.0,598494214.0,598494215.0,598494215.0,598494216.0,598494217.0,598494226.0,598494153.0,598494199.0,103.0,101.0,39.0,85.0,1.0,1.0,83.0,0.0,1,0,recorded,183
1644264256,,,,,,,,,,,,,,,,,,,,,,,,,0,1,dropped_only,184
1644267136,2.0,2.0,2.0,2.47192,0.0,6451200.0,598494178.0,598494228.0,598494216.0,598494228.0,598494228.0,598494229.0,598494229.0,598494232.0,598494217.0,598494263.0,51.0,38.0,39.0,85.0,12.0,1.0,72.0,0.0,1,0,recorded,185
1644270016,2.0,2.0,2.0,2.47192,0.0,6451200.0,598494212.0,598494325.0,598494324.0,598494325.0,598494325.0,598494326.0,598494326.0,598494335.0,598494249.0,598494295.0,114.0,112.0,37.0,83.0,1.0,1.0,81.0,0.0,1,0,recorded,186
1644272896,,,,,,,,,,,,,,,,,,,,,,,,,0,1,dropped_only,187
1644277396,2.0,2.0,2.0,2.47192,0.0,6451200.0,598494302.0,598494336.0,598494327.0,598494337.0,598494337.0,598494337.0,598494337.0,598494340.0,598494331.0,598494377.0,35.0,25.0,29.0,75.0,10.0,0.0,65.0,0.0,1,0,recorded,188
1644280096,2.0,2.0,2.0,2.47192,0.0,6451200.0,598494326.0,598494446.0,598494445.0,598494446.0,598494446.0,598494447.0,598494447.0,598494457.0,598494361.0,598494407.0,121.0,119.0,35.0,81.0,1.0,1.0,79.0,0.0,1,0,recorded,189
1644282976,,,,,,,,,,,,,,,,,,,,,,,,,0,1,dropped_only,190
1644285856,,,,,,,,,,,,,,,,,,,,,,,,,0,1,dropped_only,191
1644288736,2.0,2.0,2.0,2.47192,0.0,6451200.0,598494423.0,598494458.0,598494448.0,598494458.0,598494458.0,598494458.0,598494459.0,598494462.0,598494457.0,598494503.0,36.0,26.0,34.0,80.0,10.0,0.0,70.0,0.0,1,0,recorded,192
1644291616,2.0,2.0,2.0,2.47192,0.0,6451200.0,598494451.0,598494563.0,598494562.0,598494563.0,598494563.0,598494564.0,598494564.0,598494573.0,598494489.0,598494535.0,113.0,111.0,38.0,84.0,1.0,1.0,82.0,0.0,1,0,recorded,193
1644294496,,,,,,,,,,,,,,,,,,,,,,,,,0,1,dropped_only,194
1644297376,,,,,,,,,,,,,,,,,,,,,,,,,0,1,dropped_only,195
1644300256,2.0,2.0,2.0,2.47192,0.0,6451200.0,598494554.0,598494574.0,598494567.0,598494575.0,598494575.0,598494575.0,598494575.0,598494578.0,598494585.0,598494631.0,21.0,13.0,31.0,77.0,8.0,0.0,69.0,0.0,1,0,recorded,196
1644303136,2.0,2.0,2.0,2.47192,0.0,6451200.0,598494577.0,598494687.0,598494686.0,598494688.0,598494688.0,598494689.0,598494690.0,598494698.0,598494617.0,598494663.0,113.0,110.0,40.0,86.0,2.0,1.0,83.0,0.0,1,0,recorded,197
1644306016,,,,,,,,,,,,,,,,,,,,,,,,,0,1,dropped_only,198
1644308896,2.0,2.0,2.0,2.47192,0.0,6451200.0,598494642.0,598494700.0,598494691.0,598494700.0,598494700.0,598494701.0,598494701.0,598494703.0,598494681.0,598494727.0,59.0,49.0,39.0,85.0,9.0,1.0,75.0,0.0,1,0,recorded,199
1644313216,2.0,2.0,2.0,2.47192,0.0,6451200.0,598494691.0,598494810.0,598494809.0,598494810.0,598494810.0,598494811.0,598494811.0,598494814.0,598494729.0,598494775.0,120.0,118.0,38.0,84.0,1.0,1.0,82.0,0.0,1,0,recorded,200
1644316096,,,,,,,,,,,,,,,,,,,,,,,,,0,1,dropped_only,201
1644318976,,,,,,,,,,,,,,,,,,,,,,,,,0,1,dropped_only,202
1644321856,2.0,2.0,2.0,2.47192,0.0,6451200.0,598494787.0,598494815.0,598494813.0,598494815.0,598494815.0,598494815.0,598494816.0,598494818.0,598494825.0,598494871.0,29.0,27.0,38.0,84.0,2.0,0.0,82.0,0.0,1,0,recorded,203
1644324736,2.0,2.0,2.0,2.47192,0.0,6451200.0,598494823.0,598494934.0,598494933.0,598494934.0,598494934.0,598494935.0,598494935.0,598494944.0,598494857.0,598494903.0,112.0,110.0,34.0,80.0,1.0,1.0,78.0,0.0,1,0,recorded,204
1644327616,,,,,,,,,,,,,,,,,,,,,,,,,0,1,dropped_only,205
1644330496,,,,,,,,,,,,,,,,,,,,,,,,,0,1,dropped_only,206
1644333376,2.0,2.0,2.0,2.47192,0.0,6451200.0,598494915.0,598494945.0,598494938.0,598494945.0,598494945.0,598494946.0,598494946.0,598494949.0,598494953.0,598494999.0,31.0,23.0,38.0,84.0,7.0,1.0,76.0,0.0,1,0,recorded,207
1644336256,2.0,2.0,2.0,2.47192,0.0,6451200.0,598494947.0,598495051.0,598495051.0,598495052.0,598495052.0,598495053.0,598495054.0,598495062.0,598494985.0,598495031.0,107.0,105.0,38.0,84.0,1.0,1.0,82.0,0.0,1,0,recorded,208
1644339136,,,,,,,,,,,,,,,,,,,,,,,,,0,1,dropped_only,209
1644342016,,,,,,,,,,,,,,,,,,,,,,,,,0,1,dropped_only,210
1644344896,2.0,2.0,2.0,2.47192,0.0,6451200.0,598495042.0,598495064.0,598495055.0,598495064.0,598495064.0,598495065.0,598495065.0,598495067.0,598495081.0,598495127.0,23.0,13.0,39.0,85.0,9.0,1.0,75.0,0.0,1,0,recorded,211
1644349216,2.0,2.0,2.0,2.47192,0.0,6451200.0,598495091.0,598495171.0,598495171.0,598495172.0,598495172.0,598495172.0,598495173.0,598495181.0,598495129.0,598495175.0,82.0,81.0,38.0,84.0,1.0,0.0,83.0,0.0,1,0,recorded,212
1644352096,,,,,,,,,,,,,,,,,,,,,,,,,0,1,dropped_only,213
1644354976,2.0,2.0,2.0,2.47192,0.0,6451200.0,598495158.0,598495182.0,598495174.0,598495182.0,598495183.0,598495183.0,598495183.0,598495186.0,598495193.0,598495239.0,25.0,17.0,35.0,81.0,8.0,0.0,73.0,0.0,1,0,recorded,214
1644357856,2.0,2.0,2.0,2.47192,0.0,6451200.0,598495186.0,598495290.0,598495289.0,598495290.0,598495290.0,598495290.0,598495291.0,598495299.0,598495225.0,598495271.0,105.0,104.0,39.0,85.0,1.0,0.0,84.0,0.0,1,0,recorded,215
1644360736,,,,,,,,,,,,,,,,,,,,,,,,,0,1,dropped_only,216
1644363616,,,,,,,,,,,,,,,,,,,,,,,,,0,1,dropped_only,217
1644366496,2.0,2.0,2.0,3.02124,0.0,6451200.0,598495284.0,598495303.0,598495294.0,598495301.0,598495301.0,598495302.0,598495302.0,598495304.0,598495321.0,598495367.0,18.0,10.0,37.0,83.0,7.0,1.0,75.0,0.0,1,0,recorded,218
1644369376,2.0,2.0,2.0,3.02124,0.0,6451200.0,598495313.0,598495410.0,598495409.0,598495410.0,598495411.0,598495411.0,598495412.0,598495420.0,598495353.0,598495399.0,99.0,98.0,40.0,86.0,1.0,0.0,85.0,0.0,1,0,recorded,219
1644372256,,,,,,,,,,,,,,,,,,,,,,,,,0,1,dropped_only,220
1644375136,2.0,2.0,2.0,3.02124,0.0,6451200.0,598495379.0,598495421.0,598495414.0,598495421.0,598495421.0,598495421.0,598495422.0,598495425.0,598495417.0,598495463.0,43.0,36.0,38.0,84.0,7.0,0.0,77.0,0.0,1,0,recorded,221
1644378016,2.0,2.0,2.0,3.02124,0.0,6451200.0,598495413.0,598495526.0,598495526.0,598495527.0,598495527.0,598495527.0,598495528.0,598495533.0,598495449.0,598495495.0,115.0,114.0,36.0,82.0,1.0,0.0,81.0,0.0,1,0,recorded,222
1644380896,,,,,,,,,,,,,,,,,,,,,,,,,0,1,dropped_only,223
1644385216,2.0,2.0,2.0,3.02124,0.0,6451200.0,598495494.0,598495534.0,598495530.0,598495534.0,598495534.0,598495534.0,598495534.0,598495537.0,598495529.0,598495575.0,40.0,36.0,35.0,81.0,4.0,0.0,77.0,0.0,1,0,recorded,224
1644388096,2.0,2.0,2.0,3.02124,0.0,6451200.0,598495529.0,598495654.0,598495653.0,598495654.0,598495654.0,598495655.0,598495655.0,598495664.0,598495561.0,598495607.0,126.0,124.0,32.0,78.0,1.0,1.0,76.0,0.0,1,0,recorded,225
1644390976,,,,,,,,,,,,,,,,,,,,,,,,,0,1,dropped_only,226
1644393856,,,,,,,,,,,,,,,,,,,,,,,,,0,1,dropped_only,227
1644396736,2.0,2.0,2.0,3.02124,0.0,6451200.0,598495620.0,598495666.0,598495658.0,598495666.0,598495666.0,598495666.0,598495666.0,598495669.0,598495657.0,598495703.0,46.0,38.0,37.0,83.0,8.0,0.0,75.0,0.0,1,0,recorded,228
1644399616,2.0,2.0,2.0,3.02124,0.0,6451200.0,598495655.0,598495771.0,598495771.0,598495772.0,598495772.0,598495773.0,598495773.0,598495783.0,598495689.0,598495735.0,118.0,116.0,34.0,80.0,1.0,1.0,78.0,0.0,1,0,recorded,229
1644402496,,,,,,,,,,,,,,,,,,,,,,,,,0,1,dropped_only,230
1644405376,,,,,,,,,,,,,,,,,,,,,,,,,0,1,dropped_only,231
1644408256,2.0,2.0,2.0,3.02124,0.0,6451200.0,598495753.0,598495784.0,598495776.0,598495784.0,598495784.0,598495785.0,598495785.0,598495788.0,598495785.0,598495831.0,32.0,23.0,32.0,78.0,8.0,1.0,69.0,0.0,1,0,recorded,232
1644411136,2.0,2.0,2.0,3.02124,0.0,6451200.0,598495779.0,598495895.0,598495895.0,598495895.0,598495896.0,598495897.0,598495897.0,598495906.0,598495817.0,598495863.0,118.0,117.0,38.0,84.0,0.0,1.0,83.0,0.0,1,0,recorded,233
1644414016,,,,,,,,,,,,,,,,,,,,,,,,,0,1,dropped_only,234
1644416896,2.0,2.0,2.0,3.02124,0.0,6451200.0,598495843.0,598495907.0,598495898.0,598495907.0,598495908.0,598495908.0,598495908.0,598495911.0,598495881.0,598495927.0,65.0,56.0,38.0,84.0,9.0,0.0,75.0,0.0,1,0,recorded,235
1644421216,2.0,2.0,2.0,3.02124,0.0,6451200.0,598495893.0,598496010.0,598496010.0,598496010.0,598496011.0,598496011.0,598496012.0,598496021.0,598495929.0,598495975.0,119.0,119.0,36.0,82.0,0.0,0.0,82.0,0.0,1,0,recorded,236
1644424096,,,,,,,,,,,,,,,,,,,,,,,,,0,1,dropped_only,237
1644426976,,,,,,,,,,,,,,,,,,,,,,,,,0,1,dropped_only,238
1644429856,2.0,2.0,2.0,3.02124,0.0,6451200.0,598495987.0,598496023.0,598496013.0,598496023.0,598496023.0,598496023.0,598496023.0,598496028.0,598496025.0,598496071.0,36.0,26.0,38.0,84.0,10.0,0.0,74.0,0.0,1,0,recorded,239
1644432736,2.0,2.0,2.0,3.02124,0.0,6451200.0,598496024.0,598496130.0,598496129.0,598496130.0,598496130.0,598496131.0,598496132.0,598496138.0,598496057.0,598496103.0,108.0,106.0,33.0,79.0,1.0,1.0,77.0,0.0,1,0,recorded,240
1644435616,,,,,,,,,,,,,,,,,,,,,,,,,0,1,dropped_only,241
1644438496,,,,,,,,,,,,,,,,,,,,,,,,,0,1,dropped_only,242
1644441376,2.0,2.0,2.0,3.02124,0.0,6451200.0,598496116.0,598496140.0,598496134.0,598496140.0,598496140.0,598496140.0,598496141.0,598496143.0,598496153.0,598496199.0,25.0,19.0,37.0,83.0,6.0,0.0,77.0,0.0,1,0,recorded,243
1644444256,2.0,2.0,2.0,3.02124,0.0,6451200.0,598496146.0,598496247.0,598496247.0,598496247.0,598496248.0,598496248.0,598496249.0,598496257.0,598496185.0,598496231.0,103.0,103.0,39.0,85.0,0.0,0.0,85.0,0.0,1,0,recorded,244
1644447136,,,,,,,,,,,,,,,,,,,,,,,,,0,1,dropped_only,245
1644450016,2.0,2.0,2.0,3.02124,0.0,6451200.0,598496211.0,598496259.0,598496251.0,598496259.0,598496260.0,598496260.0,598496260.0,598496263.0,598496249.0,598496295.0,49.0,41.0,38.0,84.0,8.0,0.0,76.0,0.0,1,0,recorded,246
1644452896,2.0,2.0,2.0,3.02124,0.0,6451200.0,598496243.0,598496364.0,598496364.0,598496364.0,598496365.0,598496365.0,598496366.0,598496375.0,598496281.0,598496327.0,123.0,123.0,38.0,84.0,0.0,0.0,84.0,0.0,1,0,recorded,247
1644455776,,,,,,,,,,,,,,,,,,,,,,,,,0,1,dropped_only,248
1644460096,,,,,,,,,,,,,,,,,,,,,,,,,0,1,dropped_only,249
1644462976,2.0,2.0,2.0,3.02124,0.0,6451200.0,598496357.0,598496377.0,598496367.0,598496378.0,598496378.0,598496378.0,598496378.0,598496381.0,598496393.0,598496439.0,21.0,10.0,36.0,82.0,11.0,0.0,71.0,0.0,1,0,recorded,250
1644465856,2.0,2.0,2.0,3.02124,0.0,6451200.0,598496386.0,598496482.0,598496482.0,598496482.0,598496483.0,598496483.0,598496484.0,598496493.0,598496425.0,598496471.0,98.0,98.0,39.0,85.0,0.0,0.0,85.0,0.0,1,0,recorded,251
1644468736,,,,,,,,,,,,,,,,,,,,,,,,,0,1,dropped_only,252
1644471616,2.0,2.0,2.0,3.02124,0.0,6451200.0,598496452.0,598496494.0,598496486.0,598496494.0,598496494.0,598496495.0,598496495.0,598496497.0,598496489.0,598496535.0,43.0,34.0,37.0,83.0,8.0,1.0,74.0,0.0,1,0,recorded,253
1644474496,2.0,2.0,2.0,3.02124,0.0,6451200.0,598496485.0,598496604.0,598496603.0,598496604.0,598496604.0,598496604.0,598496605.0,598496607.0,598496521.0,598496567.0,120.0,119.0,36.0,82.0,1.0,0.0,81.0,0.0,1,0,recorded,254
1644477376,,,,,,,,,,,,,,,,,,,,,,,,,0,1,dropped_only,255
1644480256,2.0,2.0,2.0,3.02124,0.0,6451200.0,598496548.0,598496608.0,598496606.0,598496608.0,598496608.0,598496609.0,598496610.0,598496612.0,598496585.0,598496631.0,62.0,59.0,37.0,83.0,2.0,1.0,80.0,0.0,1,0,recorded,256
1644483136,2.0,2.0,2.0,3.02124,0.0,6451200.0,598496580.0,598496613.0,598496609.0,598496613.0,598496613.0,598496614.0,598496614.0,598496617.0,598496617.0,598496663.0,34.0,29.0,37.0,83.0,4.0,1.0,78.0,0.0,1,0,recorded,257
1644486016,2.0,2.0,2.0,3.02124,0.0,6451200.0,598496611.0,598496724.0,598496723.0,598496724.0,598496724.0,598496725.0,598496725.0,598496734.0,598496649.0,598496695.0,114.0,112.0,38.0,84.0,1.0,1.0,82.0,0.0,1,0,recorded,258
1644488896,,,,,,,,,,,,,,,,,,,,,,,,,0,1,dropped_only,259
1644493216,2.0,2.0,2.0,3.02124,0.0,6451200.0,598496693.0,598496735.0,598496726.0,598496735.0,598496735.0,598496736.0,598496736.0,598496739.0,598496729.0,598496775.0,43.0,33.0,36.0,82.0,9.0,1.0,72.0,0.0,1,0,recorded,260
1644496096,2.0,2.0,2.0,2.54822,0.0,6451200.0,598496750.0,598496843.0,598496842.0,598496843.0,598496843.0,598496843.0,598496844.0,598496851.0,598496761.0,598496807.0,94.0,93.0,11.0,57.0,1.0,0.0,56.0,0.0,1,0,recorded,261
1644498976,,,,,,,,,,,,,,,,,,,,,,,,,0,1,dropped_only,262
1644501856,,,,,,,,,,,,,,,,,,,,,,,,,0,1,dropped_only,263
1644504736,2.0,2.0,2.0,2.54822,0.0,6451200.0,598496819.0,598496853.0,598496847.0,598496853.0,598496853.0,598496854.0,598496854.0,598496863.0,598496857.0,598496903.0,35.0,28.0,38.0,84.0,6.0,1.0,77.0,0.0,1,0,recorded,264
1644507616,2.0,2.0,2.0,2.54822,0.0,6451200.0,598496850.0,598496958.0,598496958.0,598496959.0,598496959.0,598496959.0,598496960.0,598496969.0,598496889.0,598496935.0,110.0,109.0,39.0,85.0,1.0,0.0,84.0,0.0,1,0,recorded,265
1644510496,,,,,,,,,,,,,,,,,,,,,,,,,0,1,dropped_only,266
1644513376,2.0,2.0,2.0,2.54822,0.0,6451200.0,598496917.0,598496970.0,598496961.0,598496970.0,598496970.0,598496971.0,598496971.0,598496974.0,598496953.0,598496999.0,54.0,44.0,36.0,82.0,9.0,1.0,72.0,0.0,1,0,recorded,267
1644516256,2.0,2.0,2.0,2.54822,0.0,6451200.0,598496969.0,598497070.0,598497070.0,598497070.0,598497070.0,598497071.0,598497072.0,598497082.0,598496985.0,598497031.0,103.0,102.0,16.0,62.0,0.0,1.0,61.0,0.0,1,0,recorded,268
1644519136,,,,,,,,,,,,,,,,,,,,,,,,,0,1,dropped_only,269
1644522016,,,,,,,,,,,,,,,,,,,,,,,,,0,1,dropped_only,270
1644524896,2.0,2.0,2.0,2.54822,0.0,6451200.0,598497045.0,598497084.0,598497074.0,598497084.0,598497084.0,598497084.0,598497084.0,598497087.0,598497081.0,598497127.0,39.0,29.0,36.0,82.0,10.0,0.0,72.0,0.0,1,0,recorded,271
1644529216,2.0,2.0,2.0,2.54822,0.0,6451200.0,598497093.0,598497196.0,598497196.0,598497196.0,598497197.0,598497197.0,598497198.0,598497207.0,598497129.0,598497175.0,105.0,105.0,36.0,82.0,0.0,0.0,82.0,0.0,1,0,recorded,272
1644532096,,,,,,,,,,,,,,,,,,,,,,,,,0,1,dropped_only,273
1644534976,2.0,2.0,2.0,2.54822,0.0,6451200.0,598497155.0,598497208.0,598497198.0,598497208.0,598497208.0,598497209.0,598497209.0,598497211.0,598497193.0,598497239.0,54.0,43.0,38.0,84.0,10.0,1.0,73.0,0.0,1,0,recorded,274
1644537856,2.0,2.0,2.0,2.54822,0.0,6451200.0,598497194.0,598497318.0,598497318.0,598497318.0,598497318.0,598497319.0,598497320.0,598497331.0,598497225.0,598497271.0,126.0,125.0,31.0,77.0,0.0,1.0,76.0,0.0,1,0,recorded,275
1644540736,,,,,,,,,,,,,,,,,,,,,,,,,0,1,dropped_only,276
1644543616,,,,,,,,,,,,,,,,,,,,,,,,,0,1,dropped_only,277
1644546496,2.0,2.0,2.0,2.54822,0.0,6451200.0,598497287.0,598497333.0,598497322.0,598497333.0,598497333.0,598497333.0,598497334.0,598497337.0,598497321.0,598497367.0,47.0,36.0,34.0,80.0,11.0,0.0,69.0,0.0,1,0,recorded,278
1644549376,2.0,2.0,2.0,2.54822,0.0,6451200.0,598497315.0,598497437.0,598497436.0,598497437.0,598497437.0,598497438.0,598497439.0,598497447.0,598497353.0,598497399.0,124.0,122.0,38.0,84.0,1.0,1.0,82.0,0.0,1,0,recorded,279
1644552256,,,,,,,,,,,,,,,,,,,,,,,,,0,1,dropped_only,280
1644555136,,,,,,,,,,,,,,,,,,,,,,,,,0,1,dropped_only,281
1644558016,2.0,2.0,2.0,2.54822,0.0,6451200.0,598497411.0,598497448.0,598497441.0,598497449.0,598497449.0,598497449.0,598497449.0,598497452.0,598497449.0,598497495.0,38.0,30.0,38.0,84.0,8.0,0.0,76.0,0.0,1,0,recorded,282
1644560896,2.0,2.0,2.0,2.54822,0.0,6451200.0,598497443.0,598497561.0,598497561.0,598497562.0,598497562.0,598497563.0,598497563.0,598497572.0,598497481.0,598497527.0,120.0,118.0,38.0,84.0,1.0,1.0,82.0,0.0,1,0,recorded,283
1644565216,,,,,,,,,,,,,,,,,,,,,,,,,0,1,dropped_only,284
1644568096,2.0,2.0,2.0,1.38855,0.0,6451200.0,598497527.0,598497575.0,598497563.0,598497575.0,598497575.0,598497575.0,598497576.0,598497578.0,598497561.0,598497607.0,49.0,37.0,34.0,80.0,12.0,0.0,68.0,0.0,1,0,recorded,285
1644570976,2.0,2.0,2.0,1.38855,0.0,6451200.0,598497559.0,598497684.0,598497684.0,598497685.0,598497685.0,598497686.0,598497687.0,598497695.0,598497593.0,598497639.0,128.0,126.0,34.0,80.0,1.0,1.0,78.0,0.0,1,0,recorded,286
1644573856,,,,,,,,,,,,,,,,,,,,,,,,,0,1,dropped_only,287
1644576736,,,,,,,,,,,,,,,,,,,,,,,,,0,1,dropped_only,288
1644579616,2.0,2.0,2.0,1.38855,0.0,6451200.0,598497653.0,598497697.0,598497689.0,598497697.0,598497697.0,598497697.0,598497697.0,598497700.0,598497689.0,598497735.0,44.0,36.0,36.0,82.0,8.0,0.0,74.0,0.0,1,0,recorded,289
1644582496,2.0,2.0,2.0,1.38855,0.0,6451200.0,598497687.0,598497803.0,598497803.0,598497804.0,598497805.0,598497805.0,598497806.0,598497815.0,598497721.0,598497767.0,119.0,118.0,34.0,80.0,1.0,0.0,79.0,0.0,1,0,recorded,290
1644585376,,,,,,,,,,,,,,,,,,,,,,,,,0,1,dropped_only,291
1644588256,,,,,,,,,,,,,,,,,,,,,,,,,0,1,dropped_only,292
1644591136,2.0,2.0,2.0,1.38855,0.0,6451200.0,598497782.0,598497817.0,598497807.0,598497817.0,598497817.0,598497818.0,598497818.0,598497821.0,598497817.0,598497863.0,36.0,25.0,35.0,81.0,10.0,1.0,70.0,0.0,1,0,recorded,293
1644594016,2.0,2.0,2.0,1.38855,0.0,6451200.0,598497816.0,598497915.0,598497915.0,598497915.0,598497915.0,598497916.0,598497917.0,598497928.0,598497849.0,598497895.0,101.0,100.0,33.0,79.0,0.0,1.0,78.0,0.0,1,0,recorded,294
1644596896,,,,,,,,,,,,,,,,,,,,,,,,,0,1,dropped_only,295
1644601216,2.0,2.0,2.0,1.38855,0.0,6451200.0,598497897.0,598497930.0,598497917.0,598497931.0,598497931.0,598497931.0,598497932.0,598497934.0,598497929.0,598497975.0,35.0,21.0,32.0,78.0,14.0,0.0,64.0,0.0,1,0,recorded,296
1644604096,2.0,2.0,2.0,1.38855,0.0,6451200.0,598497925.0,598498028.0,598498028.0,598498028.0,598498028.0,598498029.0,598498029.0,598498038.0,598497961.0,598498007.0,104.0,103.0,36.0,82.0,0.0,1.0,81.0,0.0,1,0,recorded,297
1644606976,,,,,,,,,,,,,,,,,,,,,,,,,0,1,dropped_only,298
1644609856,,,,,,,,,,,,,,,,,,,,,,,,,0,1,dropped_only,299
1644612736,2.0,2.0,2.0,1.38855,0.0,6607980.0,598498019.0,598498046.0,598498030.0,598498040.0,598498040.0,598498040.0,598498041.0,598498043.0,598498057.0,598498103.0,22.0,12.0,38.0,84.0,10.0,0.0,74.0,0.0,1,0,recorded,300
1644615616,2.0,2.0,2.0,1.38855,0.0,6607980.0,598498052.0,598498147.0,598498147.0,598498147.0,598498148.0,598498148.0,598498149.0,598498160.0,598498089.0,598498135.0,97.0,97.0,37.0,83.0,0.0,0.0,83.0,0.0,1,0,recorded,301
1644618496,,,,,,,,,,,,,,,,,,,,,,,,,0,1,dropped_only,302
1644621376,2.0,2.0,2.0,1.38855,0.0,6607980.0,598498117.0,598498162.0,598498152.0,598498162.0,598498162.0,598498162.0,598498162.0,598498165.0,598498153.0,598498199.0,45.0,35.0,36.0,82.0,10.0,0.0,72.0,0.0,1,0,recorded,303
1644624256,2.0,2.0,2.0,1.38855,0.0,6607980.0,598498153.0,598498270.0,598498270.0,598498271.0,598498271.0,598498271.0,598498272.0,598498283.0,598498185.0,598498231.0,119.0,118.0,32.0,78.0,1.0,0.0,77.0,0.0,1,0,recorded,304
1644627136,,,,,,,,,,,,,,,,,,,,,,,,,0,1,dropped_only,305
1644630016,,,,,,,,,,,,,,,,,,,,,,,,,0,1,dropped_only,306
1644632896,2.0,2.0,2.0,1.38855,0.0,6607980.0,598498242.0,598498285.0,598498275.0,598498285.0,598498285.0,598498285.0,598498286.0,598498288.0,598498281.0,598498327.0,44.0,34.0,39.0,85.0,10.0,0.0,75.0,0.0,1,0,recorded,307
1644637216,2.0,2.0,2.0,1.38855,0.0,6607980.0,598498290.0,598498390.0,598498390.0,598498390.0,598498390.0,598498391.0,598498392.0,598498401.0,598498329.0,598498375.0,102.0,101.0,39.0,85.0,0.0,1.0,84.0,0.0,1,0,recorded,308
1644640096,,,,,,,,,,,,,,,,,,,,,,,,,0,1,dropped_only,309
1644642976,2.0,2.0,2.0,1.38855,0.0,6607980.0,598498356.0,598498402.0,598498393.0,598498403.0,598498403.0,598498403.0,598498403.0,598498406.0,598498393.0,598498439.0,47.0,37.0,37.0,83.0,10.0,0.0,73.0,0.0,1,0,recorded,310
1644645856,2.0,2.0,2.0,1.38855,0.0,6607980.0,598498386.0,598498507.0,598498506.0,598498507.0,598498507.0,598498507.0,598498508.0,598498517.0,598498425.0,598498471.0,122.0,121.0,39.0,85.0,1.0,0.0,84.0,0.0,1,0,recorded,311
1644648736,,,,,,,,,,,,,,,,,,,,,,,,,0,1,dropped_only,312
1644651616,,,,,,,,,,,,,,,,,,,,,,,,,0,1,dropped_only,313
1644654496,2.0,2.0,2.0,1.38855,0.0,6607980.0,598498482.0,598498518.0,598498510.0,598498519.0,598498519.0,598498519.0,598498519.0,598498522.0,598498521.0,598498567.0,37.0,28.0,39.0,85.0,9.0,0.0,76.0,0.0,1,0,recorded,314
1644657376,2.0,2.0,2.0,1.38855,0.0,6607980.0,598498528.0,598498621.0,598498620.0,598498621.0,598498621.0,598498622.0,598498622.0,598498633.0,598498553.0,598498599.0,94.0,92.0,25.0,71.0,1.0,1.0,69.0,0.0,1,0,recorded,315
1644660256,,,,,,,,,,,,,,,,,,,,,,,,,0,1,dropped_only,316
1644663136,,,,,,,,,,,,,,,,,,,,,,,,,0,1,dropped_only,317
1644666016,2.0,2.0,2.0,1.38855,0.0,6607980.0,598498616.0,598498638.0,598498627.0,598498635.0,598498635.0,598498636.0,598498636.0,598498640.0,598498649.0,598498695.0,20.0,11.0,33.0,79.0,8.0,1.0,70.0,0.0,1,0,recorded,318
1644668896,2.0,2.0,2.0,1.38855,0.0,6607980.0,598498641.0,598498739.0,598498739.0,598498740.0,598498740.0,598498740.0,598498741.0,598498750.0,598498681.0,598498727.0,100.0,99.0,40.0,86.0,1.0,0.0,85.0,0.0,1,0,recorded,319
1644673216,,,,,,,,,,,,,,,,,,,,,,,,,0,1,dropped_only,320
1644676096,2.0,2.0,2.0,1.38855,0.0,6607980.0,598498727.0,598498752.0,598498742.0,598498752.0,598498752.0,598498753.0,598498753.0,598498757.0,598498761.0,598498807.0,26.0,15.0,34.0,80.0,10.0,1.0,69.0,0.0,1,0,recorded,321
1644678976,2.0,2.0,2.0,1.38855,0.0,6607980.0,598498756.0,598498852.0,598498852.0,598498853.0,598498853.0,598498853.0,598498854.0,598498863.0,598498793.0,598498839.0,98.0,97.0,37.0,83.0,1.0,0.0,82.0,0.0,1,0,recorded,322
1644681856,,,,,,,,,,,,,,,,,,,,,,,,,0,1,dropped_only,323
1644684736,2.0,2.0,2.0,1.38855,0.0,6607980.0,598498826.0,598498865.0,598498856.0,598498865.0,598498865.0,598498865.0,598498865.0,598498869.0,598498857.0,598498903.0,39.0,30.0,31.0,77.0,9.0,0.0,68.0,0.0,1,0,recorded,324
1644687616,2.0,2.0,2.0,1.38855,0.0,6607980.0,598498850.0,598498971.0,598498970.0,598498971.0,598498971.0,598498972.0,598498972.0,598498981.0,598498889.0,598498935.0,122.0,120.0,39.0,85.0,1.0,1.0,83.0,0.0,1,0,recorded,325
1644690496,,,,,,,,,,,,,,,,,,,,,,,,,0,1,dropped_only,326
1644693376,,,,,,,,,,,,,,,,,,,,,,,,,0,1,dropped_only,327
1644696256,2.0,2.0,2.0,1.60217,0.0,6607980.0,598498947.0,598498983.0,598498974.0,598498983.0,598498983.0,598498984.0,598498984.0,598498986.0,598498985.0,598499031.0,37.0,27.0,38.0,84.0,9.0,1.0,74.0,0.0,1,0,recorded,328
1644699136,2.0,2.0,2.0,1.60217,0.0,6607980.0,598498979.0,598499090.0,598499090.0,598499091.0,598499091.0,598499091.0,598499093.0,598499101.0,598499017.0,598499063.0,114.0,113.0,38.0,84.0,1.0,0.0,83.0,0.0,1,0,recorded,329
1644702016,,,,,,,,,,,,,,,,,,,,,,,,,0,1,dropped_only,330
1644704896,2.0,2.0,2.0,1.60217,0.0,6750000.0,598499043.0,598499103.0,598499093.0,598499103.0,598499103.0,598499103.0,598499104.0,598499106.0,598499081.0,598499127.0,61.0,51.0,38.0,84.0,10.0,0.0,74.0,0.0,1,0,recorded,331
1644709216,2.0,2.0,2.0,1.60217,0.0,6750000.0,598499098.0,598499213.0,598499212.0,598499213.0,598499213.0,598499214.0,598499214.0,598499224.0,598499129.0,598499175.0,116.0,114.0,31.0,77.0,1.0,1.0,75.0,0.0,1,0,recorded,332
1644712096,,,,,,,,,,,,,,,,,,,,,,,,,0,1,dropped_only,333
1644714976,,,,,,,,,,,,,,,,,,,,,,,,,0,1,dropped_only,334
1644717856,2.0,2.0,2.0,1.60217,0.0,6750000.0,598499189.0,598499225.0,598499219.0,598499225.0,598499225.0,598499225.0,598499226.0,598499228.0,598499225.0,598499271.0,37.0,31.0,36.0,82.0,6.0,0.0,76.0,0.0,1,0,recorded,335
1644720736,2.0,2.0,2.0,1.60217,0.0,6750000.0,598499220.0,598499330.0,598499329.0,598499330.0,598499330.0,598499331.0,598499331.0,598499340.0,598499257.0,598499303.0,111.0,109.0,37.0,83.0,1.0,1.0,81.0,0.0,1,0,recorded,336
1644723616,,,,,,,,,,,,,,,,,,,,,,,,,0,1,dropped_only,337
1644726496,,,,,,,,,,,,,,,,,,,,,,,,,0,1,dropped_only,338
1644729376,2.0,2.0,2.0,1.60217,0.0,6750000.0,598499316.0,598499342.0,598499333.0,598499341.0,598499341.0,598499342.0,598499342.0,598499344.0,598499353.0,598499399.0,26.0,17.0,37.0,83.0,8.0,1.0,74.0,0.0,1,0,recorded,339
1644732256,2.0,2.0,2.0,1.60217,0.0,6750000.0,598499350.0,598499451.0,598499450.0,598499451.0,598499451.0,598499452.0,598499452.0,598499461.0,598499385.0,598499431.0,102.0,100.0,35.0,81.0,1.0,1.0,79.0,0.0,1,0,recorded,340
1644735136,,,,,,,,,,,,,,,,,,,,,,,,,0,1,dropped_only,341
1644738016,,,,,,,,,,,,,,,,,,,,,,,,,0,1,dropped_only,342
1644740896,2.0,2.0,2.0,1.60217,0.0,6750000.0,598499443.0,598499470.0,598499455.0,598499463.0,598499463.0,598499463.0,598499463.0,598499466.0,598499481.0,598499527.0,20.0,12.0,38.0,84.0,8.0,0.0,76.0,0.0,1,0,recorded,343
1644745216,2.0,2.0,2.0,1.60217,0.0,6750000.0,598499492.0,598499577.0,598499577.0,598499578.0,598499578.0,598499579.0,598499580.0,598499588.0,598499529.0,598499575.0,88.0,86.0,37.0,83.0,1.0,1.0,81.0,0.0,1,0,recorded,344
1644748096,,,,,,,,,,,,,,,,,,,,,,,,,0,1,dropped_only,345
1644750976,2.0,2.0,2.0,1.60217,0.0,6750000.0,598499559.0,598499590.0,598499581.0,598499590.0,598499591.0,598499591.0,598499591.0,598499594.0,598499593.0,598499639.0,32.0,23.0,34.0,80.0,9.0,0.0,71.0,0.0,1,0,recorded,346
1644753856,2.0,2.0,2.0,1.60217,0.0,6750000.0,598499588.0,598499704.0,598499704.0,598499705.0,598499705.0,598499706.0,598499707.0,598499715.0,598499625.0,598499671.0,119.0,117.0,37.0,83.0,1.0,1.0,81.0,0.0,1,0,recorded,347
1644756736,,,,,,,,,,,,,,,,,,,,,,,,,0,1,dropped_only,348
1644759616,,,,,,,,,,,,,,,,,,,,,,,,,0,1,dropped_only,349
1644762496,2.0,2.0,2.0,1.60217,0.0,6750000.0,598499685.0,598499718.0,598499707.0,598499718.0,598499718.0,598499719.0,598499719.0,598499721.0,598499721.0,598499767.0,34.0,22.0,36.0,82.0,11.0,1.0,70.0,0.0,1,0,recorded,350
1644765376,2.0,2.0,2.0,1.60217,0.0,6750000.0,598499719.0,598499814.0,598499814.0,598499814.0,598499815.0,598499815.0,598499816.0,598499826.0,598499753.0,598499799.0,97.0,97.0,34.0,80.0,0.0,0.0,80.0,0.0,1,0,recorded,351
1644768256,,,,,,,,,,,,,,,,,,,,,,,,,0,1,dropped_only,352
1644771136,2.0,2.0,2.0,1.60217,0.0,6750000.0,598499779.0,598499827.0,598499817.0,598499827.0,598499828.0,598499828.0,598499828.0,598499831.0,598499817.0,598499863.0,49.0,39.0,38.0,84.0,10.0,0.0,74.0,0.0,1,0,recorded,353
1644774016,2.0,2.0,2.0,1.60217,0.0,6750000.0,598499812.0,598499933.0,598499933.0,598499933.0,598499934.0,598499934.0,598499935.0,598499943.0,598499849.0,598499895.0,123.0,123.0,37.0,83.0,0.0,0.0,83.0,0.0,1,0,recorded,354
1644776896,,,,,,,,,,,,,,,,,,,,,,,,,0,1,dropped_only,355
1644779776,,,,,,,,,,,,,,,,,,,,,,,,,0,1,dropped_only,356
1644784096,2.0,2.0,2.0,1.60217,0.0,6750000.0,598499928.0,598499949.0,598499938.0,598499944.0,598499945.0,598499945.0,598499945.0,598499949.0,598499961.0,598500007.0,17.0,11.0,33.0,79.0,6.0,0.0,73.0,0.0,1,0,recorded,357
1644786976,2.0,2.0,2.0,1.60217,0.0,6750000.0,598499956.0,598500049.0,598500049.0,598500050.0,598500050.0,598500050.0,598500051.0,598500061.0,598499993.0,598500039.0,95.0,94.0,37.0,83.0,1.0,0.0,82.0,0.0,1,0,recorded,358
1644789856,,,,,,,,,,,,,,,,,,,,,,,,,0,1,dropped_only,359
1644792736,2.0,2.0,2.0,1.60217,0.0,6750000.0,598500020.0,598500063.0,598500051.0,598500063.0,598500063.0,598500063.0,598500063.0,598500066.0,598500057.0,598500103.0,43.0,31.0,37.0,83.0,12.0,0.0,71.0,0.0,1,0,recorded,360
1644795616,2.0,2.0,2.0,1.60217,0.0,6750000.0,598500052.0,598500175.0,598500174.0,598500175.0,598500175.0,598500176.0,598500177.0,598500185.0,598500089.0,598500135.0,125.0,123.0,37.0,83.0,1.0,1.0,81.0,0.0,1,0,recorded,361
1644798496,,,,,,,,,,,,,,,,,,,,,,,,,0,1,dropped_only,362
1644801376,,,,,,,,,,,,,,,,,,,,,,,,,0,1,dropped_only,363
1644804256,2.0,2.0,2.0,1.93787,0.0,6750000.0,598500148.0,598500187.0,598500178.0,598500187.0,598500187.0,598500187.0,598500187.0,598500190.0,598500185.0,598500231.0,39.0,30.0,37.0,83.0,9.0,0.0,74.0,0.0,1,0,recorded,364
1644807136,2.0,2.0,2.0,1.93787,0.0,6750000.0,598500182.0,598500294.0,598500294.0,598500294.0,598500295.0,598500295.0,598500296.0,598500307.0,598500217.0,598500263.0,114.0,114.0,35.0,81.0,0.0,0.0,81.0,0.0,1,0,recorded,365
1644810016,,,,,,,,,,,,,,,,,,,,,,,,,0,1,dropped_only,366
1644812896,2.0,2.0,2.0,1.93787,0.0,6750000.0,598500251.0,598500309.0,598500297.0,598500309.0,598500309.0,598500310.0,598500310.0,598500314.0,598500281.0,598500327.0,59.0,46.0,30.0,76.0,12.0,1.0,63.0,0.0,1,0,recorded,367
1644817216,2.0,2.0,2.0,1.93787,0.0,6750000.0,598500293.0,598500409.0,598500408.0,598500409.0,598500409.0,598500410.0,598500410.0,598500419.0,598500329.0,598500375.0,117.0,115.0,36.0,82.0,1.0,1.0,80.0,0.0,1,0,recorded,368
1644820096,,,,,,,,,,,,,,,,,,,,,,,,,0,1,dropped_only,369
1644822976,,,,,,,,,,,,,,,,,,,,,,,,,0,1,dropped_only,370
1644825856,2.0,2.0,2.0,1.93787,0.0,6750000.0,598500395.0,598500421.0,598500413.0,598500421.0,598500421.0,598500421.0,598500422.0,598500424.0,598500425.0,598500471.0,27.0,19.0,30.0,76.0,8.0,0.0,68.0,0.0,1,0,recorded,371
1644828736,2.0,2.0,2.0,1.93787,0.0,6750000.0,598500419.0,598500529.0,598500529.0,598500530.0,598500530.0,598500530.0,598500531.0,598500539.0,598500457.0,598500503.0,112.0,111.0,38.0,84.0,1.0,0.0,83.0,0.0,1,0,recorded,372
1644831616,,,,,,,,,,,,,,,,,,,,,,,,,0,1,dropped_only,373
1644834496,,,,,,,,,,,,,,,,,,,,,,,,,0,1,dropped_only,374
1644837376,2.0,2.0,2.0,1.93787,0.0,6750000.0,598500519.0,598500540.0,598500532.0,598500541.0,598500541.0,598500541.0,598500541.0,598500545.0,598500553.0,598500599.0,22.0,13.0,34.0,80.0,9.0,0.0,71.0,0.0,1,0,recorded,375
1644840256,2.0,2.0,2.0,1.93787,0.0,6750000.0,598500545.0,598500653.0,598500653.0,598500654.0,598500654.0,598500654.0,598500655.0,598500663.0,598500585.0,598500631.0,110.0,109.0,40.0,86.0,1.0,0.0,85.0,0.0,1,0,recorded,376
1644843136,,,,,,,,,,,,,,,,,,,,,,,,,0,1,dropped_only,377
1644846016,,,,,,,,,,,,,,,,,,,,,,,,,0,1,dropped_only,378
1644848896,2.0,2.0,2.0,1.93787,0.0,6750000.0,598500645.0,598500668.0,598500659.0,598500665.0,598500665.0,598500665.0,598500665.0,598500668.0,598500681.0,598500727.0,20.0,14.0,36.0,82.0,6.0,0.0,76.0,0.0,1,0,recorded,379
1644853216,2.0,2.0,2.0,1.93787,0.0,6750000.0,598500691.0,598500775.0,598500775.0,598500775.0,598500775.0,598500776.0,598500776.0,598500785.0,598500729.0,598500775.0,85.0,84.0,38.0,84.0,0.0,1.0,83.0,0.0,1,0,recorded,380
1644856096,,,,,,,,,,,,,,,,,,,,,,,,,0,1,dropped_only,381
1644858976,2.0,2.0,2.0,1.93787,0.0,6750000.0,598500761.0,598500786.0,598500778.0,598500786.0,598500786.0,598500786.0,598500787.0,598500790.0,598500793.0,598500839.0,26.0,18.0,32.0,78.0,8.0,0.0,70.0,0.0,1,0,recorded,382
1644861856,2.0,2.0,2.0,1.93787,0.0,6750000.0,598500790.0,598500895.0,598500895.0,598500895.0,598500896.0,598500896.0,598500897.0,598500907.0,598500825.0,598500871.0,107.0,107.0,35.0,81.0,0.0,0.0,81.0,0.0,1,0,recorded,383
1644864736,,,,,,,,,,,,,,,,,,,,,,,,,0,1,dropped_only,384
1644867616,,,,,,,,,,,,,,,,,,,,,,,,,0,1,dropped_only,385
1644870496,2.0,2.0,2.0,1.93787,0.0,6750000.0,598500883.0,598500909.0,598500899.0,598500910.0,598500910.0,598500910.0,598500910.0,598500913.0,598500921.0,598500967.0,27.0,16.0,38.0,84.0,11.0,0.0,73.0,0.0,1,0,recorded,386
1644873376,2.0,2.0,2.0,1.93787,0.0,6750000.0,598500919.0,598501014.0,598501013.0,598501014.0,598501014.0,598501015.0,598501015.0,598501025.0,598500953.0,598500999.0,96.0,94.0,34.0,80.0,1.0,1.0,78.0,0.0,1,0,recorded,387
1644876256,,,,,,,,,,,,,,,,,,,,,,,,,0,1,dropped_only,388
1644879136,2.0,2.0,2.0,1.93787,0.0,6750000.0,598500983.0,598501027.0,598501018.0,598501027.0,598501027.0,598501027.0,598501028.0,598501030.0,598501017.0,598501063.0,45.0,36.0,34.0,80.0,9.0,0.0,71.0,0.0,1,0,recorded,389
1644882016,2.0,2.0,2.0,1.93787,0.0,6750000.0,598501019.0,598501135.0,598501134.0,598501135.0,598501135.0,598501135.0,598501136.0,598501147.0,598501049.0,598501095.0,117.0,116.0,30.0,76.0,1.0,0.0,75.0,0.0,1,0,recorded,390
1644884896,,,,,,,,,,,,,,,,,,,,,,,,,0,1,dropped_only,391
1644889216,,,,,,,,,,,,,,,,,,,,,,,,,0,1,dropped_only,392
1644892186,2.0,2.0,2.0,1.96838,0.0,6750000.0,598501128.0,598501148.0,598501139.0,598501149.0,598501149.0,598501149.0,598501149.0,598501152.0,598501162.0,598501208.0,21.0,11.0,34.0,80.0,10.0,0.0,70.0,0.0,1,0,recorded,393
1644894976,2.0,2.0,2.0,1.96838,0.0,6750000.0,598501164.0,598501248.0,598501248.0,598501249.0,598501249.0,598501250.0,598501250.0,598501260.0,598501193.0,598501239.0,86.0,84.0,29.0,75.0,1.0,1.0,73.0,0.0,1,0,recorded,394
1644897856,,,,,,,,,,,,,,,,,,,,,,,,,0,1,dropped_only,395
1644900736,2.0,2.0,2.0,1.96838,0.0,6750000.0,598501222.0,598501261.0,598501252.0,598501261.0,598501262.0,598501262.0,598501262.0,598501265.0,598501257.0,598501303.0,40.0,31.0,35.0,81.0,9.0,0.0,72.0,0.0,1,0,recorded,396
1644903616,2.0,2.0,2.0,1.96838,0.0,6750000.0,598501258.0,598501366.0,598501365.0,598501366.0,598501366.0,598501366.0,598501367.0,598501377.0,598501289.0,598501335.0,109.0,108.0,31.0,77.0,1.0,0.0,76.0,0.0,1,0,recorded,397
1644906496,,,,,,,,,,,,,,,,,,,,,,,,,0,1,dropped_only,398
1644909376,,,,,,,,,,,,,,,,,,,,,,,,,0,1,dropped_only,399
1644912256,2.0,2.0,2.0,1.96838,0.0,6750000.0,598501352.0,598501380.0,598501368.0,598501380.0,598501380.0,598501380.0,598501381.0,598501385.0,598501385.0,598501431.0,29.0,17.0,33.0,79.0,12.0,0.0,67.0,0.0,1,0,recorded,400
1644915136,2.0,2.0,2.0,1.96838,0.0,6750000.0,598501382.0,598501481.0,598501480.0,598501481.0,598501481.0,598501481.0,598501482.0,598501490.0,598501417.0,598501463.0,100.0,99.0,35.0,81.0,1.0,0.0,80.0,0.0,1,0,recorded,401
1644918016,,,,,,,,,,,,,,,,,,,,,,,,,0,1,dropped_only,402
1644920986,,,,,,,,,,,,,,,,,,,,,,,,,0,1,dropped_only,403
1644923776,2.0,2.0,2.0,1.96838,0.0,6750000.0,598501475.0,598501497.0,598501484.0,598501492.0,598501492.0,598501493.0,598501493.0,598501495.0,598501513.0,598501559.0,18.0,9.0,38.0,84.0,8.0,1.0,75.0,0.0,1,0,recorded,404
1644928096,2.0,2.0,2.0,1.96838,0.0,6750000.0,598501527.0,598501604.0,598501604.0,598501604.0,598501605.0,598501605.0,598501606.0,598501613.0,598501561.0,598501607.0,79.0,79.0,34.0,80.0,0.0,0.0,80.0,0.0,1,0,recorded,405
1644930976,,,,,,,,,,,,,,,,,,,,,,,,,0,1,dropped_only,406
1644933856,2.0,2.0,2.0,1.96838,0.0,6750000.0,598501586.0,598501614.0,598501606.0,598501614.0,598501614.0,598501614.0,598501615.0,598501617.0,598501625.0,598501671.0,29.0,21.0,39.0,85.0,8.0,0.0,77.0,0.0,1,0,recorded,407
1644936736,2.0,2.0,2.0,1.96838,0.0,6750000.0,598501621.0,598501723.0,598501722.0,598501723.0,598501723.0,598501724.0,598501724.0,598501734.0,598501657.0,598501703.0,103.0,101.0,36.0,82.0,1.0,1.0,80.0,0.0,1,0,recorded,408
1644939616,,,,,,,,,,,,,,,,,,,,,,,,,0,1,dropped_only,409
1644942496,,,,,,,,,,,,,,,,,,,,,,,,,0,1,dropped_only,410
1644945376,2.0,2.0,2.0,1.96838,0.0,6750000.0,598501716.0,598501737.0,598501728.0,598501736.0,598501736.0,598501737.0,598501737.0,598501739.0,598501753.0,598501799.0,21.0,12.0,37.0,83.0,8.0,1.0,74.0,0.0,1,0,recorded,411
1644948256,2.0,2.0,2.0,1.96838,0.0,6750000.0,598501748.0,598501848.0,598501847.0,598501848.0,598501848.0,598501849.0,598501849.0,598501854.0,598501785.0,598501831.0,101.0,99.0,37.0,83.0,1.0,1.0,81.0,0.0,1,0,recorded,412
1644951136,,,,,,,,,,,,,,,,,,,,,,,,,0,1,dropped_only,413
1644954016,2.0,2.0,2.0,1.96838,0.0,6750000.0,598501819.0,598501856.0,598501850.0,598501856.0,598501856.0,598501856.0,598501857.0,598501860.0,598501849.0,598501895.0,38.0,32.0,30.0,76.0,6.0,0.0,70.0,0.0,1,0,recorded,414
1644956896,2.0,2.0,2.0,1.96838,0.0,6750000.0,598501844.0,598501961.0,598501960.0,598501961.0,598501962.0,598501962.0,598501964.0,598501972.0,598501881.0,598501927.0,120.0,119.0,37.0,83.0,1.0,0.0,82.0,0.0,1,0,recorded,415
1644959776,,,,,,,,,,,,,,,,,,,,,,,,,0,1,dropped_only,416
1644964096,2.0,2.0,2.0,1.96838,0.0,6750000.0,598501925.0,598501974.0,598501965.0,598501974.0,598501975.0,598501975.0,598501975.0,598501978.0,598501961.0,598502007.0,50.0,41.0,36.0,82.0,9.0,0.0,73.0,0.0,1,0,recorded,417
1644966976,2.0,2.0,2.0,1.96838,0.0,6750000.0,598501965.0,598502081.0,598502081.0,598502082.0,598502082.0,598502082.0,598502083.0,598502091.0,598501993.0,598502039.0,118.0,117.0,28.0,74.0,1.0,0.0,73.0,0.0,1,0,recorded,418
1644969856,,,,,,,,,,,,,,,,,,,,,,,,,0,1,dropped_only,419
1644972736,,,,,,,,,,,,,,,,,,,,,,,,,0,1,dropped_only,420
1644975616,2.0,2.0,2.0,2.12097,0.0,6750000.0,598502053.0,598502092.0,598502086.0,598502092.0,598502092.0,598502093.0,598502093.0,598502096.0,598502089.0,598502135.0,40.0,33.0,36.0,82.0,6.0,1.0,75.0,0.0,1,0,recorded,421
1644978496,2.0,2.0,2.0,2.12097,0.0,6750000.0,598502088.0,598502201.0,598502201.0,598502202.0,598502202.0,598502203.0,598502204.0,598502212.0,598502121.0,598502167.0,116.0,114.0,33.0,79.0,1.0,1.0,77.0,0.0,1,0,recorded,422
1644981376,,,,,,,,,,,,,,,,,,,,,,,,,0,1,dropped_only,423
1644984256,,,,,,,,,,,,,,,,,,,,,,,,,0,1,dropped_only,424
1644987136,2.0,2.0,2.0,2.12097,0.0,6750000.0,598502183.0,598502214.0,598502204.0,598502214.0,598502214.0,598502214.0,598502215.0,598502218.0,598502217.0,598502263.0,32.0,22.0,34.0,80.0,10.0,0.0,70.0,0.0,1,0,recorded,425
1644990106,2.0,2.0,2.0,2.12097,0.0,6750000.0,598502216.0,598502325.0,598502324.0,598502325.0,598502326.0,598502326.0,598502327.0,598502337.0,598502250.0,598502296.0,111.0,110.0,34.0,80.0,1.0,0.0,79.0,0.0,1,0,recorded,426
1644992896,,,,,,,,,,,,,,,,,,,,,,,,,0,1,dropped_only,427
1644997216,2.0,2.0,2.0,2.12097,0.0,6750000.0,598502292.0,598502339.0,598502328.0,598502339.0,598502339.0,598502339.0,598502340.0,598502343.0,598502329.0,598502375.0,48.0,37.0,37.0,83.0,11.0,0.0,72.0,0.0,1,0,recorded,428
1645000096,2.0,2.0,2.0,2.12097,0.0,6750000.0,598502327.0,598502442.0,598502442.0,598502442.0,598502442.0,598502443.0,598502443.0,598502453.0,598502361.0,598502407.0,116.0,115.0,34.0,80.0,0.0,1.0,79.0,0.0,1,0,recorded,429
1645002976,,,,,,,,,,,,,,,,,,,,,,,,,0,1,dropped_only,430
1645005856,,,,,,,,,,,,,,,,,,,,,,,,,0,1,dropped_only,431
1645008736,2.0,2.0,2.0,2.12097,0.0,6750000.0,598502422.0,598502455.0,598502444.0,598502455.0,598502455.0,598502456.0,598502456.0,598502459.0,598502457.0,598502503.0,34.0,22.0,35.0,81.0,11.0,1.0,69.0,0.0,1,0,recorded,432
1645011706,2.0,2.0,2.0,2.12097,0.0,6750000.0,598502453.0,598502564.0,598502564.0,598502564.0,598502564.0,598502565.0,598502566.0,598502570.0,598502490.0,598502536.0,113.0,112.0,37.0,83.0,0.0,1.0,82.0,0.0,1,0,recorded,433
1645014586,,,,,,,,,,,,,,,,,,,,,,,,,0,1,dropped_only,434
1645017466,,,,,,,,,,,,,,,,,,,,,,,,,0,1,dropped_only,435
1645020256,2.0,2.0,2.0,2.12097,0.0,6750000.0,598502551.0,598502571.0,598502567.0,598502571.0,598502572.0,598502572.0,598502572.0,598502575.0,598502585.0,598502631.0,21.0,17.0,34.0,80.0,4.0,0.0,76.0,0.0,1,0,recorded,436
1645023136,2.0,2.0,2.0,2.12097,0.0,6750000.0,598502579.0,598502684.0,598502683.0,598502684.0,598502684.0,598502685.0,598502685.0,598502695.0,598502617.0,598502663.0,106.0,104.0,38.0,84.0,1.0,1.0,82.0,0.0,1,0,recorded,437
1645026106,,,,,,,,,,,,,,,,,,,,,,,,,0,1,dropped_only,438
1645028896,2.0,2.0,2.0,2.12097,0.0,6750000.0,598502645.0,598502697.0,598502686.0,598502697.0,598502697.0,598502697.0,598502697.0,598502701.0,598502681.0,598502727.0,52.0,41.0,36.0,82.0,11.0,0.0,71.0,0.0,1,0,recorded,439
1645033216,2.0,2.0,2.0,2.12097,0.0,6750000.0,598502695.0,598502800.0,598502799.0,598502800.0,598502800.0,598502800.0,598502801.0,598502810.0,598502729.0,598502775.0,106.0,105.0,34.0,80.0,1.0,0.0,79.0,0.0,1,0,recorded,440
1645036096,,,,,,,,,,,,,,,,,,,,,,,,,0,1,dropped_only,441
1645038976,,,,,,,,,,,,,,,,,,,,,,,,,0,1,dropped_only,442
1645041856,2.0,2.0,2.0,2.96021,0.0,6750000.0,598502789.0,598502812.0,598502804.0,598502812.0,598502812.0,598502813.0,598502813.0,598502816.0,598502825.0,598502871.0,24.0,15.0,36.0,82.0,8.0,1.0,73.0,0.0,1,0,recorded,443
1645044736,2.0,2.0,2.0,2.96021,0.0,6750000.0,598502820.0,598502913.0,598502913.0,598502913.0,598502913.0,598502914.0,598502914.0,598502923.0,598502857.0,598502903.0,94.0,93.0,37.0,83.0,0.0,1.0,82.0,0.0,1,0,recorded,444
1645047616,,,,,,,,,,,,,,,,,,,,,,,,,0,1,dropped_only,445
1645050496,2.0,2.0,2.0,2.96021,0.0,6750000.0,598502885.0,598502924.0,598502917.0,598502924.0,598502924.0,598502925.0,598502925.0,598502928.0,598502921.0,598502967.0,40.0,32.0,36.0,82.0,7.0,1.0,74.0,0.0,1,0,recorded,446
1645053376,2.0,2.0,2.0,2.96021,0.0,6750000.0,598502917.0,598503033.0,598503032.0,598503033.0,598503033.0,598503034.0,598503036.0,598503044.0,598502953.0,598502999.0,119.0,117.0,36.0,82.0,1.0,1.0,80.0,0.0,1,0,recorded,447
1645056256,,,,,,,,,,,,,,,,,,,,,,,,,0,1,dropped_only,448
1645059136,,,,,,,,,,,,,,,,,,,,,,,,,0,1,dropped_only,449
1645062016,2.0,2.0,2.0,2.96021,0.0,6750000.0,598503022.0,598503046.0,598503035.0,598503046.0,598503046.0,598503047.0,598503047.0,598503051.0,598503049.0,598503095.0,25.0,13.0,27.0,73.0,11.0,1.0,61.0,0.0,1,0,recorded,450
1645064896,2.0,2.0,2.0,2.96021,0.0,6750000.0,598503044.0,598503148.0,598503148.0,598503149.0,598503149.0,598503150.0,598503151.0,598503160.0,598503081.0,598503127.0,107.0,105.0,37.0,83.0,1.0,1.0,81.0,0.0,1,0,recorded,451
1645067776,,,,,,,,,,,,,,,,,,,,,,,,,0,1,dropped_only,452
1645072096,2.0,2.0,2.0,2.96021,0.0,6750000.0,598503132.0,598503161.0,598503152.0,598503161.0,598503161.0,598503162.0,598503162.0,598503165.0,598503161.0,598503207.0,30.0,20.0,29.0,75.0,9.0,1.0,65.0,0.0,1,0,recorded,453
1645074976,2.0,2.0,2.0,2.96021,0.0,6750000.0,598503157.0,598503266.0,598503265.0,598503266.0,598503266.0,598503267.0,598503268.0,598503276.0,598503193.0,598503239.0,111.0,109.0,36.0,82.0,1.0,1.0,80.0,0.0,1,0,recorded,454
1645077856,,,,,,,,,,,,,,,,,,,,,,,,,0,1,dropped_only,455
1645080826,,,,,,,,,,,,,,,,,,,,,,,,,0,1,dropped_only,456
1645083616,2.0,2.0,2.0,2.96021,0.0,6750000.0,598503254.0,598503278.0,598503269.0,598503278.0,598503278.0,598503278.0,598503279.0,598503281.0,598503289.0,598503335.0,25.0,16.0,35.0,81.0,9.0,0.0,72.0,0.0,1,0,recorded,457
1645086496,2.0,2.0,2.0,2.96021,0.0,6750000.0,598503289.0,598503386.0,598503386.0,598503386.0,598503386.0,598503387.0,598503387.0,598503398.0,598503321.0,598503367.0,98.0,97.0,32.0,78.0,0.0,1.0,77.0,0.0,1,0,recorded,458
1645089376,,,,,,,,,,,,,,,,,,,,,,,,,0,1,dropped_only,459
1645092256,2.0,2.0,2.0,2.96021,0.0,6750000.0,598503348.0,598503399.0,598503389.0,598503400.0,598503400.0,598503400.0,598503401.0,598503409.0,598503385.0,598503431.0,53.0,42.0,37.0,83.0,11.0,0.0,72.0,0.0,1,0,recorded,460
1645095136,2.0,2.0,2.0,2.96021,0.0,6750000.0,598503381.0,598503503.0,598503502.0,598503503.0,598503503.0,598503504.0,598503504.0,598503512.0,598503417.0,598503463.0,123.0,121.0,36.0,82.0,1.0,1.0,80.0,0.0,1,0,recorded,461
1645098016,,,,,,,,,,,,,,,,,,,,,,,,,0,1,dropped_only,462
1645100896,,,,,,,,,,,,,,,,,,,,,,,,,0,1,dropped_only,463
1645105216,2.0,2.0,2.0,2.96021,0.0,6750000.0,598503494.0,598503515.0,598503505.0,598503514.0,598503514.0,598503515.0,598503515.0,598503518.0,598503529.0,598503575.0,21.0,11.0,35.0,81.0,9.0,1.0,71.0,0.0,1,0,recorded,464
1645108096,2.0,2.0,2.0,2.96021,0.0,6750000.0,598503532.0,598503619.0,598503618.0,598503619.0,598503620.0,598503620.0,598503622.0,598503627.0,598503561.0,598503607.0,90.0,89.0,29.0,75.0,1.0,0.0,74.0,0.0,1,0,recorded,465
1645110976,,,,,,,,,,,,,,,,,,,,,,,,,0,1,dropped_only,466
1645113856,2.0,2.0,2.0,2.96021,0.0,6750000.0,598503588.0,598503628.0,598503621.0,598503628.0,598503628.0,598503629.0,598503629.0,598503632.0,598503625.0,598503671.0,41.0,33.0,37.0,83.0,7.0,1.0,75.0,0.0,1,0,recorded,467
1645116826,2.0,2.0,2.0,2.96021,0.0,6750000.0,598503624.0,598503743.0,598503742.0,598503743.0,598503743.0,598503744.0,598503744.0,598503750.0,598503658.0,598503704.0,120.0,118.0,34.0,80.0,1.0,1.0,78.0,0.0,1,0,recorded,468
1645119616,,,,,,,,,,,,,,,,,,,,,,,,,0,1,dropped_only,469
1645122496,,,,,,,,,,,,,,,,,,,,,,,,,0,1,dropped_only,470
1645125376,2.0,2.0,2.0,2.96021,0.0,6750000.0,598503715.0,598503751.0,598503749.0,598503751.0,598503752.0,598503752.0,598503752.0,598503755.0,598503753.0,598503799.0,37.0,35.0,38.0,84.0,2.0,0.0,82.0,0.0,1,0,recorded,471
1645128256,2.0,2.0,2.0,2.96021,0.0,6750000.0,598503750.0,598503866.0,598503866.0,598503867.0,598503867.0,598503867.0,598503868.0,598503875.0,598503785.0,598503831.0,118.0,117.0,35.0,81.0,1.0,0.0,80.0,0.0,1,0,recorded,472
1645131226,,,,,,,,,,,,,,,,,,,,,,,,,0,1,dropped_only,473
1645134016,,,,,,,,,,,,,,,,,,,,,,,,,0,1,dropped_only,474
1645136896,2.0,2.0,2.0,2.96021,0.0,6750000.0,598503846.0,598503877.0,598503869.0,598503877.0,598503877.0,598503877.0,598503878.0,598503880.0,598503881.0,598503927.0,32.0,24.0,35.0,81.0,8.0,0.0,73.0,0.0,1,0,recorded,475
1645141216,2.0,2.0,2.0,2.96021,0.0,6750000.0,598503895.0,598503994.0,598503993.0,598503994.0,598503994.0,598503995.0,598503996.0,598504000.0,598503929.0,598503975.0,101.0,99.0,34.0,80.0,1.0,1.0,78.0,0.0,1,0,recorded,476
1645144096,,,,,,,,,,,,,,,,,,,,,,,,,0,1,dropped_only,477
1645146976,,,,,,,,,,,,,,,,,,,,,,,,,0,1,dropped_only,478
1645149856,2.0,2.0,2.0,2.2583,0.0,6750000.0,598503989.0,598504010.0,598503998.0,598504003.0,598504003.0,598504003.0,598504004.0,598504007.0,598504025.0,598504071.0,15.0,10.0,36.0,82.0,5.0,0.0,77.0,0.0,1,0,recorded,479
1645152826,2.0,2.0,2.0,2.2583,0.0,6750000.0,598504019.0,598504121.0,598504121.0,598504121.0,598504121.0,598504122.0,598504123.0,598504127.0,598504058.0,598504104.0,104.0,103.0,39.0,85.0,0.0,1.0,84.0,0.0,1,0,recorded,480
1645155616,,,,,,,,,,,,,,,,,,,,,,,,,0,1,dropped_only,481
1645158586,,,,,,,,,,,,,,,,,,,,,,,,,0,1,dropped_only,482
1645161376,2.0,2.0,2.0,2.2583,0.0,6750000.0,598504115.0,598504138.0,598504128.0,598504129.0,598504129.0,598504129.0,598504129.0,598504132.0,598504153.0,598504199.0,14.0,13.0,38.0,84.0,1.0,0.0,83.0,0.0,1,0,recorded,483
1645164256,2.0,2.0,2.0,2.2583,0.0,6750000.0,598504147.0,598504240.0,598504239.0,598504240.0,598504240.0,598504241.0,598504241.0,598504246.0,598504185.0,598504231.0,94.0,92.0,38.0,84.0,1.0,1.0,82.0,0.0,1,0,recorded,484
1645167136,,,,,,,,,,,,,,,,,,,,,,,,,0,1,dropped_only,485
1645170106,2.0,2.0,2.0,2.2583,0.0,6750000.0,598504213.0,598504248.0,598504241.0,598504248.0,598504248.0,598504248.0,598504248.0,598504252.0,598504250.0,598504296.0,35.0,28.0,37.0,83.0,7.0,0.0,76.0,0.0,1,0,recorded,486
1645172896,2.0,2.0,2.0,2.2583,0.0,6750000.0,598504245.0,598504361.0,598504361.0,598504361.0,598504362.0,598504362.0,598504363.0,598504366.0,598504281.0,598504327.0,118.0,118.0,36.0,82.0,0.0,0.0,82.0,0.0,1,0,recorded,487
1645177216,,,,,,,,,,,,,,,,,,,,,,,,,0,1,dropped_only,488
1645180186,,,,,,,,,,,,,,,,,,,,,,,,,0,1,dropped_only,489
1645182976,2.0,2.0,2.0,2.2583,0.0,6750000.0,598504356.0,598504378.0,598504365.0,598504367.0,598504367.0,598504367.0,598504367.0,598504370.0,598504393.0,598504439.0,11.0,9.0,37.0,83.0,2.0,0.0,81.0,0.0,1,0,recorded,490
1645185856,2.0,2.0,2.0,2.2583,0.0,6750000.0,598504387.0,598504484.0,598504483.0,598504484.0,598504485.0,598504485.0,598504485.0,598504490.0,598504425.0,598504471.0,98.0,97.0,38.0,84.0,1.0,0.0,83.0,0.0,1,0,recorded,491
1645188736,,,,,,,,,,,,,,,,,,,,,,,,,0,1,dropped_only,492
1645191706,2.0,2.0,2.0,2.2583,0.0,6750000.0,598504454.0,598504491.0,598504489.0,598504491.0,598504491.0,598504492.0,598504492.0,598504495.0,598504490.0,598504536.0,38.0,35.0,36.0,82.0,2.0,1.0,79.0,0.0,1,0,recorded,493
1645194496,2.0,2.0,2.0,2.2583,0.0,6750000.0,598504488.0,598504601.0,598504600.0,598504601.0,598504601.0,598504601.0,598504602.0,598504606.0,598504521.0,598504567.0,114.0,113.0,33.0,79.0,1.0,0.0,78.0,0.0,1,0,recorded,494
1645197376,,,,,,,,,,,,,,,,,,,,,,,,,0,1,dropped_only,495
1645200256,,,,,,,,,,,,,,,,,,,,,,,,,0,1,dropped_only,496
1645203226,2.0,2.0,2.0,2.30408,0.0,6750000.0,598504585.0,598504607.0,598504605.0,598504607.0,598504607.0,598504607.0,598504608.0,598504611.0,598504618.0,598504664.0,23.0,21.0,33.0,79.0,2.0,0.0,77.0,0.0,1,0,recorded,497
1645206016,2.0,2.0,2.0,2.30408,0.0,6750000.0,598504617.0,598504720.0,598504720.0,598504720.0,598504721.0,598504722.0,598504722.0,598504731.0,598504649.0,598504695.0,105.0,104.0,32.0,78.0,0.0,1.0,77.0,0.0,1,0,recorded,498
1645208896,,,,,,,,,,,,,,,,,,,,,,,,,0,1,dropped_only,499
1645211776,2.0,2.0,2.0,2.30408,0.0,6750000.0,598504679.0,598504732.0,598504724.0,598504732.0,598504733.0,598504733.0,598504733.0,598504737.0,598504713.0,598504759.0,54.0,46.0,34.0,80.0,8.0,0.0,72.0,0.0,1,0,recorded,500
1645216096,2.0,2.0,2.0,2.30408,0.0,6750000.0,598504726.0,598504835.0,598504835.0,598504835.0,598504835.0,598504836.0,598504836.0,598504847.0,598504761.0,598504807.0,110.0,109.0,35.0,81.0,0.0,1.0,80.0,0.0,1,0,recorded,501
1645218976,,,,,,,,,,,,,,,,,,,,,,,,,0,1,dropped_only,502
1645221856,,,,,,,,,,,,,,,,,,,,,,,,,0,1,dropped_only,503
1645224736,2.0,2.0,2.0,2.30408,0.0,6750000.0,598504822.0,598504848.0,598504837.0,598504848.0,598504848.0,598504849.0,598504849.0,598504852.0,598504857.0,598504903.0,27.0,15.0,35.0,81.0,11.0,1.0,69.0,0.0,1,0,recorded,504
1645227616,2.0,2.0,2.0,2.30408,0.0,6750000.0,598504854.0,598504953.0,598504953.0,598504954.0,598504954.0,598504954.0,598504955.0,598504966.0,598504889.0,598504935.0,101.0,100.0,35.0,81.0,1.0,0.0,80.0,0.0,1,0,recorded,505
1645230496,,,,,,,,,,,,,,,,,,,,,,,,,0,1,dropped_only,506
1645233466,,,,,,,,,,,,,,,,,,,,,,,,,0,1,dropped_only,507
1645236256,2.0,2.0,2.0,2.30408,0.0,6750000.0,598504948.0,598504970.0,598504958.0,598504968.0,598504968.0,598504968.0,598504968.0,598504972.0,598504985.0,598505031.0,20.0,10.0,37.0,83.0,10.0,0.0,73.0,0.0,1,0,recorded,508
1645239226,2.0,2.0,2.0,2.30408,0.0,6750000.0,598504980.0,598505069.0,598505069.0,598505069.0,598505069.0,598505070.0,598505071.0,598505081.0,598505018.0,598505064.0,91.0,90.0,38.0,84.0,0.0,1.0,83.0,0.0,1,0,recorded,509
1645242106,,,,,,,,,,,,,,,,,,,,,,,,,0,1,dropped_only,510
1645244986,2.0,2.0,2.0,2.30408,0.0,6750000.0,598505046.0,598505082.0,598505072.0,598505082.0,598505082.0,598505083.0,598505083.0,598505086.0,598505082.0,598505128.0,37.0,26.0,36.0,82.0,10.0,1.0,71.0,0.0,1,0,recorded,511
1645247776,2.0,2.0,2.0,2.30408,0.0,6750000.0,598505076.0,598505185.0,598505184.0,598505185.0,598505186.0,598505186.0,598505187.0,598505197.0,598505113.0,598505159.0,111.0,110.0,37.0,83.0,1.0,0.0,82.0,0.0,1,0,recorded,512
1645252096,,,,,,,,,,,,,,,,,,,,,,,,,0,1,dropped_only,513
1645254976,2.0,2.0,2.0,2.30408,0.0,6750000.0,598505157.0,598505198.0,598505189.0,598505198.0,598505199.0,598505199.0,598505199.0,598505202.0,598505193.0,598505239.0,42.0,33.0,36.0,82.0,9.0,0.0,73.0,0.0,1,0,recorded,514
1645257856,2.0,2.0,2.0,2.30408,0.0,6750000.0,598505188.0,598505297.0,598505297.0,598505297.0,598505298.0,598505298.0,598505299.0,598505309.0,598505225.0,598505271.0,111.0,111.0,37.0,83.0,0.0,0.0,83.0,0.0,1,0,recorded,515
1645260736,,,,,,,,,,,,,,,,,,,,,,,,,0,1,dropped_only,516
1645263616,,,,,,,,,,,,,,,,,,,,,,,,,0,1,dropped_only,517
1645266496,2.0,2.0,2.0,2.30408,0.0,6750000.0,598505284.0,598505310.0,598505301.0,598505311.0,598505311.0,598505311.0,598505311.0,598505314.0,598505321.0,598505367.0,27.0,17.0,37.0,83.0,10.0,0.0,73.0,0.0,1,0,recorded,518
1645269376,2.0,2.0,2.0,2.30408,0.0,6750000.0,598505317.0,598505419.0,598505418.0,598505420.0,598505420.0,598505421.0,598505422.0,598505431.0,598505353.0,598505399.0,105.0,102.0,36.0,82.0,2.0,1.0,79.0,0.0,1,0,recorded,519
1645272256,,,,,,,,,,,,,,,,,,,,,,,,,0,1,dropped_only,520
1645275136,2.0,2.0,2.0,2.30408,0.0,6750000.0,598505383.0,598505433.0,598505422.0,598505433.0,598505434.0,598505434.0,598505434.0,598505437.0,598505417.0,598505463.0,51.0,40.0,34.0,80.0,11.0,0.0,69.0,0.0,1,0,recorded,521
1645278016,2.0,2.0,2.0,2.30408,0.0,6750000.0,598505414.0,598505535.0,598505534.0,598505535.0,598505535.0,598505535.0,598505536.0,598505539.0,598505449.0,598505495.0,122.0,121.0,35.0,81.0,1.0,0.0,80.0,0.0,1,0,recorded,522
1645280896,,,,,,,,,,,,,,,,,,,,,,,,,0,1,dropped_only,523
1645283776,2.0,2.0,2.0,2.30408,0.0,6750000.0,598505477.0,598505541.0,598505537.0,598505541.0,598505541.0,598505541.0,598505542.0,598505550.0,598505513.0,598505559.0,65.0,61.0,36.0,82.0,4.0,0.0,78.0,0.0,1,0,recorded,524
1645288186,2.0,2.0,2.0,2.30408,0.0,6750000.0,598505531.0,598505650.0,598505649.0,598505650.0,598505650.0,598505651.0,598505652.0,598505661.0,598505562.0,598505608.0,121.0,119.0,31.0,77.0,1.0,1.0,75.0,0.0,1,0,recorded,525
1645291066,,,,,,,,,,,,,,,,,,,,,,,,,0,1,dropped_only,526
1645293946,,,,,,,,,,,,,,,,,,,,,,,,,0,1,dropped_only,527
1645296736,2.0,2.0,2.0,2.97546,0.0,6750000.0,598505625.0,598505663.0,598505655.0,598505663.0,598505663.0,598505663.0,598505664.0,598505667.0,598505657.0,598505703.0,39.0,31.0,32.0,78.0,8.0,0.0,70.0,0.0,1,0,recorded,528
1645299616,2.0,2.0,2.0,2.97546,0.0,6750000.0,598505653.0,598505765.0,598505764.0,598505765.0,598505765.0,598505766.0,598505767.0,598505776.0,598505689.0,598505735.0,114.0,112.0,36.0,82.0,1.0,1.0,80.0,0.0,1,0,recorded,529
1645302496,,,,,,,,,,,,,,,,,,,,,,,,,0,1,dropped_only,530
1645305466,,,,,,,,,,,,,,,,,,,,,,,,,0,1,dropped_only,531
1645308436,2.0,2.0,2.0,2.97546,0.0,6750000.0,598505755.0,598505778.0,598505769.0,598505778.0,598505778.0,598505779.0,598505779.0,598505782.0,598505787.0,598505833.0,24.0,14.0,32.0,78.0,9.0,1.0,68.0,0.0,1,0,recorded,532
1645311226,2.0,2.0,2.0,2.97546,0.0,6750000.0,598505781.0,598505884.0,598505883.0,598505884.0,598505884.0,598505884.0,598505885.0,598505894.0,598505818.0,598505864.0,104.0,103.0,37.0,83.0,1.0,0.0,82.0,0.0,1,0,recorded,533
1645314106,,,,,,,,,,,,,,,,,,,,,,,,,0,1,dropped_only,534
1645316986,2.0,2.0,2.0,2.97546,0.0,6750000.0,598505852.0,598505896.0,598505885.0,598505897.0,598505897.0,598505897.0,598505897.0,598505901.0,598505882.0,598505928.0,45.0,33.0,30.0,76.0,12.0,0.0,64.0,0.0,1,0,recorded,535
1645319776,2.0,2.0,2.0,2.97546,0.0,6750000.0,598505884.0,598505996.0,598505995.0,598505996.0,598505996.0,598505996.0,598505997.0,598506004.0,598505913.0,598505959.0,113.0,112.0,29.0,75.0,1.0,0.0,74.0,0.0,1,0,recorded,536
1645324096,,,,,,,,,,,,,,,,,,,,,,,,,0,1,dropped_only,537
1645326976,,,,,,,,,,,,,,,,,,,,,,,,,0,1,dropped_only,538
1645329856,2.0,2.0,2.0,2.97546,0.0,6750000.0,598505988.0,598506009.0,598505999.0,598506007.0,598506007.0,598506007.0,598506007.0,598506010.0,598506025.0,598506071.0,19.0,11.0,37.0,83.0,8.0,0.0,75.0,0.0,1,0,recorded,539
1645332736,2.0,2.0,2.0,2.97546,0.0,6750000.0,598506020.0,598506116.0,598506115.0,598506117.0,598506117.0,598506118.0,598506119.0,598506128.0,598506057.0,598506103.0,99.0,96.0,37.0,83.0,2.0,1.0,80.0,0.0,1,0,recorded,540
1645335706,,,,,,,,,,,,,,,,,,,,,,,,,0,1,dropped_only,541
1645338496,2.0,2.0,2.0,2.97546,0.0,6750000.0,598506087.0,598506130.0,598506122.0,598506130.0,598506130.0,598506131.0,598506131.0,598506134.0,598506121.0,598506167.0,44.0,35.0,34.0,80.0,8.0,1.0,71.0,0.0,1,0,recorded,542
1645341376,2.0,2.0,2.0,2.97546,0.0,6750000.0,598506126.0,598506232.0,598506232.0,598506233.0,598506233.0,598506233.0,598506235.0,598506246.0,598506153.0,598506199.0,109.0,108.0,27.0,73.0,1.0,0.0,72.0,0.0,1,0,recorded,543
1645344346,,,,,,,,,,,,,,,,,,,,,,,,,0,1,dropped_only,544
1645347136,,,,,,,,,,,,,,,,,,,,,,,,,0,1,dropped_only,545
1645350106,2.0,2.0,2.0,2.97546,0.0,6750000.0,598506214.0,598506248.0,598506236.0,598506248.0,598506248.0,598506249.0,598506249.0,598506252.0,598506250.0,598506296.0,35.0,22.0,36.0,82.0,12.0,1.0,69.0,0.0,1,0,recorded,546
1645352896,2.0,2.0,2.0,2.97546,0.0,6750000.0,598506253.0,598506347.0,598506346.0,598506347.0,598506347.0,598506348.0,598506348.0,598506358.0,598506281.0,598506327.0,95.0,93.0,28.0,74.0,1.0,1.0,72.0,0.0,1,0,recorded,547
1645355776,,,,,,,,,,,,,,,,,,,,,,,,,0,1,dropped_only,548
1645360096,2.0,2.0,2.0,2.97546,0.0,6750000.0,598506327.0,598506360.0,598506350.0,598506360.0,598506360.0,598506360.0,598506361.0,598506364.0,598506361.0,598506407.0,34.0,24.0,34.0,80.0,10.0,0.0,70.0,0.0,1,0,recorded,549
1645362976,2.0,2.0,2.0,2.97546,0.0,6750000.0,598506357.0,598506462.0,598506461.0,598506462.0,598506462.0,598506463.0,598506463.0,598506474.0,598506393.0,598506439.0,106.0,104.0,36.0,82.0,1.0,1.0,80.0,0.0,1,0,recorded,550
1645365856,,,,,,,,,,,,,,,,,,,,,,,,,0,1,dropped_only,551
1645368736,,,,,,,,,,,,,,,,,,,,,,,,,0,1,dropped_only,552
1645371616,2.0,2.0,2.0,2.97546,0.0,6750000.0,598506454.0,598506475.0,598506466.0,598506475.0,598506476.0,598506476.0,598506476.0,598506480.0,598506489.0,598506535.0,22.0,13.0,35.0,81.0,9.0,0.0,72.0,0.0,1,0,recorded,553
1645374496,2.0,2.0,2.0,2.97546,0.0,6750000.0,598506484.0,598506582.0,598506582.0,598506582.0,598506583.0,598506583.0,598506584.0,598506589.0,598506521.0,598506567.0,100.0,100.0,37.0,83.0,0.0,0.0,83.0,0.0,1,0,recorded,554
1645377466,,,,,,,,,,,,,,,,,,,,,,,,,0,1,dropped_only,555
1645380346,2.0,2.0,2.0,2.97546,0.0,6750000.0,598506550.0,598506590.0,598506586.0,598506590.0,598506590.0,598506590.0,598506591.0,598506594.0,598506586.0,598506632.0,41.0,37.0,36.0,82.0,4.0,0.0,78.0,0.0,1,0,recorded,556
1645383226,2.0,2.0,2.0,2.97546,0.0,6750000.0,598506584.0,598506698.0,598506698.0,598506699.0,598506699.0,598506699.0,598506700.0,598506705.0,598506618.0,598506664.0,116.0,115.0,34.0,80.0,1.0,0.0,79.0,0.0,1,0,recorded,557
1645386106,,,,,,,,,,,,,,,,,,,,,,,,,0,1,dropped_only,558
1645388896,2.0,2.0,2.0,3.11279,0.0,6750000.0,598506648.0,598506706.0,598506700.0,598506706.0,598506706.0,598506707.0,598506707.0,598506709.0,598506681.0,598506727.0,59.0,52.0,33.0,79.0,6.0,1.0,72.0,0.0,1,0,recorded,559
1645393216,2.0,2.0,2.0,3.11279,0.0,6750000.0,598506694.0,598506812.0,598506812.0,598506813.0,598506813.0,598506813.0,598506814.0,598506823.0,598506729.0,598506775.0,120.0,119.0,35.0,81.0,1.0,0.0,80.0,0.0,1,0,recorded,560
1645396186,,,,,,,,,,,,,,,,,,,,,,,,,0,1,dropped_only,561
1645398976,,,,,,,,,,,,,,,,,,,,,,,,,0,1,dropped_only,562
1645401856,2.0,2.0,2.0,3.11279,0.0,6750000.0,598506792.0,598506825.0,598506816.0,598506825.0,598506825.0,598506826.0,598506826.0,598506829.0,598506825.0,598506871.0,34.0,24.0,33.0,79.0,9.0,1.0,69.0,0.0,1,0,recorded,563
1645404826,2.0,2.0,2.0,3.11279,0.0,6750000.0,598506821.0,598506925.0,598506924.0,598506925.0,598506925.0,598506926.0,598506926.0,598506931.0,598506858.0,598506904.0,105.0,103.0,37.0,83.0,1.0,1.0,81.0,0.0,1,0,recorded,564
1645407706,,,,,,,,,,,,,,,,,,,,,,,,,0,1,dropped_only,565
1645410496,,,,,,,,,,,,,,,,,,,,,,,,,0,1,dropped_only,566
1645413376,2.0,2.0,2.0,3.11279,0.0,6750000.0,598506918.0,598506937.0,598506929.0,598506933.0,598506933.0,598506933.0,598506933.0,598506936.0,598506953.0,598506999.0,15.0,11.0,35.0,81.0,4.0,0.0,77.0,0.0,1,0,recorded,567
1645416256,2.0,2.0,2.0,3.11279,0.0,6750000.0,598506947.0,598507045.0,598507044.0,598507045.0,598507045.0,598507046.0,598507047.0,598507056.0,598506985.0,598507031.0,100.0,98.0,38.0,84.0,1.0,1.0,82.0,0.0,1,0,recorded,568
1645419136,,,,,,,,,,,,,,,,,,,,,,,,,0,1,dropped_only,569
1645422106,2.0,2.0,2.0,3.11279,0.0,6750000.0,598507015.0,598507058.0,598507049.0,598507059.0,598507059.0,598507059.0,598507059.0,598507062.0,598507050.0,598507096.0,44.0,34.0,35.0,81.0,10.0,0.0,71.0,0.0,1,0,recorded,570
1645424896,2.0,2.0,2.0,3.11279,0.0,6750000.0,598507049.0,598507154.0,598507153.0,598507154.0,598507154.0,598507155.0,598507156.0,598507165.0,598507081.0,598507127.0,107.0,105.0,32.0,78.0,1.0,1.0,76.0,0.0,1,0,recorded,571
1645427776,,,,,,,,,,,,,,,,,,,,,,,,,0,1,dropped_only,572
1645432096,2.0,2.0,2.0,3.11279,0.0,6750000.0,598507129.0,598507166.0,598507158.0,598507166.0,598507167.0,598507167.0,598507167.0,598507170.0,598507161.0,598507207.0,38.0,30.0,32.0,78.0,8.0,0.0,70.0,0.0,1,0,recorded,573
1645434976,2.0,2.0,2.0,3.11279,0.0,6750000.0,598507157.0,598507266.0,598507266.0,598507266.0,598507266.0,598507267.0,598507267.0,598507276.0,598507193.0,598507239.0,110.0,109.0,36.0,82.0,0.0,1.0,81.0,0.0,1,0,recorded,574
1645437856,,,,,,,,,,,,,,,,,,,,,,,,,0,1,dropped_only,575
1645440736,,,,,,,,,,,,,,,,,,,,,,,,,0,1,dropped_only,576
1645443616,2.0,2.0,2.0,3.11279,0.0,6750000.0,598507254.0,598507278.0,598507271.0,598507278.0,598507279.0,598507279.0,598507279.0,598507282.0,598507289.0,598507335.0,25.0,18.0,35.0,81.0,7.0,0.0,74.0,0.0,1,0,recorded,577
1645446496,2.0,2.0,2.0,3.11279,0.0,6750000.0,598507286.0,598507382.0,598507382.0,598507382.0,598507382.0,598507383.0,598507384.0,598507394.0,598507321.0,598507367.0,98.0,97.0,35.0,81.0,0.0,1.0,80.0,0.0,1,0,recorded,578
1645449466,,,,,,,,,,,,,,,,,,,,,,,,,0,1,dropped_only,579
1645452346,2.0,2.0,2.0,3.11279,0.0,6750000.0,598507350.0,598507395.0,598507384.0,598507396.0,598507396.0,598507396.0,598507396.0,598507399.0,598507386.0,598507432.0,46.0,34.0,36.0,82.0,12.0,0.0,70.0,0.0,1,0,recorded,580
1645455226,2.0,2.0,2.0,3.11279,0.0,6750000.0,598507388.0,598507494.0,598507493.0,598507494.0,598507494.0,598507495.0,598507496.0,598507507.0,598507418.0,598507464.0,108.0,106.0,30.0,76.0,1.0,1.0,74.0,0.0,1,0,recorded,581
1645458106,,,,,,,,,,,,,,,,,,,,,,,,,0,1,dropped_only,582
1645460986,,,,,,,,,,,,,,,,,,,,,,,,,0,1,dropped_only,583
1645463776,2.0,2.0,2.0,1.78528,0.0,6750000.0,598507479.0,598507509.0,598507495.0,598507509.0,598507509.0,598507510.0,598507510.0,598507513.0,598507513.0,598507559.0,31.0,16.0,34.0,80.0,14.0,1.0,65.0,0.0,1,0,recorded,584
1645468096,2.0,2.0,2.0,1.78528,0.0,6750000.0,598507526.0,598507606.0,598507605.0,598507606.0,598507606.0,598507607.0,598507608.0,598507617.0,598507561.0,598507607.0,82.0,80.0,35.0,81.0,1.0,1.0,79.0,0.0,1,0,recorded,585
1645470976,,,,,,,,,,,,,,,,,,,,,,,,,0,1,dropped_only,586
1645473856,2.0,2.0,2.0,1.78528,0.0,6750000.0,598507588.0,598507619.0,598507608.0,598507619.0,598507619.0,598507620.0,598507620.0,598507623.0,598507625.0,598507671.0,32.0,20.0,37.0,83.0,11.0,1.0,71.0,0.0,1,0,recorded,587
1645476826,2.0,2.0,2.0,1.78528,0.0,6750000.0,598507621.0,598507722.0,598507722.0,598507723.0,598507723.0,598507724.0,598507724.0,598507734.0,598507658.0,598507704.0,103.0,101.0,37.0,83.0,1.0,1.0,81.0,0.0,1,0,recorded,588
1645479706,,,,,,,,,,,,,,,,,,,,,,,,,0,1,dropped_only,589
1645482496,,,,,,,,,,,,,,,,,,,,,,,,,0,1,dropped_only,590
1645485376,2.0,2.0,2.0,1.78528,0.0,6750000.0,598507717.0,598507737.0,598507726.0,598507736.0,598507736.0,598507736.0,598507737.0,598507740.0,598507753.0,598507799.0,20.0,10.0,36.0,82.0,10.0,0.0,72.0,0.0,1,0,recorded,591
1645488256,2.0,2.0,2.0,1.78528,0.0,6750000.0,598507750.0,598507842.0,598507841.0,598507842.0,598507843.0,598507843.0,598507844.0,598507853.0,598507785.0,598507831.0,94.0,93.0,35.0,81.0,1.0,0.0,80.0,0.0,1,0,recorded,592
1645491226,,,,,,,,,,,,,,,,,,,,,,,,,0,1,dropped_only,593
1645494106,2.0,2.0,2.0,1.78528,0.0,6750000.0,598507813.0,598507855.0,598507846.0,598507855.0,598507855.0,598507855.0,598507856.0,598507858.0,598507850.0,598507896.0,43.0,34.0,37.0,83.0,9.0,0.0,74.0,0.0,1,0,recorded,594
1645496986,2.0,2.0,2.0,1.78528,0.0,6750000.0,598507847.0,598507952.0,598507951.0,598507952.0,598507953.0,598507953.0,598507954.0,598507963.0,598507882.0,598507928.0,107.0,106.0,35.0,81.0,1.0,0.0,80.0,0.0,1,0,recorded,595
1645499866,,,,,,,,,,,,,,,,,,,,,,,,,0,1,dropped_only,596
1645504186,2.0,2.0,2.0,1.78528,0.0,6750000.0,598507927.0,598507964.0,598507955.0,598507964.0,598507964.0,598507965.0,598507965.0,598507968.0,598507962.0,598508008.0,38.0,28.0,35.0,81.0,9.0,1.0,71.0,0.0,1,0,recorded,597
1645506976,2.0,2.0,2.0,1.78528,0.0,6750000.0,598507957.0,598508066.0,598508066.0,598508066.0,598508067.0,598508067.0,598508068.0,598508076.0,598507993.0,598508039.0,111.0,111.0,36.0,82.0,0.0,0.0,82.0,0.0,1,0,recorded,598
1645509856,,,,,,,,,,,,,,,,,,,,,,,,,0,1,dropped_only,599
1645512736,,,,,,,,,,,,,,,,,,,,,,,,,0,1,dropped_only,600
1645515616,2.0,2.0,2.0,1.78528,0.0,6750000.0,598508054.0,598508078.0,598508069.0,598508078.0,598508078.0,598508079.0,598508079.0,598508082.0,598508089.0,598508135.0,25.0,15.0,35.0,81.0,9.0,1.0,71.0,0.0,1,0,recorded,601
1645518586,2.0,2.0,2.0,1.78528,0.0,6750000.0,598508084.0,598508179.0,598508179.0,598508179.0,598508179.0,598508180.0,598508180.0,598508188.0,598508122.0,598508168.0,96.0,95.0,38.0,84.0,0.0,1.0,83.0,0.0,1,0,recorded,602
1645521466,,,,,,,,,,,,,,,,,,,,,,,,,0,1,dropped_only,603
1645524346,2.0,2.0,2.0,1.78528,0.0,6750000.0,598508152.0,598508189.0,598508181.0,598508189.0,598508189.0,598508190.0,598508190.0,598508193.0,598508186.0,598508232.0,38.0,29.0,34.0,80.0,8.0,1.0,71.0,0.0,1,0,recorded,604
1645527226,2.0,2.0,2.0,1.78528,0.0,6750000.0,598508187.0,598508289.0,598508289.0,598508289.0,598508290.0,598508290.0,598508291.0,598508302.0,598508218.0,598508264.0,104.0,104.0,31.0,77.0,0.0,0.0,77.0,0.0,1,0,recorded,605
1645530016,,,,,,,,,,,,,,,,,,,,,,,,,0,1,dropped_only,606
1645532896,,,,,,,,,,,,,,,,,,,,,,,,,0,1,dropped_only,607
1645535776,2.0,2.0,2.0,1.78528,0.0,6750000.0,598508281.0,598508304.0,598508292.0,598508304.0,598508304.0,598508305.0,598508305.0,598508307.0,598508313.0,598508359.0,24.0,11.0,32.0,78.0,12.0,1.0,65.0,0.0,1,0,recorded,608
1645540096,2.0,2.0,2.0,1.78528,0.0,6750000.0,598508326.0,598508408.0,598508408.0,598508408.0,598508409.0,598508409.0,598508410.0,598508421.0,598508361.0,598508407.0,84.0,84.0,35.0,81.0,0.0,0.0,81.0,0.0,1,0,recorded,609
1645542976,,,,,,,,,,,,,,,,,,,,,,,,,0,1,dropped_only,610
1645545856,2.0,2.0,2.0,1.78528,0.0,6750000.0,598508391.0,598508422.0,598508412.0,598508423.0,598508423.0,598508423.0,598508423.0,598508427.0,598508425.0,598508471.0,32.0,21.0,34.0,80.0,11.0,0.0,69.0,0.0,1,0,recorded,611
1645548736,2.0,2.0,2.0,1.78528,0.0,6750000.0,598508418.0,598508524.0,598508524.0,598508524.0,598508524.0,598508526.0,598508528.0,598508534.0,598508457.0,598508503.0,110.0,108.0,39.0,85.0,0.0,2.0,83.0,0.0,1,0,recorded,612
1645551616,,,,,,,,,,,,,,,,,,,,,,,,,0,1,dropped_only,613
1645554496,2.0,2.0,2.0,1.78528,0.0,6750000.0,598508483.0,598508536.0,598508529.0,598508537.0,598508537.0,598508537.0,598508538.0,598508540.0,598508521.0,598508567.0,55.0,47.0,38.0,84.0,8.0,0.0,76.0,0.0,1,0,recorded,614
1645557466,2.0,2.0,2.0,1.78528,0.0,6750000.0,598508522.0,598508633.0,598508633.0,598508633.0,598508633.0,598508634.0,598508635.0,598508645.0,598508554.0,598508600.0,113.0,112.0,32.0,78.0,0.0,1.0,77.0,0.0,1,0,recorded,615
1645560256,,,,,,,,,,,,,,,,,,,,,,,,,0,1,dropped_only,616
1645563226,,,,,,,,,,,,,,,,,,,,,,,,,0,1,dropped_only,617
1645566106,2.0,2.0,2.0,1.78528,0.0,6750000.0,598508612.0,598508650.0,598508639.0,598508650.0,598508651.0,598508651.0,598508652.0,598508654.0,598508650.0,598508696.0,40.0,29.0,38.0,84.0,11.0,0.0,73.0,0.0,1,0,recorded,618
1645568986,2.0,2.0,2.0,1.78528,0.0,6750000.0,598508652.0,598508744.0,598508744.0,598508745.0,598508745.0,598508746.0,598508747.0,598508751.0,598508682.0,598508728.0,95.0,93.0,30.0,76.0,1.0,1.0,74.0,0.0,1,0,recorded,619
1645571776,,,,,,,,,,,,,,,,,,,,,,,,,0,1,dropped_only,620
1645576096,2.0,2.0,2.0,1.78528,0.0,6750000.0,598508729.0,598508754.0,598508748.0,598508754.0,598508754.0,598508755.0,598508755.0,598508764.0,598508761.0,598508807.0,26.0,19.0,32.0,78.0,6.0,1.0,71.0,0.0,1,0,recorded,621
1645578976,2.0,2.0,2.0,1.78528,0.0,6750000.0,598508758.0,598508863.0,598508862.0,598508863.0,598508863.0,598508864.0,598508865.0,598508875.0,598508793.0,598508839.0,107.0,105.0,35.0,81.0,1.0,1.0,79.0,0.0,1,0,recorded,622
1645581856,,,,,,,,,,,,,,,,,,,,,,,,,0,1,dropped_only,623
1645584826,,,,,,,,,,,,,,,,,,,,,,,,,0,1,dropped_only,624
1645587706,2.0,2.0,2.0,1.78528,0.0,6750000.0,598508852.0,598508877.0,598508865.0,598508877.0,598508877.0,598508877.0,598508877.0,598508880.0,598508890.0,598508936.0,25.0,13.0,38.0,84.0,12.0,0.0,72.0,0.0,1,0,recorded,625
1645590586,2.0,2.0,2.0,1.78528,0.0,6750000.0,598508887.0,598508974.0,598508974.0,598508975.0,598508975.0,598508975.0,598508976.0,598508987.0,598508922.0,598508968.0,89.0,88.0,35.0,81.0,1.0,0.0,80.0,0.0,1,0,recorded,626
1645593466,,,,,,,,,,,,,,,,,,,,,,,,,0,1,dropped_only,627
1645596256,2.0,2.0,2.0,2.15149,0.0,6750000.0,598508948.0,598508989.0,598508977.0,598508989.0,598508989.0,598508989.0,598508989.0,598508991.0,598508985.0,598509031.0,41.0,29.0,37.0,83.0,12.0,0.0,71.0,0.0,1,0,recorded,628
1645599136,2.0,2.0,2.0,2.15149,0.0,6750000.0,598508986.0,598509089.0,598509088.0,598509089.0,598509089.0,598509090.0,598509090.0,598509101.0,598509017.0,598509063.0,104.0,102.0,31.0,77.0,1.0,1.0,75.0,0.0,1,0,recorded,629
1645602016,,,,,,,,,,,,,,,,,,,,,,,,,0,1,dropped_only,630
1645604896,,,,,,,,,,,,,,,,,,,,,,,,,0,1,dropped_only,631
1645607776,2.0,2.0,2.0,2.15149,0.0,6315810.0,598509075.0,598509103.0,598509091.0,598509103.0,598509103.0,598509104.0,598509104.0,598509106.0,598509113.0,598509159.0,29.0,16.0,38.0,84.0,12.0,1.0,71.0,0.0,1,0,recorded,632
1645612096,2.0,2.0,2.0,2.15149,0.0,6315810.0,598509127.0,598509201.0,598509200.0,598509201.0,598509201.0,598509202.0,598509202.0,598509214.0,598509161.0,598509207.0,75.0,73.0,34.0,80.0,1.0,1.0,78.0,0.0,1,0,recorded,633
1645615066,,,,,,,,,,,,,,,,,,,,,,,,,0,1,dropped_only,634
1645617856,2.0,2.0,2.0,2.15149,0.0,6315810.0,598509189.0,598509215.0,598509204.0,598509216.0,598509216.0,598509216.0,598509216.0,598509219.0,598509225.0,598509271.0,27.0,15.0,36.0,82.0,12.0,0.0,70.0,0.0,1,0,recorded,635
1645620826,2.0,2.0,2.0,2.15149,0.0,6315810.0,598509220.0,598509319.0,598509319.0,598509319.0,598509320.0,598509320.0,598509321.0,598509329.0,598509258.0,598509304.0,101.0,101.0,38.0,84.0,0.0,0.0,84.0,0.0,1,0,recorded,636
1645623706,,,,,,,,,,,,,,,,,,,,,,,,,0,1,dropped_only,637
1645626496,2.0,2.0,2.0,2.15149,0.0,6315810.0,598509290.0,598509331.0,598509322.0,598509331.0,598509331.0,598509331.0,598509332.0,598509335.0,598509321.0,598509367.0,42.0,33.0,31.0,77.0,9.0,0.0,68.0,0.0,1,0,recorded,638
1645629466,2.0,2.0,2.0,2.15149,0.0,6315810.0,598509317.0,598509433.0,598509432.0,598509433.0,598509434.0,598509434.0,598509435.0,598509444.0,598509354.0,598509400.0,118.0,117.0,37.0,83.0,1.0,0.0,82.0,0.0,1,0,recorded,639
1645632346,,,,,,,,,,,,,,,,,,,,,,,,,0,1,dropped_only,640
1645635226,,,,,,,,,,,,,,,,,,,,,,,,,0,1,dropped_only,641
1645638106,2.0,2.0,2.0,2.15149,0.0,6315810.0,598509412.0,598509445.0,598509437.0,598509445.0,598509445.0,598509446.0,598509446.0,598509449.0,598509450.0,598509496.0,34.0,25.0,38.0,84.0,8.0,1.0,75.0,0.0,1,0,recorded,642
1645640896,2.0,2.0,2.0,2.15149,0.0,6315810.0,598509452.0,598509549.0,598509548.0,598509549.0,598509549.0,598509550.0,598509551.0,598509562.0,598509481.0,598509527.0,99.0,97.0,29.0,75.0,1.0,1.0,73.0,0.0,1,0,recorded,643
1645643776,,,,,,,,,,,,,,,,,,,,,,,,,0,1,dropped_only,644
1645648186,2.0,2.0,2.0,2.15149,0.0,6315810.0,598509530.0,598509564.0,598509552.0,598509564.0,598509564.0,598509564.0,598509564.0,598509569.0,598509562.0,598509608.0,34.0,22.0,32.0,78.0,12.0,0.0,66.0,0.0,1,0,recorded,645
1645650976,2.0,2.0,2.0,2.15149,0.0,6315810.0,598509556.0,598509660.0,598509660.0,598509660.0,598509660.0,598509661.0,598509661.0,598509670.0,598509593.0,598509639.0,105.0,104.0,37.0,83.0,0.0,1.0,82.0,0.0,1,0,recorded,646
1645653856,,,,,,,,,,,,,,,,,,,,,,,,,0,1,dropped_only,647
1645656826,,,,,,,,,,,,,,,,,,,,,,,,,0,1,dropped_only,648
1645659706,2.0,2.0,2.0,2.15149,0.0,6315810.0,598509652.0,598509673.0,598509664.0,598509672.0,598509672.0,598509672.0,598509673.0,598509680.0,598509690.0,598509736.0,21.0,13.0,38.0,84.0,8.0,0.0,76.0,0.0,1,0,recorded,649
1645662586,2.0,2.0,2.0,2.15149,0.0,6315810.0,598509686.0,598509772.0,598509771.0,598509772.0,598509772.0,598509773.0,598509773.0,598509784.0,598509722.0,598509768.0,87.0,85.0,36.0,82.0,1.0,1.0,80.0,0.0,1,0,recorded,650
1645665466,,,,,,,,,,,,,,,,,,,,,,,,,0,1,dropped_only,651
1645668256,2.0,2.0,2.0,2.15149,0.0,6315810.0,598509754.0,598509786.0,598509774.0,598509786.0,598509786.0,598509786.0,598509787.0,598509790.0,598509785.0,598509831.0,33.0,21.0,31.0,77.0,12.0,0.0,65.0,0.0,1,0,recorded,652
1645671226,2.0,2.0,2.0,2.15149,0.0,6315810.0,598509779.0,598509881.0,598509881.0,598509881.0,598509882.0,598509882.0,598509883.0,598509890.0,598509818.0,598509864.0,104.0,104.0,39.0,85.0,0.0,0.0,85.0,0.0,1,0,recorded,653
1645674106,,,,,,,,,,,,,,,,,,,,,,,,,0,1,dropped_only,654
1645676986,,,,,,,,,,,,,,,,,,,,,,,,,0,1,dropped_only,655
1645679866,2.0,2.0,2.0,2.15149,0.0,6315810.0,598509877.0,598509897.0,598509883.0,598509893.0,598509893.0,598509894.0,598509894.0,598509896.0,598509914.0,598509960.0,17.0,6.0,37.0,83.0,10.0,1.0,72.0,0.0,1,0,recorded,656
1645684186,2.0,2.0,2.0,2.15149,0.0,6315810.0,598509927.0,598509999.0,598509998.0,598509999.0,598509999.0,598509999.0,598510000.0,598510011.0,598509962.0,598510008.0,73.0,72.0,35.0,81.0,1.0,0.0,80.0,0.0,1,0,recorded,657
1645686976,,,,,,,,,,,,,,,,,,,,,,,,,0,1,dropped_only,658
1645689946,2.0,2.0,2.0,2.15149,0.0,6315810.0,598509989.0,598510013.0,598510002.0,598510014.0,598510014.0,598510014.0,598510014.0,598510017.0,598510026.0,598510072.0,25.0,13.0,37.0,83.0,12.0,0.0,71.0,0.0,1,0,recorded,659
1645692826,2.0,2.0,2.0,2.15149,0.0,6315810.0,598510023.0,598510114.0,598510114.0,598510114.0,598510114.0,598510115.0,598510115.0,598510125.0,598510058.0,598510104.0,92.0,91.0,35.0,81.0,0.0,1.0,80.0,0.0,1,0,recorded,660
1645695706,,,,,,,,,,,,,,,,,,,,,,,,,0,1,dropped_only,661
1645698496,2.0,2.0,2.0,2.15149,0.0,6750000.0,598510087.0,598510126.0,598510118.0,598510127.0,598510127.0,598510127.0,598510127.0,598510131.0,598510121.0,598510167.0,40.0,31.0,34.0,80.0,9.0,0.0,71.0,0.0,1,0,recorded,662
1645701466,2.0,2.0,2.0,2.15149,0.0,6750000.0,598510117.0,598510231.0,598510230.0,598510231.0,598510231.0,598510232.0,598510232.0,598510240.0,598510154.0,598510200.0,115.0,113.0,37.0,83.0,1.0,1.0,81.0,0.0,1,0,recorded,663
1645704346,,,,,,,,,,,,,,,,,,,,,,,,,0,1,dropped_only,664
1645707226,,,,,,,,,,,,,,,,,,,,,,,,,0,1,dropped_only,665
1645710106,2.0,2.0,2.0,2.15149,0.0,6750000.0,598510215.0,598510241.0,598510234.0,598510241.0,598510241.0,598510242.0,598510242.0,598510246.0,598510250.0,598510296.0,27.0,19.0,35.0,81.0,7.0,1.0,73.0,0.0,1,0,recorded,666
1645712986,2.0,2.0,2.0,3.05176,0.0,6750000.0,598510244.0,598510347.0,598510346.0,598510347.0,598510347.0,598510348.0,598510349.0,598510357.0,598510282.0,598510328.0,105.0,103.0,38.0,84.0,1.0,1.0,82.0,0.0,1,0,recorded,667
1645715866,,,,,,,,,,,,,,,,,,,,,,,,,0,1,dropped_only,668
1645720096,2.0,2.0,2.0,3.05176,0.0,6750000.0,598510325.0,598510359.0,598510350.0,598510359.0,598510359.0,598510360.0,598510360.0,598510362.0,598510361.0,598510407.0,35.0,25.0,36.0,82.0,9.0,1.0,72.0,0.0,1,0,recorded,669
1645722976,2.0,2.0,2.0,3.05176,0.0,6750000.0,598510360.0,598510464.0,598510464.0,598510465.0,598510465.0,598510465.0,598510466.0,598510476.0,598510393.0,598510439.0,106.0,105.0,33.0,79.0,1.0,0.0,78.0,0.0,1,0,recorded,670
1645725946,,,,,,,,,,,,,,,,,,,,,,,,,0,1,dropped_only,671
1645728826,,,,,,,,,,,,,,,,,,,,,,,,,0,1,dropped_only,672
1645731706,2.0,2.0,2.0,3.05176,0.0,6750000.0,598510453.0,598510478.0,598510469.0,598510478.0,598510478.0,598510479.0,598510479.0,598510483.0,598510490.0,598510536.0,26.0,16.0,37.0,83.0,9.0,1.0,73.0,0.0,1,0,recorded,673
1645734586,2.0,2.0,2.0,3.05176,0.0,6750000.0,598510483.0,598510578.0,598510577.0,598510578.0,598510578.0,598510579.0,598510579.0,598510587.0,598510522.0,598510568.0,96.0,94.0,39.0,85.0,1.0,1.0,83.0,0.0,1,0,recorded,674
1645737466,,,,,,,,,,,,,,,,,,,,,,,,,0,1,dropped_only,675
1645740346,2.0,2.0,2.0,3.05176,0.0,6750000.0,598510547.0,598510589.0,598510581.0,598510589.0,598510589.0,598510589.0,598510590.0,598510592.0,598510586.0,598510632.0,43.0,35.0,39.0,85.0,8.0,0.0,77.0,0.0,1,0,recorded,676
1645743226,2.0,2.0,2.0,3.05176,0.0,6750000.0,598510585.0,598510693.0,598510692.0,598510693.0,598510693.0,598510694.0,598510694.0,598510703.0,598510618.0,598510664.0,109.0,107.0,33.0,79.0,1.0,1.0,77.0,0.0,1,0,recorded,677
1645746106,,,,,,,,,,,,,,,,,,,,,,,,,0,1,dropped_only,678
1645748986,,,,,,,,,,,,,,,,,,,,,,,,,0,1,dropped_only,679
1645751866,2.0,2.0,2.0,3.05176,0.0,6750000.0,598510684.0,598510705.0,598510697.0,598510705.0,598510705.0,598510705.0,598510706.0,598510709.0,598510714.0,598510760.0,22.0,14.0,30.0,76.0,8.0,0.0,68.0,0.0,1,0,recorded,680
1645756186,2.0,2.0,2.0,3.05176,0.0,6750000.0,598510722.0,598510808.0,598510808.0,598510808.0,598510809.0,598510809.0,598510810.0,598510818.0,598510762.0,598510808.0,88.0,88.0,40.0,86.0,0.0,0.0,86.0,0.0,1,0,recorded,681
1645759066,,,,,,,,,,,,,,,,,,,,,,,,,0,1,dropped_only,682
1645761946,2.0,2.0,2.0,3.05176,0.0,6750000.0,598510790.0,598510821.0,598510811.0,598510821.0,598510822.0,598510822.0,598510822.0,598510825.0,598510826.0,598510872.0,32.0,22.0,36.0,82.0,10.0,0.0,72.0,0.0,1,0,recorded,683
1645764826,2.0,2.0,2.0,3.05176,0.0,6750000.0,598510822.0,598510924.0,598510924.0,598510924.0,598510924.0,598510925.0,598510926.0,598510934.0,598510858.0,598510904.0,104.0,103.0,36.0,82.0,0.0,1.0,81.0,0.0,1,0,recorded,684
1645767706,,,,,,,,,,,,,,,,,,,,,,,,,0,1,dropped_only,685
1645770586,,,,,,,,,,,,,,,,,,,,,,,,,0,1,dropped_only,686
1645773466,2.0,2.0,2.0,3.05176,0.0,6750000.0,598510919.0,598510937.0,598510928.0,598510936.0,598510936.0,598510937.0,598510937.0,598510940.0,598510954.0,598511000.0,18.0,9.0,35.0,81.0,8.0,1.0,72.0,0.0,1,0,recorded,687
1645776346,2.0,2.0,2.0,3.05176,0.0,6750000.0,598510950.0,598511040.0,598511039.0,598511040.0,598511040.0,598511040.0,598511041.0,598511049.0,598510986.0,598511032.0,91.0,90.0,36.0,82.0,1.0,0.0,81.0,0.0,1,0,recorded,688
1645779136,,,,,,,,,,,,,,,,,,,,,,,,,0,1,dropped_only,689
1645782016,2.0,2.0,2.0,2.59399,0.0,6750000.0,598511012.0,598511051.0,598511043.0,598511051.0,598511051.0,598511051.0,598511052.0,598511054.0,598511049.0,598511095.0,40.0,32.0,37.0,83.0,8.0,0.0,75.0,0.0,1,0,recorded,690
1645784896,2.0,2.0,2.0,2.59399,0.0,6750000.0,598511047.0,598511153.0,598511153.0,598511154.0,598511154.0,598511154.0,598511155.0,598511166.0,598511081.0,598511127.0,108.0,107.0,34.0,80.0,1.0,0.0,79.0,0.0,1,0,recorded,691
1645787866,,,,,,,,,,,,,,,,,,,,,,,,,0,1,dropped_only,692
1645790746,2.0,2.0,2.0,2.59399,0.0,6750000.0,598511111.0,598511168.0,598511157.0,598511168.0,598511168.0,598511168.0,598511169.0,598511173.0,598511146.0,598511192.0,58.0,47.0,35.0,81.0,11.0,0.0,70.0,0.0,1,0,recorded,693
1645795066,2.0,2.0,2.0,2.59399,0.0,6750000.0,598511156.0,598511269.0,598511269.0,598511269.0,598511270.0,598511270.0,598511271.0,598511279.0,598511194.0,598511240.0,115.0,115.0,38.0,84.0,0.0,0.0,84.0,0.0,1,0,recorded,694
1645797946,,,,,,,,,,,,,,,,,,,,,,,,,0,1,dropped_only,695
1645800826,,,,,,,,,,,,,,,,,,,,,,,,,0,1,dropped_only,696
1645803706,2.0,2.0,2.0,2.59399,0.0,6750000.0,598511255.0,598511281.0,598511274.0,598511281.0,598511281.0,598511282.0,598511282.0,598511286.0,598511290.0,598511336.0,27.0,19.0,35.0,81.0,7.0,1.0,73.0,0.0,1,0,recorded,697
1645806496,2.0,2.0,2.0,2.59399,0.0,6750000.0,598511287.0,598511389.0,598511388.0,598511389.0,598511389.0,598511389.0,598511390.0,598511397.0,598511321.0,598511367.0,103.0,102.0,34.0,80.0,1.0,0.0,79.0,0.0,1,0,recorded,698
1645809466,,,,,,,,,,,,,,,,,,,,,,,,,0,1,dropped_only,699
1645812346,,,,,,,,,,,,,,,,,,,,,,,,,0,1,dropped_only,700
1645815226,2.0,2.0,2.0,2.59399,0.0,6750000.0,598511381.0,598511401.0,598511392.0,598511398.0,598511398.0,598511399.0,598511399.0,598511401.0,598511418.0,598511464.0,18.0,11.0,37.0,83.0,6.0,1.0,76.0,0.0,1,0,recorded,701
1645818106,2.0,2.0,2.0,2.59399,0.0,6750000.0,598511413.0,598511505.0,598511504.0,598511505.0,598511505.0,598511506.0,598511506.0,598511517.0,598511450.0,598511496.0,93.0,91.0,37.0,83.0,1.0,1.0,81.0,0.0,1,0,recorded,702
1645820986,,,,,,,,,,,,,,,,,,,,,,,,,0,1,dropped_only,703
1645823866,2.0,2.0,2.0,2.59399,0.0,6750000.0,598511479.0,598511518.0,598511506.0,598511519.0,598511519.0,598511519.0,598511519.0,598511523.0,598511514.0,598511560.0,40.0,27.0,35.0,81.0,13.0,0.0,68.0,0.0,1,0,recorded,704
1645828186,2.0,2.0,2.0,2.59399,0.0,6750000.0,598511527.0,598511629.0,598511628.0,598511629.0,598511629.0,598511630.0,598511631.0,598511642.0,598511562.0,598511608.0,104.0,102.0,35.0,81.0,1.0,1.0,79.0,0.0,1,0,recorded,705
1645830976,,,,,,,,,,,,,,,,,,,,,,,,,0,1,dropped_only,706
1645833946,,,,,,,,,,,,,,,,,,,,,,,,,0,1,dropped_only,707
1645836826,2.0,2.0,2.0,2.59399,0.0,6750000.0,598511623.0,598511643.0,598511635.0,598511643.0,598511644.0,598511644.0,598511644.0,598511648.0,598511658.0,598511704.0,21.0,13.0,35.0,81.0,8.0,0.0,73.0,0.0,1,0,recorded,708
1645839706,2.0,2.0,2.0,2.59399,0.0,6750000.0,598511650.0,598511748.0,598511748.0,598511749.0,598511749.0,598511750.0,598511750.0,598511758.0,598511690.0,598511736.0,100.0,98.0,40.0,86.0,1.0,1.0,84.0,0.0,1,0,recorded,709
1645842586,,,,,,,,,,,,,,,,,,,,,,,,,0,1,dropped_only,710
1645845466,2.0,2.0,2.0,2.59399,0.0,6750000.0,598511718.0,598511760.0,598511752.0,598511760.0,598511760.0,598511761.0,598511761.0,598511764.0,598511754.0,598511800.0,43.0,34.0,36.0,82.0,8.0,1.0,73.0,0.0,1,0,recorded,711
1645848346,2.0,2.0,2.0,2.59399,0.0,6750000.0,598511753.0,598511869.0,598511868.0,598511869.0,598511869.0,598511870.0,598511870.0,598511880.0,598511786.0,598511832.0,117.0,115.0,33.0,79.0,1.0,1.0,77.0,0.0,1,0,recorded,712
1645851226,,,,,,,,,,,,,,,,,,,,,,,,,0,1,dropped_only,713
1645854106,,,,,,,,,,,,,,,,,,,,,,,,,0,1,dropped_only,714
1645856986,2.0,2.0,2.0,2.59399,0.0,6750000.0,598511848.0,598511884.0,598511873.0,598511885.0,598511885.0,598511886.0,598511886.0,598511894.0,598511882.0,598511928.0,38.0,25.0,34.0,80.0,12.0,1.0,67.0,0.0,1,0,recorded,715
1645859866,2.0,2.0,2.0,2.59399,0.0,6750000.0,598511874.0,598511986.0,598511985.0,598511986.0,598511986.0,598511987.0,598511987.0,598511994.0,598511914.0,598511960.0,113.0,111.0,40.0,86.0,1.0,1.0,84.0,0.0,1,0,recorded,716
1645864186,,,,,,,,,,,,,,,,,,,,,,,,,0,1,dropped_only,717
1645867066,2.0,2.0,2.0,2.59399,0.0,6750000.0,598511957.0,598511996.0,598511989.0,598511996.0,598511996.0,598511996.0,598511996.0,598512000.0,598511994.0,598512040.0,39.0,32.0,37.0,83.0,7.0,0.0,76.0,0.0,1,0,recorded,718
1645869946,2.0,2.0,2.0,2.59399,0.0,6750000.0,598511990.0,598512114.0,598512114.0,598512114.0,598512114.0,598512115.0,598512116.0,598512125.0,598512026.0,598512072.0,126.0,125.0,36.0,82.0,0.0,1.0,81.0,0.0,1,0,recorded,719
1645872826,,,,,,,,,,,,,,,,,,,,,,,,,0,1,dropped_only,720
1645875706,,,,,,,,,,,,,,,,,,,,,,,,,0,1,dropped_only,721
1645878586,2.0,2.0,2.0,2.59399,0.0,6750000.0,598512086.0,598512127.0,598512118.0,598512128.0,598512128.0,598512128.0,598512128.0,598512131.0,598512122.0,598512168.0,42.0,32.0,36.0,82.0,10.0,0.0,72.0,0.0,1,0,recorded,722
1645881466,2.0,2.0,2.0,2.59399,0.0,6750000.0,598512119.0,598512231.0,598512230.0,598512231.0,598512231.0,598512232.0,598512232.0,598512243.0,598512154.0,598512200.0,113.0,111.0,35.0,81.0,1.0,1.0,79.0,0.0,1,0,recorded,723
1645884346,,,,,,,,,,,,,,,,,,,,,,,,,0,1,dropped_only,724
1645887226,,,,,,,,,,,,,,,,,,,,,,,,,0,1,dropped_only,725
1645890106,2.0,2.0,2.0,2.85339,0.0,6750000.0,598512215.0,598512246.0,598512234.0,598512246.0,598512246.0,598512246.0,598512247.0,598512250.0,598512250.0,598512296.0,32.0,20.0,35.0,81.0,12.0,0.0,69.0,0.0,1,0,recorded,726
1645892986,2.0,2.0,2.0,2.85339,0.0,6750000.0,598512245.0,598512354.0,598512353.0,598512354.0,598512354.0,598512355.0,598512355.0,598512364.0,598512282.0,598512328.0,110.0,108.0,37.0,83.0,1.0,1.0,81.0,0.0,1,0,recorded,727
1645895866,,,,,,,,,,,,,,,,,,,,,,,,,0,1,dropped_only,728
1645900096,2.0,2.0,2.0,2.85339,0.0,6750000.0,598512329.0,598512365.0,598512357.0,598512365.0,598512365.0,598512365.0,598512366.0,598512369.0,598512361.0,598512407.0,37.0,29.0,32.0,78.0,8.0,0.0,70.0,0.0,1,0,recorded,729
1645903066,2.0,2.0,2.0,2.85339,0.0,6750000.0,598512358.0,598512473.0,598512472.0,598512473.0,598512473.0,598512473.0,598512474.0,598512482.0,598512394.0,598512440.0,116.0,115.0,36.0,82.0,1.0,0.0,81.0,0.0,1,0,recorded,730
1645905946,,,,,,,,,,,,,,,,,,,,,,,,,0,1,dropped_only,731
1645908826,,,,,,,,,,,,,,,,,,,,,,,,,0,1,dropped_only,732
1645911706,2.0,2.0,2.0,2.85339,0.0,6750000.0,598512456.0,598512484.0,598512479.0,598512484.0,598512484.0,598512484.0,598512485.0,598512488.0,598512490.0,598512536.0,29.0,24.0,34.0,80.0,5.0,0.0,75.0,0.0,1,0,recorded,733
1645914586,2.0,2.0,2.0,2.85339,0.0,6750000.0,598512485.0,598512594.0,598512593.0,598512595.0,598512595.0,598512596.0,598512598.0,598512606.0,598512522.0,598512568.0,113.0,110.0,37.0,83.0,2.0,1.0,80.0,0.0,1,0,recorded,734
1645917466,,,,,,,,,,,,,,,,,,,,,,,,,0,1,dropped_only,735
1645920346,,,,,,,,,,,,,,,,,,,,,,,,,0,1,dropped_only,736
1645923226,2.0,2.0,2.0,2.85339,0.0,6750000.0,598512585.0,598512608.0,598512599.0,598512608.0,598512608.0,598512609.0,598512609.0,598512613.0,598512618.0,598512664.0,24.0,14.0,33.0,79.0,9.0,1.0,69.0,0.0,1,0,recorded,737
1645926106,2.0,2.0,2.0,2.85339,0.0,6750000.0,598512613.0,598512710.0,598512709.0,598512711.0,598512711.0,598512712.0,598512713.0,598512721.0,598512650.0,598512696.0,100.0,97.0,37.0,83.0,2.0,1.0,80.0,0.0,1,0,recorded,738
1645928986,,,,,,,,,,,,,,,,,,,,,,,,,0,1,dropped_only,739
1645931866,2.0,2.0,2.0,2.85339,0.0,6750000.0,598512675.0,598512723.0,598512713.0,598512724.0,598512724.0,598512724.0,598512725.0,598512727.0,598512714.0,598512760.0,50.0,39.0,39.0,85.0,11.0,0.0,74.0,0.0,1,0,recorded,740
1645936186,2.0,2.0,2.0,2.85339,0.0,6750000.0,598512728.0,598512834.0,598512833.0,598512834.0,598512834.0,598512835.0,598512835.0,598512846.0,598512762.0,598512808.0,107.0,105.0,34.0,80.0,1.0,1.0,78.0,0.0,1,0,recorded,741
1645939066,,,,,,,,,,,,,,,,,,,,,,,,,0,1,dropped_only,742
1645941946,,,,,,,,,,,,,,,,,,,,,,,,,0,1,dropped_only,743
1645944826,2.0,2.0,2.0,2.85339,0.0,6750000.0,598512823.0,598512848.0,598512839.0,598512848.0,598512848.0,598512849.0,598512849.0,598512852.0,598512858.0,598512904.0,26.0,16.0,35.0,81.0,9.0,1.0,71.0,0.0,1,0,recorded,744
1645947706,2.0,2.0,2.0,2.85339,0.0,6750000.0,598512853.0,598512951.0,598512951.0,598512951.0,598512951.0,598512952.0,598512953.0,598512964.0,598512890.0,598512936.0,100.0,99.0,37.0,83.0,0.0,1.0,82.0,0.0,1,0,recorded,745
1645950586,,,,,,,,,,,,,,,,,,,,,,,,,0,1,dropped_only,746
1645953466,2.0,2.0,2.0,2.85339,0.0,6750000.0,598512920.0,598512965.0,598512953.0,598512966.0,598512966.0,598512966.0,598512966.0,598512970.0,598512954.0,598513000.0,46.0,33.0,34.0,80.0,13.0,0.0,67.0,0.0,1,0,recorded,747
1645956346,2.0,2.0,2.0,2.85339,0.0,6750000.0,598512947.0,598513071.0,598513071.0,598513071.0,598513071.0,598513072.0,598513073.0,598513081.0,598512986.0,598513032.0,126.0,125.0,39.0,85.0,0.0,1.0,84.0,0.0,1,0,recorded,748
1645959226,,,,,,,,,,,,,,,,,,,,,,,,,0,1,dropped_only,749
1645962106,,,,,,,,,,,,,,,,,,,,,,,,,0,1,dropped_only,750
1645964986,2.0,2.0,2.0,2.85339,0.0,6750000.0,598513051.0,598513083.0,598513074.0,598513083.0,598513083.0,598513084.0,598513084.0,598513086.0,598513082.0,598513128.0,33.0,23.0,31.0,77.0,9.0,1.0,67.0,0.0,1,0,recorded,751
1645967866,2.0,2.0,2.0,2.85339,0.0,6750000.0,598513078.0,598513191.0,598513191.0,598513192.0,598513192.0,598513192.0,598513193.0,598513204.0,598513114.0,598513160.0,115.0,114.0,36.0,82.0,1.0,0.0,81.0,0.0,1,0,recorded,752
1645972186,,,,,,,,,,,,,,,,,,,,,,,,,0,1,dropped_only,753
1645975066,2.0,2.0,2.0,2.85339,0.0,6750000.0,598513164.0,598513206.0,598513194.0,598513206.0,598513206.0,598513206.0,598513207.0,598513211.0,598513194.0,598513240.0,43.0,31.0,30.0,76.0,12.0,0.0,64.0,0.0,1,0,recorded,754
1645977946,2.0,2.0,2.0,2.85339,0.0,6750000.0,598513189.0,598513309.0,598513308.0,598513309.0,598513309.0,598513310.0,598513310.0,598513320.0,598513226.0,598513272.0,121.0,119.0,37.0,83.0,1.0,1.0,81.0,0.0,1,0,recorded,755
1645980826,,,,,,,,,,,,,,,,,,,,,,,,,0,1,dropped_only,756
1645983796,,,,,,,,,,,,,,,,,,,,,,,,,0,1,dropped_only,757
1645986586,2.0,2.0,2.0,2.85339,0.0,6750000.0,598513284.0,598513321.0,598513314.0,598513322.0,598513322.0,598513322.0,598513322.0,598513325.0,598513322.0,598513368.0,38.0,30.0,38.0,84.0,8.0,0.0,76.0,0.0,1,0,recorded,758
1645989466,2.0,2.0,2.0,2.85339,0.0,6750000.0,598513324.0,598513426.0,598513425.0,598513426.0,598513426.0,598513427.0,598513427.0,598513438.0,598513354.0,598513400.0,103.0,101.0,30.0,76.0,1.0,1.0,74.0,0.0,1,0,recorded,759
1645992346,,,,,,,,,,,,,,,,,,,,,,,,,0,1,dropped_only,760
1645995226,,,,,,,,,,,,,,,,,,,,,,,,,0,1,dropped_only,761
1645998106,2.0,2.0,2.0,2.85339,0.0,6750000.0,598513417.0,598513441.0,598513428.0,598513441.0,598513441.0,598513442.0,598513442.0,598513444.0,598513450.0,598513496.0,25.0,11.0,33.0,79.0,13.0,1.0,65.0,0.0,1,0,recorded,762
1646000986,2.0,2.0,2.0,2.85339,0.0,6750000.0,598513447.0,598513540.0,598513539.0,598513540.0,598513540.0,598513541.0,598513542.0,598513552.0,598513482.0,598513528.0,95.0,93.0,35.0,81.0,1.0,1.0,79.0,0.0,1,0,recorded,763
1646003866,,,,,,,,,,,,,,,,,,,,,,,,,0,1,dropped_only,764
1646006746,2.0,2.0,2.0,2.85339,0.0,6750000.0,598513509.0,598513553.0,598513543.0,598513553.0,598513553.0,598513554.0,598513554.0,598513558.0,598513546.0,598513592.0,45.0,34.0,37.0,83.0,10.0,1.0,72.0,0.0,1,0,recorded,765
1646011066,2.0,2.0,2.0,2.85339,0.0,6750000.0,598513558.0,598513649.0,598513649.0,598513649.0,598513650.0,598513650.0,598513651.0,598513660.0,598513594.0,598513640.0,93.0,93.0,36.0,82.0,0.0,0.0,82.0,0.0,1,0,recorded,766
1646013946,,,,,,,,,,,,,,,,,,,,,,,,,0,1,dropped_only,767
1646016826,2.0,2.0,2.0,2.85339,0.0,6750000.0,598513619.0,598513661.0,598513653.0,598513661.0,598513661.0,598513662.0,598513662.0,598513664.0,598513658.0,598513704.0,43.0,34.0,39.0,85.0,8.0,1.0,76.0,0.0,1,0,recorded,768
1646019706,2.0,2.0,2.0,3.66211,0.0,6750000.0,598513654.0,598513770.0,598513770.0,598513770.0,598513770.0,598513771.0,598513772.0,598513783.0,598513690.0,598513736.0,118.0,117.0,36.0,82.0,0.0,1.0,81.0,0.0,1,0,recorded,769
1646022586,,,,,,,,,,,,,,,,,,,,,,,,,0,1,dropped_only,770
1646025466,,,,,,,,,,,,,,,,,,,,,,,,,0,1,dropped_only,771
1646028346,2.0,2.0,2.0,3.66211,0.0,6750000.0,598513749.0,598513785.0,598513774.0,598513785.0,598513785.0,598513785.0,598513786.0,598513788.0,598513786.0,598513832.0,37.0,26.0,37.0,83.0,11.0,0.0,72.0,0.0,1,0,recorded,772
1646031226,2.0,2.0,2.0,3.66211,0.0,6750000.0,598513783.0,598513885.0,598513885.0,598513885.0,598513885.0,598513886.0,598513887.0,598513898.0,598513818.0,598513864.0,104.0,103.0,35.0,81.0,0.0,1.0,80.0,0.0,1,0,recorded,773
1646034106,,,,,,,,,,,,,,,,,,,,,,,,,0,1,dropped_only,774
1646036986,,,,,,,,,,,,,,,,,,,,,,,,,0,1,dropped_only,775
1646039866,2.0,2.0,2.0,3.66211,0.0,6750000.0,598513876.0,598513900.0,598513889.0,598513900.0,598513900.0,598513900.0,598513901.0,598513903.0,598513914.0,598513960.0,25.0,14.0,38.0,84.0,11.0,0.0,73.0,0.0,1,0,recorded,776
1646044186,2.0,2.0,2.0,3.66211,0.0,6750000.0,598513926.0,598514004.0,598514004.0,598514004.0,598514004.0,598514005.0,598514005.0,598514016.0,598513962.0,598514008.0,79.0,78.0,36.0,82.0,0.0,1.0,81.0,0.0,1,0,recorded,777
1646047066,,,,,,,,,,,,,,,,,,,,,,,,,0,1,dropped_only,778
1646049946,2.0,2.0,2.0,3.66211,0.0,6750000.0,598513993.0,598514018.0,598514007.0,598514018.0,598514018.0,598514019.0,598514019.0,598514023.0,598514026.0,598514072.0,26.0,14.0,33.0,79.0,11.0,1.0,67.0,0.0,1,0,recorded,779
1646052826,2.0,2.0,2.0,3.66211,0.0,6750000.0,598514020.0,598514117.0,598514116.0,598514117.0,598514117.0,598514118.0,598514119.0,598514126.0,598514058.0,598514104.0,99.0,97.0,38.0,84.0,1.0,1.0,82.0,0.0,1,0,recorded,780
1646055706,,,,,,,,,,,,,,,,,,,,,,,,,0,1,dropped_only,781
1646058586,2.0,2.0,2.0,3.66211,0.0,6736870.0,598514083.0,598514127.0,598514119.0,598514128.0,598514128.0,598514128.0,598514128.0,598514131.0,598514122.0,598514168.0,45.0,36.0,39.0,85.0,9.0,0.0,76.0,0.0,1,0,recorded,782
1646061466,2.0,2.0,2.0,3.66211,0.0,6736870.0,598514120.0,598514230.0,598514229.0,598514230.0,598514230.0,598514231.0,598514232.0,598514242.0,598514154.0,598514200.0,112.0,110.0,34.0,80.0,1.0,1.0,78.0,0.0,1,0,recorded,783
1646064346,,,,,,,,,,,,,,,,,,,,,,,,,0,1,dropped_only,784
1646067226,,,,,,,,,,,,,,,,,,,,,,,,,0,1,dropped_only,785
1646070106,2.0,2.0,2.0,3.66211,0.0,6736870.0,598514217.0,598514244.0,598514234.0,598514244.0,598514244.0,598514245.0,598514245.0,598514248.0,598514250.0,598514296.0,28.0,17.0,33.0,79.0,10.0,1.0,68.0,0.0,1,0,recorded,786
1646072986,2.0,2.0,2.0,3.66211,0.0,6736870.0,598514247.0,598514346.0,598514346.0,598514346.0,598514346.0,598514347.0,598514347.0,598514357.0,598514282.0,598514328.0,100.0,99.0,35.0,81.0,0.0,1.0,80.0,0.0,1,0,recorded,787
1646075866,,,,,,,,,,,,,,,,,,,,,,,,,0,1,dropped_only,788
1646080186,2.0,2.0,2.0,3.66211,0.0,6736870.0,598514326.0,598514358.0,598514350.0,598514359.0,598514359.0,598514359.0,598514359.0,598514363.0,598514362.0,598514408.0,33.0,24.0,36.0,82.0,9.0,0.0,73.0,0.0,1,0,recorded,789
1646083066,2.0,2.0,2.0,3.66211,0.0,6736870.0,598514357.0,598514463.0,598514462.0,598514463.0,598514463.0,598514464.0,598514464.0,598514475.0,598514394.0,598514440.0,107.0,105.0,37.0,83.0,1.0,1.0,81.0,0.0,1,0,recorded,790
1646085946,,,,,,,,,,,,,,,,,,,,,,,,,0,1,dropped_only,791
1646088826,,,,,,,,,,,,,,,,,,,,,,,,,0,1,dropped_only,792
1646091706,2.0,2.0,2.0,3.12805,0.0,6736870.0,598514455.0,598514477.0,598514467.0,598514477.0,598514477.0,598514478.0,598514478.0,598514481.0,598514490.0,598514536.0,23.0,12.0,35.0,81.0,10.0,1.0,70.0,0.0,1,0,recorded,793
1646094586,2.0,2.0,2.0,3.12805,0.0,6736870.0,598514482.0,598514577.0,598514576.0,598514577.0,598514577.0,598514578.0,598514578.0,598514586.0,598514522.0,598514568.0,96.0,94.0,40.0,86.0,1.0,1.0,84.0,0.0,1,0,recorded,794
1646097466,,,,,,,,,,,,,,,,,,,,,,,,,0,1,dropped_only,795
1646100346,2.0,2.0,2.0,3.12805,0.0,6736870.0,598514555.0,598514588.0,598514579.0,598514588.0,598514588.0,598514588.0,598514589.0,598514591.0,598514586.0,598514632.0,34.0,25.0,31.0,77.0,9.0,0.0,68.0,0.0,1,0,recorded,796
1646103226,2.0,2.0,2.0,3.12805,0.0,6736870.0,598514585.0,598514695.0,598514694.0,598514695.0,598514695.0,598514695.0,598514696.0,598514705.0,598514618.0,598514664.0,111.0,110.0,33.0,79.0,1.0,0.0,78.0,0.0,1,0,recorded,797
1646106106,,,,,,,,,,,,,,,,,,,,,,,,,0,1,dropped_only,798
1646108986,,,,,,,,,,,,,,,,,,,,,,,,,0,1,dropped_only,799
1646111866,2.0,2.0,2.0,3.12805,0.0,6736870.0,598514679.0,598514706.0,598514698.0,598514706.0,598514706.0,598514707.0,598514707.0,598514709.0,598514714.0,598514760.0,28.0,19.0,35.0,81.0,8.0,1.0,72.0,0.0,1,0,recorded,800
1646116186,2.0,2.0,2.0,3.12805,0.0,6736870.0,598514724.0,598514811.0,598514810.0,598514811.0,598514811.0,598514812.0,598514812.0,598514822.0,598514762.0,598514808.0,88.0,86.0,38.0,84.0,1.0,1.0,82.0,0.0,1,0,recorded,801
1646119066,,,,,,,,,,,,,,,,,,,,,,,,,0,1,dropped_only,802
1646121946,2.0,2.0,2.0,3.12805,0.0,6736870.0,598514793.0,598514823.0,598514814.0,598514823.0,598514823.0,598514824.0,598514824.0,598514827.0,598514826.0,598514872.0,31.0,21.0,33.0,79.0,9.0,1.0,69.0,0.0,1,0,recorded,803
1646124826,2.0,2.0,2.0,3.12805,0.0,6736870.0,598514821.0,598514936.0,598514935.0,598514936.0,598514936.0,598514937.0,598514937.0,598514948.0,598514858.0,598514904.0,116.0,114.0,37.0,83.0,1.0,1.0,81.0,0.0,1,0,recorded,804
1646127706,,,,,,,,,,,,,,,,,,,,,,,,,0,1,dropped_only,805
1646130586,,,,,,,,,,,,,,,,,,,,,,,,,0,1,dropped_only,806
1646133466,2.0,2.0,2.0,3.12805,0.0,6736870.0,598514918.0,598514949.0,598514940.0,598514950.0,598514950.0,598514950.0,598514950.0,598514954.0,598514954.0,598515000.0,32.0,22.0,36.0,82.0,10.0,0.0,72.0,0.0,1,0,recorded,807
1646136346,2.0,2.0,2.0,3.12805,0.0,6736870.0,598514951.0,598515056.0,598515056.0,598515057.0,598515057.0,598515058.0,598515058.0,598515069.0,598514986.0,598515032.0,107.0,105.0,35.0,81.0,1.0,1.0,79.0,0.0,1,0,recorded,808
1646139226,,,,,,,,,,,,,,,,,,,,,,,,,0,1,dropped_only,809
1646142106,,,,,,,,,,,,,,,,,,,,,,,,,0,1,dropped_only,810
1646144986,2.0,2.0,2.0,3.05176,0.0,6750000.0,598515053.0,598515071.0,598515060.0,598515071.0,598515071.0,598515071.0,598515071.0,598515075.0,598515082.0,598515128.0,18.0,7.0,29.0,75.0,11.0,0.0,64.0,0.0,1,0,recorded,811
1646147866,2.0,2.0,2.0,3.05176,0.0,6750000.0,598515074.0,598515181.0,598515180.0,598515181.0,598515181.0,598515182.0,598515183.0,598515190.0,598515114.0,598515160.0,109.0,107.0,40.0,86.0,1.0,1.0,84.0,0.0,1,0,recorded,812
1646152186,,,,,,,,,,,,,,,,,,,,,,,,,0,1,dropped_only,813
1646155066,2.0,2.0,2.0,3.05176,0.0,6750000.0,598515159.0,598515191.0,598515182.0,598515191.0,598515192.0,598515192.0,598515192.0,598515196.0,598515194.0,598515240.0,33.0,24.0,35.0,81.0,9.0,0.0,72.0,0.0,1,0,recorded,814
1646157946,2.0,2.0,2.0,3.05176,0.0,6750000.0,598515187.0,598515300.0,598515300.0,598515301.0,598515301.0,598515301.0,598515302.0,598515310.0,598515226.0,598515272.0,115.0,114.0,39.0,85.0,1.0,0.0,84.0,0.0,1,0,recorded,815
1646160826,,,,,,,,,,,,,,,,,,,,,,,,,0,1,dropped_only,816
1646163706,,,,,,,,,,,,,,,,,,,,,,,,,0,1,dropped_only,817
1646166586,2.0,2.0,2.0,3.05176,0.0,6750000.0,598515285.0,598515312.0,598515305.0,598515312.0,598515312.0,598515313.0,598515313.0,598515315.0,598515322.0,598515368.0,28.0,20.0,37.0,83.0,7.0,1.0,75.0,0.0,1,0,recorded,818
1646169466,2.0,2.0,2.0,3.05176,0.0,6750000.0,598515321.0,598515417.0,598515417.0,598515417.0,598515417.0,598515418.0,598515419.0,598515428.0,598515354.0,598515400.0,98.0,97.0,33.0,79.0,0.0,1.0,78.0,0.0,1,0,recorded,819
1646172346,,,,,,,,,,,,,,,,,,,,,,,,,0,1,dropped_only,820
1646175226,2.0,2.0,2.0,3.05176,0.0,6750000.0,598515384.0,598515430.0,598515419.0,598515430.0,598515430.0,598515430.0,598515430.0,598515434.0,598515418.0,598515464.0,46.0,35.0,34.0,80.0,11.0,0.0,69.0,0.0,1,0,recorded,821
1646178106,2.0,2.0,2.0,3.05176,0.0,6750000.0,598515418.0,598515528.0,598515528.0,598515528.0,598515528.0,598515529.0,598515529.0,598515538.0,598515450.0,598515496.0,111.0,110.0,32.0,78.0,0.0,1.0,77.0,0.0,1,0,recorded,822
1646180986,,,,,,,,,,,,,,,,,,,,,,,,,0,1,dropped_only,823
1646183866,2.0,2.0,2.0,3.05176,0.0,6750000.0,598515477.0,598515539.0,598515529.0,598515539.0,598515539.0,598515540.0,598515540.0,598515543.0,598515514.0,598515560.0,63.0,52.0,37.0,83.0,10.0,1.0,72.0,0.0,1,0,recorded,824
1646188186,2.0,2.0,2.0,3.05176,0.0,6750000.0,598515530.0,598515645.0,598515645.0,598515645.0,598515646.0,598515646.0,598515647.0,598515659.0,598515562.0,598515608.0,117.0,117.0,32.0,78.0,0.0,0.0,78.0,0.0,1,0,recorded,825
1646191066,,,,,,,,,,,,,,,,,,,,,,,,,0,1,dropped_only,826
1646193946,,,,,,,,,,,,,,,,,,,,,,,,,0,1,dropped_only,827
1646196826,2.0,2.0,2.0,3.05176,0.0,6750000.0,598515625.0,598515661.0,598515649.0,598515661.0,598515661.0,598515661.0,598515662.0,598515665.0,598515658.0,598515704.0,37.0,25.0,33.0,79.0,12.0,0.0,67.0,0.0,1,0,recorded,828
1646199706,2.0,2.0,2.0,3.05176,0.0,6750000.0,598515654.0,598515761.0,598515760.0,598515761.0,598515761.0,598515762.0,598515763.0,598515771.0,598515690.0,598515736.0,109.0,107.0,36.0,82.0,1.0,1.0,80.0,0.0,1,0,recorded,829
1646202586,,,,,,,,,,,,,,,,,,,,,,,,,0,1,dropped_only,830
1646205466,,,,,,,,,,,,,,,,,,,,,,,,,0,1,dropped_only,831
1646208346,2.0,2.0,2.0,3.05176,0.0,6750000.0,598515751.0,598515773.0,598515764.0,598515773.0,598515773.0,598515773.0,598515774.0,598515777.0,598515786.0,598515832.0,23.0,14.0,35.0,81.0,9.0,0.0,72.0,0.0,1,0,recorded,832
1646211226,2.0,2.0,2.0,3.05176,0.0,6750000.0,598515790.0,598515876.0,598515875.0,598515876.0,598515876.0,598515877.0,598515878.0,598515888.0,598515818.0,598515864.0,88.0,86.0,28.0,74.0,1.0,1.0,72.0,0.0,1,0,recorded,833
1646214106,,,,,,,,,,,,,,,,,,,,,,,,,0,1,dropped_only,834
1646216986,2.0,2.0,2.0,3.05176,0.0,6750000.0,598515848.0,598515889.0,598515878.0,598515890.0,598515890.0,598515890.0,598515890.0,598515893.0,598515882.0,598515928.0,42.0,30.0,34.0,80.0,12.0,0.0,68.0,0.0,1,0,recorded,835
1646219866,2.0,2.0,2.0,3.05176,0.0,6750000.0,598515881.0,598515988.0,598515988.0,598515989.0,598515989.0,598515990.0,598515990.0,598516001.0,598515914.0,598515960.0,109.0,107.0,33.0,79.0,1.0,1.0,77.0,0.0,1,0,recorded,836
1646224186,,,,,,,,,,,,,,,,,,,,,,,,,0,1,dropped_only,837
1646227066,2.0,2.0,2.0,3.09753,0.0,6750000.0,598515958.0,598516003.0,598515992.0,598516003.0,598516003.0,598516003.0,598516003.0,598516006.0,598515994.0,598516040.0,45.0,34.0,36.0,82.0,11.0,0.0,71.0,0.0,1,0,recorded,838
1646229946,2.0,2.0,2.0,3.09753,0.0,6750000.0,598515993.0,598516109.0,598516109.0,598516109.0,598516110.0,598516110.0,598516111.0,598516122.0,598516026.0,598516072.0,118.0,118.0,33.0,79.0,0.0,0.0,79.0,0.0,1,0,recorded,839
1646232826,,,,,,,,,,,,,,,,,,,,,,,,,0,1,dropped_only,840
1646235706,,,,,,,,,,,,,,,,,,,,,,,,,0,1,dropped_only,841
1646238586,2.0,2.0,2.0,3.09753,0.0,6750000.0,598516087.0,598516123.0,598516114.0,598516123.0,598516124.0,598516124.0,598516124.0,598516127.0,598516122.0,598516168.0,37.0,28.0,35.0,81.0,9.0,0.0,72.0,0.0,1,0,recorded,842
1646241466,2.0,2.0,2.0,3.09753,0.0,6750000.0,598516118.0,598516220.0,598516220.0,598516220.0,598516220.0,598516221.0,598516222.0,598516232.0,598516154.0,598516200.0,104.0,103.0,36.0,82.0,0.0,1.0,81.0,0.0,1,0,recorded,843
1646244346,,,,,,,,,,,,,,,,,,,,,,,,,0,1,dropped_only,844
1646247226,,,,,,,,,,,,,,,,,,,,,,,,,0,1,dropped_only,845
1646250106,2.0,2.0,2.0,3.09753,0.0,6750000.0,598516215.0,598516234.0,598516223.0,598516234.0,598516235.0,598516235.0,598516235.0,598516237.0,598516250.0,598516296.0,20.0,9.0,35.0,81.0,11.0,0.0,70.0,0.0,1,0,recorded,846
1646252986,2.0,2.0,2.0,3.09753,0.0,6750000.0,598516247.0,598516336.0,598516336.0,598516336.0,598516336.0,598516337.0,598516337.0,598516345.0,598516282.0,598516328.0,90.0,89.0,35.0,81.0,0.0,1.0,80.0,0.0,1,0,recorded,847
1646257306,,,,,,,,,,,,,,,,,,,,,,,,,0,1,dropped_only,848
1646260186,2.0,2.0,2.0,3.09753,0.0,6750000.0,598516329.0,598516347.0,598516339.0,598516347.0,598516347.0,598516347.0,598516348.0,598516351.0,598516362.0,598516408.0,19.0,11.0,33.0,79.0,8.0,0.0,71.0,0.0,1,0,recorded,849
1646263066,2.0,2.0,2.0,3.09753,0.0,6750000.0,598516360.0,598516454.0,598516453.0,598516454.0,598516454.0,598516455.0,598516455.0,598516466.0,598516394.0,598516440.0,95.0,93.0,34.0,80.0,1.0,1.0,78.0,0.0,1,0,recorded,850
1646265946,,,,,,,,,,,,,,,,,,,,,,,,,0,1,dropped_only,851
1646268826,2.0,2.0,2.0,3.09753,0.0,6750000.0,598516422.0,598516468.0,598516456.0,598516468.0,598516468.0,598516468.0,598516469.0,598516472.0,598516458.0,598516504.0,47.0,35.0,36.0,82.0,12.0,0.0,70.0,0.0,1,0,recorded,852
1646271706,2.0,2.0,2.0,3.09753,0.0,6750000.0,598516452.0,598516576.0,598516575.0,598516576.0,598516576.0,598516577.0,598516578.0,598516585.0,598516490.0,598516536.0,126.0,124.0,38.0,84.0,1.0,1.0,82.0,0.0,1,0,recorded,853
1646274586,,,,,,,,,,,,,,,,,,,,,,,,,0,1,dropped_only,854
1646277466,,,,,,,,,,,,,,,,,,,,,,,,,0,1,dropped_only,855
1646280346,2.0,2.0,2.0,3.09753,0.0,6750000.0,598516554.0,598516588.0,598516579.0,598516588.0,598516588.0,598516588.0,598516588.0,598516591.0,598516586.0,598516632.0,34.0,25.0,32.0,78.0,9.0,0.0,69.0,0.0,1,0,recorded,856
1646283226,2.0,2.0,2.0,3.09753,0.0,6750000.0,598516581.0,598516688.0,598516687.0,598516689.0,598516689.0,598516690.0,598516690.0,598516700.0,598516618.0,598516664.0,109.0,106.0,37.0,83.0,2.0,1.0,80.0,0.0,1,0,recorded,857
1646286106,,,,,,,,,,,,,,,,,,,,,,,,,0,1,dropped_only,858
1646288986,2.0,2.0,2.0,3.09753,0.0,6750000.0,598516653.0,598516701.0,598516691.0,598516701.0,598516702.0,598516702.0,598516702.0,598516706.0,598516682.0,598516728.0,49.0,39.0,29.0,75.0,10.0,0.0,65.0,0.0,1,0,recorded,859
1646293306,2.0,2.0,2.0,3.09753,0.0,6750000.0,598516695.0,598516811.0,598516811.0,598516811.0,598516812.0,598516812.0,598516813.0,598516824.0,598516730.0,598516776.0,118.0,118.0,35.0,81.0,0.0,0.0,81.0,0.0,1,0,recorded,860
1646296186,,,,,,,,,,,,,,,,,,,,,,,,,0,1,dropped_only,861
1646299066,,,,,,,,,,,,,,,,,,,,,,,,,0,1,dropped_only,862
1646301946,2.0,2.0,2.0,3.09753,0.0,6750000.0,598516790.0,598516825.0,598516814.0,598516826.0,598516826.0,598516826.0,598516826.0,598516830.0,598516826.0,598516872.0,36.0,24.0,36.0,82.0,12.0,0.0,70.0,0.0,1,0,recorded,863
1646304826,2.0,2.0,2.0,3.09753,0.0,6750000.0,598516821.0,598516929.0,598516928.0,598516929.0,598516929.0,598516929.0,598516930.0,598516940.0,598516858.0,598516904.0,109.0,108.0,37.0,83.0,1.0,0.0,82.0,0.0,1,0,recorded,864
1646307706,,,,,,,,,,,,,,,,,,,,,,,,,0,1,dropped_only,865
1646310586,,,,,,,,,,,,,,,,,,,,,,,,,0,1,dropped_only,866
1646313466,2.0,2.0,2.0,3.09753,0.0,6750000.0,598516915.0,598516941.0,598516934.0,598516942.0,598516942.0,598516942.0,598516942.0,598516944.0,598516954.0,598517000.0,27.0,19.0,39.0,85.0,8.0,0.0,77.0,0.0,1,0,recorded,867
1646316346,2.0,2.0,2.0,3.09753,0.0,6750000.0,598516948.0,598517049.0,598517048.0,598517050.0,598517050.0,598517051.0,598517052.0,598517063.0,598516986.0,598517032.0,104.0,101.0,38.0,84.0,2.0,1.0,81.0,0.0,1,0,recorded,868
1646319226,,,,,,,,,,,,,,,,,,,,,,,,,0,1,dropped_only,869
1646322106,2.0,2.0,2.0,3.09753,0.0,6750000.0,598517017.0,598517064.0,598517055.0,598517065.0,598517065.0,598517065.0,598517065.0,598517069.0,598517050.0,598517096.0,48.0,38.0,33.0,79.0,10.0,0.0,69.0,0.0,1,0,recorded,870
1646324986,2.0,2.0,2.0,2.28882,0.0,6750000.0,598517054.0,598517165.0,598517165.0,598517165.0,598517165.0,598517166.0,598517166.0,598517174.0,598517082.0,598517128.0,112.0,111.0,28.0,74.0,0.0,1.0,73.0,0.0,1,0,recorded,871
1646329306,,,,,,,,,,,,,,,,,,,,,,,,,0,1,dropped_only,872
1646332186,,,,,,,,,,,,,,,,,,,,,,,,,0,1,dropped_only,873
1646335066,2.0,2.0,2.0,2.28882,0.0,6750000.0,598517158.0,598517176.0,598517171.0,598517176.0,598517176.0,598517176.0,598517177.0,598517179.0,598517194.0,598517240.0,19.0,14.0,36.0,82.0,5.0,0.0,77.0,0.0,1,0,recorded,874
1646337946,2.0,2.0,2.0,2.28882,0.0,6750000.0,598517187.0,598517289.0,598517289.0,598517289.0,598517290.0,598517291.0,598517292.0,598517299.0,598517226.0,598517272.0,105.0,104.0,39.0,85.0,0.0,1.0,84.0,0.0,1,0,recorded,875
1646340826,,,,,,,,,,,,,,,,,,,,,,,,,0,1,dropped_only,876
1646343706,2.0,2.0,2.0,2.28882,0.0,6750000.0,598517257.0,598517301.0,598517294.0,598517301.0,598517301.0,598517301.0,598517301.0,598517304.0,598517290.0,598517336.0,44.0,37.0,33.0,79.0,7.0,0.0,72.0,0.0,1,0,recorded,877
1646346586,2.0,2.0,2.0,2.28882,0.0,6750000.0,598517295.0,598517405.0,598517405.0,598517405.0,598517406.0,598517406.0,598517407.0,598517416.0,598517322.0,598517368.0,112.0,112.0,27.0,73.0,0.0,0.0,73.0,0.0,1,0,recorded,878
1646349466,,,,,,,,,,,,,,,,,,,,,,,,,0,1,dropped_only,879
1646352346,,,,,,,,,,,,,,,,,,,,,,,,,0,1,dropped_only,880
1646355226,2.0,2.0,2.0,2.28882,0.0,6750000.0,598517385.0,598517419.0,598517408.0,598517419.0,598517419.0,598517419.0,598517420.0,598517423.0,598517418.0,598517464.0,35.0,24.0,33.0,79.0,11.0,0.0,68.0,0.0,1,0,recorded,881
1646358106,2.0,2.0,2.0,2.28882,0.0,6750000.0,598517416.0,598517521.0,598517520.0,598517521.0,598517521.0,598517522.0,598517523.0,598517530.0,598517450.0,598517496.0,107.0,105.0,34.0,80.0,1.0,1.0,78.0,0.0,1,0,recorded,882
1646360986,,,,,,,,,,,,,,,,,,,,,,,,,0,1,dropped_only,883
1646365306,2.0,2.0,2.0,2.28882,0.0,6750000.0,598517491.0,598517532.0,598517523.0,598517532.0,598517532.0,598517533.0,598517533.0,598517536.0,598517530.0,598517576.0,42.0,32.0,39.0,85.0,9.0,1.0,75.0,0.0,1,0,recorded,884
1646368546,2.0,2.0,2.0,2.28882,0.0,6750000.0,598517536.0,598517638.0,598517638.0,598517638.0,598517639.0,598517639.0,598517640.0,598517650.0,598517566.0,598517612.0,104.0,104.0,30.0,76.0,0.0,0.0,76.0,0.0,1,0,recorded,885
1646371156,,,,,,,,,,,,,,,,,,,,,,,,,0,1,dropped_only,886
1646374036,,,,,,,,,,,,,,,,,,,,,,,,,0,1,dropped_only,887
1646376916,2.0,2.0,2.0,2.28882,0.0,6750000.0,598517623.0,598517652.0,598517643.0,598517652.0,598517652.0,598517653.0,598517653.0,598517656.0,598517659.0,598517705.0,30.0,20.0,36.0,82.0,9.0,1.0,72.0,0.0,1,0,recorded,888
1646379706,2.0,2.0,2.0,2.28882,0.0,6750000.0,598517659.0,598517754.0,598517754.0,598517754.0,598517754.0,598517755.0,598517755.0,598517763.0,598517690.0,598517736.0,96.0,95.0,31.0,77.0,0.0,1.0,76.0,0.0,1,0,recorded,889
1646382586,,,,,,,,,,,,,,,,,,,,,,,,,0,1,dropped_only,890
1646385466,,,,,,,,,,,,,,,,,,,,,,,,,0,1,dropped_only,891
1646388346,2.0,2.0,2.0,2.28882,0.0,6750000.0,598517747.0,598517768.0,598517759.0,598517764.0,598517764.0,598517765.0,598517765.0,598517767.0,598517786.0,598517832.0,18.0,12.0,39.0,85.0,5.0,1.0,79.0,0.0,1,0,recorded,892
1646391226,2.0,2.0,2.0,2.28882,0.0,6750000.0,598517782.0,598517870.0,598517869.0,598517870.0,598517870.0,598517871.0,598517871.0,598517882.0,598517818.0,598517864.0,89.0,87.0,36.0,82.0,1.0,1.0,80.0,0.0,1,0,recorded,893
1646394106,,,,,,,,,,,,,,,,,,,,,,,,,0,1,dropped_only,894
1646397076,2.0,2.0,2.0,2.28882,0.0,6750000.0,598517844.0,598517884.0,598517871.0,598517884.0,598517884.0,598517884.0,598517885.0,598517886.0,598517883.0,598517929.0,41.0,28.0,39.0,85.0,13.0,0.0,72.0,0.0,1,0,recorded,895
1646401306,2.0,2.0,2.0,2.28882,0.0,6750000.0,598517895.0,598517991.0,598517991.0,598517991.0,598517992.0,598517992.0,598517993.0,598518004.0,598517930.0,598517976.0,98.0,98.0,35.0,81.0,0.0,0.0,81.0,0.0,1,0,recorded,896
1646404186,,,,,,,,,,,,,,,,,,,,,,,,,0,1,dropped_only,897
1646407066,2.0,2.0,2.0,2.28882,0.0,6750000.0,598517955.0,598518006.0,598517995.0,598518007.0,598518007.0,598518007.0,598518008.0,598518009.0,598517994.0,598518040.0,53.0,41.0,39.0,85.0,12.0,0.0,73.0,0.0,1,0,recorded,898
1646409946,2.0,2.0,2.0,2.65503,0.0,6750000.0,598517995.0,598518107.0,598518107.0,598518107.0,598518107.0,598518108.0,598518109.0,598518120.0,598518026.0,598518072.0,114.0,113.0,31.0,77.0,0.0,1.0,76.0,0.0,1,0,recorded,899
1646412826,,,,,,,,,,,,,,,,,,,,,,,,,0,1,dropped_only,900
1646415796,,,,,,,,,,,,,,,,,,,,,,,,,0,1,dropped_only,901
1646418586,2.0,2.0,2.0,2.65503,0.0,6750000.0,598518085.0,598518123.0,598518109.0,598518123.0,598518123.0,598518123.0,598518123.0,598518125.0,598518122.0,598518168.0,38.0,24.0,37.0,83.0,14.0,0.0,69.0,0.0,1,0,recorded,902
1646421466,2.0,2.0,2.0,2.65503,0.0,6750000.0,598518123.0,598518230.0,598518229.0,598518230.0,598518230.0,598518231.0,598518231.0,598518243.0,598518154.0,598518200.0,108.0,106.0,31.0,77.0,1.0,1.0,75.0,0.0,1,0,recorded,903
1646424346,,,,,,,,,,,,,,,,,,,,,,,,,0,1,dropped_only,904
1646427226,,,,,,,,,,,,,,,,,,,,,,,,,0,1,dropped_only,905
1646430106,2.0,2.0,2.0,2.65503,0.0,6750000.0,598518212.0,598518244.0,598518233.0,598518244.0,598518244.0,598518245.0,598518245.0,598518247.0,598518250.0,598518296.0,33.0,21.0,38.0,84.0,11.0,1.0,72.0,0.0,1,0,recorded,906
1646432986,2.0,2.0,2.0,2.65503,0.0,6750000.0,598518250.0,598518345.0,598518345.0,598518345.0,598518346.0,598518346.0,598518347.0,598518358.0,598518282.0,598518328.0,97.0,97.0,32.0,78.0,0.0,0.0,78.0,0.0,1,0,recorded,907
1646437306,,,,,,,,,,,,,,,,,,,,,,,,,0,1,dropped_only,908
1646440186,2.0,2.0,2.0,2.65503,0.0,6750000.0,598518329.0,598518360.0,598518348.0,598518361.0,598518361.0,598518361.0,598518361.0,598518365.0,598518362.0,598518408.0,32.0,19.0,33.0,79.0,13.0,0.0,66.0,0.0,1,0,recorded,909
1646443066,2.0,2.0,2.0,2.65503,0.0,6750000.0,598518359.0,598518465.0,598518464.0,598518465.0,598518465.0,598518465.0,598518466.0,598518477.0,598518394.0,598518440.0,107.0,106.0,35.0,81.0,1.0,0.0,80.0,0.0,1,0,recorded,910
1646445946,,,,,,,,,,,,,,,,,,,,,,,,,0,1,dropped_only,911
1646448826,,,,,,,,,,,,,,,,,,,,,,,,,0,1,dropped_only,912
1646451706,2.0,2.0,2.0,2.65503,0.0,6750000.0,598518456.0,598518478.0,598518469.0,598518478.0,598518478.0,598518479.0,598518479.0,598518482.0,598518490.0,598518536.0,23.0,13.0,34.0,80.0,9.0,1.0,70.0,0.0,1,0,recorded,913
1646454586,2.0,2.0,2.0,2.65503,0.0,6750000.0,598518482.0,598518581.0,598518580.0,598518581.0,598518581.0,598518582.0,598518582.0,598518589.0,598518522.0,598518568.0,100.0,98.0,40.0,86.0,1.0,1.0,84.0,0.0,1,0,recorded,914
1646457466,,,,,,,,,,,,,,,,,,,,,,,,,0,1,dropped_only,915
1646460346,2.0,2.0,2.0,2.65503,0.0,6750000.0,598518555.0,598518591.0,598518584.0,598518591.0,598518592.0,598518592.0,598518592.0,598518595.0,598518586.0,598518632.0,37.0,30.0,31.0,77.0,7.0,0.0,70.0,0.0,1,0,recorded,916
1646463226,2.0,2.0,2.0,2.65503,0.0,6750000.0,598518582.0,598518699.0,598518699.0,598518699.0,598518699.0,598518700.0,598518700.0,598518707.0,598518618.0,598518664.0,118.0,117.0,36.0,82.0,0.0,1.0,81.0,0.0,1,0,recorded,917
1646466196,,,,,,,,,,,,,,,,,,,,,,,,,0,1,dropped_only,918
1646468986,,,,,,,,,,,,,,,,,,,,,,,,,0,1,dropped_only,919
1646471866,2.0,2.0,2.0,2.65503,0.0,6750000.0,598518680.0,598518710.0,598518702.0,598518710.0,598518710.0,598518710.0,598518710.0,598518714.0,598518714.0,598518760.0,30.0,22.0,34.0,80.0,8.0,0.0,72.0,0.0,1,0,recorded,920
1646476186,2.0,2.0,2.0,3.11279,0.0,6750000.0,598518724.0,598518813.0,598518813.0,598518813.0,598518814.0,598518814.0,598518815.0,598518823.0,598518762.0,598518808.0,91.0,91.0,38.0,84.0,0.0,0.0,84.0,0.0,1,0,recorded,921
1646479066,,,,,,,,,,,,,,,,,,,,,,,,,0,1,dropped_only,922
1646481946,2.0,2.0,2.0,3.11279,0.0,6750000.0,598518789.0,598518824.0,598518815.0,598518825.0,598518825.0,598518825.0,598518825.0,598518828.0,598518826.0,598518872.0,36.0,26.0,37.0,83.0,10.0,0.0,73.0,0.0,1,0,recorded,923
1646484826,2.0,2.0,2.0,3.11279,0.0,6750000.0,598518826.0,598518931.0,598518931.0,598518932.0,598518932.0,598518932.0,598518933.0,598518944.0,598518858.0,598518904.0,107.0,106.0,32.0,78.0,1.0,0.0,77.0,0.0,1,0,recorded,924
1646487706,,,,,,,,,,,,,,,,,,,,,,,,,0,1,dropped_only,925
1646490586,2.0,2.0,2.0,3.11279,0.0,6750000.0,598518887.0,598518946.0,598518934.0,598518946.0,598518946.0,598518946.0,598518947.0,598518950.0,598518922.0,598518968.0,60.0,48.0,35.0,81.0,12.0,0.0,69.0,0.0,1,0,recorded,926
1646493466,2.0,2.0,2.0,3.11279,0.0,6750000.0,598518927.0,598519048.0,598519047.0,598519048.0,598519049.0,598519049.0,598519050.0,598519060.0,598518954.0,598519000.0,123.0,122.0,27.0,73.0,1.0,0.0,72.0,0.0,1,0,recorded,927
1646496346,,,,,,,,,,,,,,,,,,,,,,,,,0,1,dropped_only,928
1646499226,,,,,,,,,,,,,,,,,,,,,,,,,0,1,dropped_only,929
1646502106,2.0,2.0,2.0,3.11279,0.0,6750000.0,598519018.0,598519063.0,598519052.0,598519063.0,598519063.0,598519063.0,598519064.0,598519067.0,598519050.0,598519096.0,46.0,35.0,32.0,78.0,11.0,0.0,67.0,0.0,1,0,recorded,930
1646504986,2.0,2.0,2.0,3.11279,0.0,6735830.0,598519056.0,598519164.0,598519163.0,598519164.0,598519164.0,598519165.0,598519166.0,598519176.0,598519082.0,598519128.0,110.0,108.0,26.0,72.0,1.0,1.0,70.0,0.0,1,0,recorded,931
1646509396,,,,,,,,,,,,,,,,,,,,,,,,,0,1,dropped_only,932
1646512186,2.0,2.0,2.0,3.11279,0.0,6735830.0,598519129.0,598519178.0,598519165.0,598519178.0,598519179.0,598519179.0,598519179.0,598519183.0,598519162.0,598519208.0,50.0,37.0,33.0,79.0,13.0,0.0,66.0,0.0,1,0,recorded,933
1646515066,2.0,2.0,2.0,3.11279,0.0,6735830.0,598519168.0,598519275.0,598519275.0,598519276.0,598519276.0,598519276.0,598519277.0,598519287.0,598519194.0,598519240.0,109.0,108.0,26.0,72.0,1.0,0.0,71.0,0.0,1,0,recorded,934
1646517946,,,,,,,,,,,,,,,,,,,,,,,,,0,1,dropped_only,935
1646520826,,,,,,,,,,,,,,,,,,,,,,,,,0,1,dropped_only,936
1646523706,2.0,2.0,2.0,3.11279,0.0,6735830.0,598519257.0,598519289.0,598519280.0,598519289.0,598519289.0,598519289.0,598519289.0,598519292.0,598519290.0,598519336.0,32.0,23.0,33.0,79.0,9.0,0.0,70.0,0.0,1,0,recorded,937
1646526586,2.0,2.0,2.0,3.11279,0.0,6735830.0,598519288.0,598519394.0,598519394.0,598519394.0,598519395.0,598519395.0,598519396.0,598519405.0,598519322.0,598519368.0,108.0,108.0,34.0,80.0,0.0,0.0,80.0,0.0,1,0,recorded,938
1646529466,,,,,,,,,,,,,,,,,,,,,,,,,0,1,dropped_only,939
1646532346,,,,,,,,,,,,,,,,,,,,,,,,,0,1,dropped_only,940
1646535316,2.0,2.0,2.0,3.11279,0.0,6735830.0,598519383.0,598519406.0,598519399.0,598519407.0,598519407.0,598519407.0,598519407.0,598519411.0,598519419.0,598519465.0,24.0,16.0,36.0,82.0,8.0,0.0,74.0,0.0,1,0,recorded,941
1646538106,2.0,2.0,2.0,3.11279,0.0,6735830.0,598519419.0,598519509.0,598519508.0,598519509.0,598519509.0,598519510.0,598519510.0,598519520.0,598519450.0,598519496.0,91.0,89.0,31.0,77.0,1.0,1.0,75.0,0.0,1,0,recorded,942
1646540986,,,,,,,,,,,,,,,,,,,,,,,,,0,1,dropped_only,943
1646545306,2.0,2.0,2.0,3.23486,0.0,6735830.0,598519496.0,598519522.0,598519510.0,598519522.0,598519522.0,598519523.0,598519523.0,598519526.0,598519530.0,598519576.0,27.0,14.0,34.0,80.0,12.0,1.0,67.0,0.0,1,0,recorded,944
1646548186,2.0,2.0,2.0,3.23486,0.0,6735830.0,598519525.0,598519633.0,598519633.0,598519634.0,598519634.0,598519635.0,598519635.0,598519644.0,598519562.0,598519608.0,110.0,108.0,37.0,83.0,1.0,1.0,81.0,0.0,1,0,recorded,945
1646551066,,,,,,,,,,,,,,,,,,,,,,,,,0,1,dropped_only,946
1646553946,,,,,,,,,,,,,,,,,,,,,,,,,0,1,dropped_only,947
1646556826,2.0,2.0,2.0,3.23486,0.0,6735830.0,598519620.0,598519647.0,598519636.0,598519647.0,598519647.0,598519648.0,598519648.0,598519650.0,598519658.0,598519704.0,28.0,16.0,38.0,84.0,11.0,1.0,72.0,0.0,1,0,recorded,948
1646559706,2.0,2.0,2.0,3.23486,0.0,6735830.0,598519655.0,598519746.0,598519746.0,598519747.0,598519747.0,598519748.0,598519748.0,598519758.0,598519690.0,598519736.0,93.0,91.0,35.0,81.0,1.0,1.0,79.0,0.0,1,0,recorded,949
1646562586,,,,,,,,,,,,,,,,,,,,,,,,,0,1,dropped_only,950
1646565466,2.0,2.0,2.0,3.23486,0.0,6735830.0,598519722.0,598519760.0,598519749.0,598519760.0,598519760.0,598519760.0,598519761.0,598519764.0,598519754.0,598519800.0,39.0,28.0,32.0,78.0,11.0,0.0,67.0,0.0,1,0,recorded,951
1646568346,2.0,2.0,2.0,3.23486,0.0,6735830.0,598519750.0,598519871.0,598519870.0,598519871.0,598519871.0,598519872.0,598519872.0,598519882.0,598519786.0,598519832.0,122.0,120.0,36.0,82.0,1.0,1.0,80.0,0.0,1,0,recorded,952
1646571226,,,,,,,,,,,,,,,,,,,,,,,,,0,1,dropped_only,953
1646574106,,,,,,,,,,,,,,,,,,,,,,,,,0,1,dropped_only,954
1646576986,2.0,2.0,2.0,3.23486,0.0,6735830.0,598519843.0,598519883.0,598519875.0,598519883.0,598519883.0,598519884.0,598519884.0,598519886.0,598519882.0,598519928.0,41.0,32.0,39.0,85.0,8.0,1.0,76.0,0.0,1,0,recorded,955
1646581396,2.0,2.0,2.0,3.23486,0.0,6735830.0,598519893.0,598519991.0,598519991.0,598519991.0,598519992.0,598519992.0,598519993.0,598520001.0,598519931.0,598519977.0,100.0,100.0,38.0,84.0,0.0,0.0,84.0,0.0,1,0,recorded,956
1646584186,,,,,,,,,,,,,,,,,,,,,,,,,0,1,dropped_only,957
1646587066,2.0,2.0,2.0,3.23486,0.0,6735830.0,598519960.0,598520002.0,598519993.0,598520002.0,598520003.0,598520003.0,598520004.0,598520007.0,598519994.0,598520040.0,44.0,35.0,34.0,80.0,9.0,0.0,71.0,0.0,1,0,recorded,958
1646589946,2.0,2.0,2.0,3.23486,0.0,6735830.0,598519990.0,598520112.0,598520111.0,598520112.0,598520112.0,598520113.0,598520113.0,598520122.0,598520026.0,598520072.0,123.0,121.0,36.0,82.0,1.0,1.0,80.0,0.0,1,0,recorded,959
1646592826,,,,,,,,,,,,,,,,,,,,,,,,,0,1,dropped_only,960
1646595796,,,,,,,,,,,,,,,,,,,,,,,,,0,1,dropped_only,961
1646598586,2.0,2.0,2.0,3.41797,0.0,6750000.0,598520088.0,598520124.0,598520115.0,598520124.0,598520124.0,598520124.0,598520125.0,598520127.0,598520122.0,598520168.0,37.0,28.0,34.0,80.0,9.0,0.0,71.0,0.0,1,0,recorded,962
1646601466,2.0,2.0,2.0,3.41797,0.0,6750000.0,598520120.0,598520227.0,598520227.0,598520227.0,598520227.0,598520228.0,598520229.0,598520239.0,598520154.0,598520200.0,109.0,108.0,34.0,80.0,0.0,1.0,79.0,0.0,1,0,recorded,963
1646604346,,,,,,,,,,,,,,,,,,,,,,,,,0,1,dropped_only,964
1646607226,,,,,,,,,,,,,,,,,,,,,,,,,0,1,dropped_only,965
1646610106,2.0,2.0,2.0,3.41797,0.0,6750000.0,598520213.0,598520240.0,598520229.0,598520240.0,598520240.0,598520241.0,598520241.0,598520242.0,598520250.0,598520296.0,28.0,16.0,37.0,83.0,11.0,1.0,71.0,0.0,1,0,recorded,966
1646612986,2.0,2.0,2.0,3.41797,0.0,6750000.0,598520246.0,598520348.0,598520348.0,598520348.0,598520349.0,598520349.0,598520350.0,598520358.0,598520282.0,598520328.0,104.0,104.0,36.0,82.0,0.0,0.0,82.0,0.0,1,0,recorded,967
1646617306,,,,,,,,,,,,,,,,,,,,,,,,,0,1,dropped_only,968
1646620186,2.0,2.0,2.0,3.41797,0.0,6750000.0,598520327.0,598520361.0,598520351.0,598520361.0,598520361.0,598520361.0,598520362.0,598520364.0,598520362.0,598520408.0,35.0,25.0,35.0,81.0,10.0,0.0,71.0,0.0,1,0,recorded,969
1646623066,2.0,2.0,2.0,3.41797,0.0,6750000.0,598520359.0,598520466.0,598520465.0,598520466.0,598520467.0,598520467.0,598520468.0,598520478.0,598520394.0,598520440.0,109.0,108.0,35.0,81.0,1.0,0.0,80.0,0.0,1,0,recorded,970
1646625946,,,,,,,,,,,,,,,,,,,,,,,,,0,1,dropped_only,971
1646628826,,,,,,,,,,,,,,,,,,,,,,,,,0,1,dropped_only,972
1646631796,2.0,2.0,2.0,3.41797,0.0,6750000.0,598520457.0,598520480.0,598520469.0,598520480.0,598520481.0,598520481.0,598520481.0,598520484.0,598520491.0,598520537.0,24.0,13.0,34.0,80.0,11.0,0.0,69.0,0.0,1,0,recorded,973
1646634586,2.0,2.0,2.0,3.41797,0.0,6750000.0,598520486.0,598520586.0,598520585.0,598520586.0,598520587.0,598520588.0,598520589.0,598520598.0,598520522.0,598520568.0,103.0,101.0,36.0,82.0,1.0,1.0,80.0,0.0,1,0,recorded,974
1646637466,,,,,,,,,,,,,,,,,,,,,,,,,0,1,dropped_only,975
1646640346,2.0,2.0,2.0,3.41797,0.0,6750000.0,598520549.0,598520600.0,598520591.0,598520600.0,598520600.0,598520600.0,598520601.0,598520602.0,598520586.0,598520632.0,52.0,43.0,37.0,83.0,9.0,0.0,74.0,0.0,1,0,recorded,976
1646643226,2.0,2.0,2.0,3.41797,0.0,6750000.0,598520590.0,598520709.0,598520709.0,598520710.0,598520710.0,598520710.0,598520711.0,598520719.0,598520618.0,598520664.0,121.0,120.0,28.0,74.0,1.0,0.0,73.0,0.0,1,0,recorded,977
1646646106,,,,,,,,,,,,,,,,,,,,,,,,,0,1,dropped_only,978
1646648986,2.0,2.0,2.0,3.41797,0.0,6750000.0,598520645.0,598520721.0,598520711.0,598520721.0,598520721.0,598520722.0,598520722.0,598520725.0,598520682.0,598520728.0,77.0,66.0,37.0,83.0,10.0,1.0,72.0,0.0,1,0,recorded,979
1646653306,2.0,2.0,2.0,3.41797,0.0,6750000.0,598520704.0,598520825.0,598520825.0,598520825.0,598520825.0,598520826.0,598520827.0,598520836.0,598520730.0,598520776.0,123.0,122.0,26.0,72.0,0.0,1.0,71.0,0.0,1,0,recorded,980
1646656186,,,,,,,,,,,,,,,,,,,,,,,,,0,1,dropped_only,981
1646659066,,,,,,,,,,,,,,,,,,,,,,,,,0,1,dropped_only,982
1646661946,2.0,2.0,2.0,3.41797,0.0,6750000.0,598520789.0,598520838.0,598520829.0,598520838.0,598520838.0,598520838.0,598520839.0,598520841.0,598520826.0,598520872.0,50.0,41.0,37.0,83.0,9.0,0.0,74.0,0.0,1,0,recorded,983
1646664826,2.0,2.0,2.0,3.41797,0.0,6750000.0,598520828.0,598520940.0,598520940.0,598520941.0,598520941.0,598520941.0,598520942.0,598520954.0,598520858.0,598520904.0,114.0,113.0,30.0,76.0,1.0,0.0,75.0,0.0,1,0,recorded,984
1646667706,,,,,,,,,,,,,,,,,,,,,,,,,0,1,dropped_only,985
1646670586,,,,,,,,,,,,,,,,,,,,,,,,,0,1,dropped_only,986
1646673466,2.0,2.0,2.0,3.41797,0.0,6750000.0,598520923.0,598520956.0,598520944.0,598520956.0,598520956.0,598520957.0,598520957.0,598520960.0,598520954.0,598521000.0,34.0,21.0,31.0,77.0,12.0,1.0,64.0,0.0,1,0,recorded,987
1646676346,2.0,2.0,2.0,3.41797,0.0,6750000.0,598520955.0,598521056.0,598521056.0,598521056.0,598521057.0,598521057.0,598521058.0,598521067.0,598520986.0,598521032.0,103.0,103.0,31.0,77.0,0.0,0.0,77.0,0.0,1,0,recorded,988
1646679226,,,,,,,,,,,,,,,,,,,,,,,,,0,1,dropped_only,989
1646682106,,,,,,,,,,,,,,,,,,,,,,,,,0,1,dropped_only,990
1646684986,2.0,2.0,2.0,3.41797,0.0,6750000.0,598521049.0,598521069.0,598521060.0,598521070.0,598521070.0,598521070.0,598521070.0,598521074.0,598521082.0,598521128.0,21.0,11.0,33.0,79.0,10.0,0.0,69.0,0.0,1,0,recorded,991
1646689306,2.0,2.0,2.0,3.41797,0.0,6750000.0,598521093.0,598521170.0,598521170.0,598521170.0,598521171.0,598521171.0,598521172.0,598521182.0,598521130.0,598521176.0,79.0,79.0,37.0,83.0,0.0,0.0,83.0,0.0,1,0,recorded,992
1646692186,,,,,,,,,,,,,,,,,,,,,,,,,0,1,dropped_only,993
1646695066,2.0,2.0,2.0,3.09753,0.0,6750000.0,598521161.0,598521183.0,598521173.0,598521183.0,598521183.0,598521184.0,598521184.0,598521187.0,598521194.0,598521240.0,23.0,12.0,33.0,79.0,10.0,1.0,68.0,0.0,1,0,recorded,994
1646697946,2.0,2.0,2.0,3.09753,0.0,6750000.0,598521188.0,598521292.0,598521291.0,598521292.0,598521292.0,598521292.0,598521293.0,598521296.0,598521226.0,598521272.0,105.0,104.0,38.0,84.0,1.0,0.0,83.0,0.0,1,0,recorded,995
1646700826,,,,,,,,,,,,,,,,,,,,,,,,,0,1,dropped_only,996
1646703706,2.0,2.0,2.0,3.09753,0.0,6750000.0,598521254.0,598521297.0,598521293.0,598521297.0,598521297.0,598521297.0,598521297.0,598521300.0,598521290.0,598521336.0,43.0,39.0,36.0,82.0,4.0,0.0,78.0,0.0,1,0,recorded,997
1646706586,2.0,2.0,2.0,3.09753,0.0,6750000.0,598521289.0,598521404.0,598521404.0,598521404.0,598521405.0,598521405.0,598521406.0,598521415.0,598521322.0,598521368.0,117.0,117.0,33.0,79.0,0.0,0.0,79.0,0.0,1,0,recorded,998
1646709466,,,,,,,,,,,,,,,,,,,,,,,,,0,1,dropped_only,999
1646712436,,,,,,,,,,,,,,,,,,,,,,,,,0,1,dropped_only,1000
1646715226,2.0,2.0,2.0,3.09753,0.0,6750000.0,598521382.0,598521418.0,598521407.0,598521418.0,598521418.0,598521418.0,598521418.0,598521422.0,598521418.0,598521464.0,36.0,25.0,36.0,82.0,11.0,0.0,71.0,0.0,1,0,recorded,1001
1646718196,2.0,2.0,2.0,3.09753,0.0,6750000.0,598521416.0,598521523.0,598521522.0,598521523.0,598521523.0,598521524.0,598521524.0,598521534.0,598521451.0,598521497.0,108.0,106.0,35.0,81.0,1.0,1.0,79.0,0.0,1,0,recorded,1002
1646720986,,,,,,,,,,,,,,,,,,,,,,,,,0,1,dropped_only,1003
1646725306,2.0,2.0,2.0,3.09753,0.0,6750000.0,598521497.0,598521536.0,598521525.0,598521536.0,598521536.0,598521537.0,598521537.0,598521540.0,598521530.0,598521576.0,40.0,28.0,33.0,79.0,11.0,1.0,67.0,0.0,1,0,recorded,1004
1646728186,2.0,2.0,2.0,3.09753,0.0,6750000.0,598521527.0,598521636.0,598521636.0,598521636.0,598521636.0,598521637.0,598521638.0,598521647.0,598521562.0,598521608.0,111.0,110.0,35.0,81.0,0.0,1.0,80.0,0.0,1,0,recorded,1005
1646731066,,,,,,,,,,,,,,,,,,,,,,,,,0,1,dropped_only,1006
1646733946,2.0,2.0,2.0,3.09753,0.0,6750000.0,598521591.0,598521649.0,598521639.0,598521649.0,598521649.0,598521649.0,598521650.0,598521653.0,598521626.0,598521672.0,59.0,49.0,35.0,81.0,10.0,0.0,71.0,0.0,1,0,recorded,1007
1646736826,2.0,2.0,2.0,3.09753,0.0,6750000.0,598521632.0,598521756.0,598521756.0,598521756.0,598521757.0,598521757.0,598521758.0,598521769.0,598521658.0,598521704.0,126.0,126.0,26.0,72.0,0.0,0.0,72.0,0.0,1,0,recorded,1008
1646739706,,,,,,,,,,,,,,,,,,,,,,,,,0,1,dropped_only,1009
1646742676,,,,,,,,,,,,,,,,,,,,,,,,,0,1,dropped_only,1010
1646745466,2.0,2.0,2.0,3.09753,0.0,6750000.0,598521723.0,598521772.0,598521760.0,598521772.0,598521773.0,598521773.0,598521774.0,598521776.0,598521754.0,598521800.0,51.0,39.0,31.0,77.0,12.0,0.0,65.0,0.0,1,0,recorded,1011
1646748346,2.0,2.0,2.0,3.09753,0.0,6750000.0,598521760.0,598521873.0,598521873.0,598521874.0,598521874.0,598521874.0,598521875.0,598521887.0,598521786.0,598521832.0,115.0,114.0,26.0,72.0,1.0,0.0,71.0,0.0,1,0,recorded,1012
1646751226,,,,,,,,,,,,,,,,,,,,,,,,,0,1,dropped_only,1013
1646754106,,,,,,,,,,,,,,,,,,,,,,,,,0,1,dropped_only,1014
1646756986,2.0,2.0,2.0,2.12097,0.0,6750000.0,598521860.0,598521889.0,598521876.0,598521889.0,598521889.0,598521889.0,598521889.0,598521893.0,598521882.0,598521928.0,29.0,16.0,22.0,68.0,13.0,0.0,55.0,0.0,1,0,recorded,1015
1646761306,2.0,2.0,2.0,2.12097,0.0,6750000.0,598521893.0,598522010.0,598522010.0,598522011.0,598522011.0,598522011.0,598522012.0,598522018.0,598521930.0,598521976.0,119.0,118.0,37.0,83.0,1.0,0.0,82.0,0.0,1,0,recorded,1016
1646764186,,,,,,,,,,,,,,,,,,,,,,,,,0,1,dropped_only,1017
1646767066,,,,,,,,,,,,,,,,,,,,,,,,,0,1,dropped_only,1018
1646769946,2.0,2.0,2.0,2.12097,0.0,6750000.0,598521990.0,598522019.0,598522015.0,598522019.0,598522020.0,598522020.0,598522020.0,598522024.0,598522026.0,598522072.0,30.0,26.0,36.0,82.0,4.0,0.0,78.0,0.0,1,0,recorded,1019
1646772826,2.0,2.0,2.0,2.12097,0.0,6750000.0,598522024.0,598522135.0,598522135.0,598522136.0,598522136.0,598522136.0,598522137.0,598522148.0,598522058.0,598522104.0,113.0,112.0,34.0,80.0,1.0,0.0,79.0,0.0,1,0,recorded,1020
1646775706,,,,,,,,,,,,,,,,,,,,,,,,,0,1,dropped_only,1021
1646778586,,,,,,,,,,,,,,,,,,,,,,,,,0,1,dropped_only,1022
1646781466,2.0,2.0,2.0,2.12097,0.0,6750000.0,598522129.0,598522149.0,598522137.0,598522149.0,598522149.0,598522149.0,598522149.0,598522154.0,598522154.0,598522200.0,20.0,8.0,25.0,71.0,12.0,0.0,59.0,0.0,1,0,recorded,1023
1646784346,2.0,2.0,2.0,2.12097,0.0,6750000.0,598522150.0,598522258.0,598522258.0,598522258.0,598522258.0,598522259.0,598522259.0,598522267.0,598522186.0,598522232.0,109.0,108.0,36.0,82.0,0.0,1.0,81.0,0.0,1,0,recorded,1024
1646787226,,,,,,,,,,,,,,,,,,,,,,,,,0,1,dropped_only,1025
1646790106,,,,,,,,,,,,,,,,,,,,,,,,,0,1,dropped_only,1026
1646792986,2.0,2.0,2.0,2.12097,0.0,6750000.0,598522244.0,598522268.0,598522263.0,598522268.0,598522268.0,598522269.0,598522269.0,598522271.0,598522282.0,598522328.0,25.0,19.0,38.0,84.0,5.0,1.0,78.0,0.0,1,0,recorded,1027
1646795866,2.0,2.0,2.0,2.12097,0.0,6750000.0,598522279.0,598522373.0,598522372.0,598522373.0,598522373.0,598522374.0,598522374.0,598522386.0,598522314.0,598522360.0,95.0,93.0,35.0,81.0,1.0,1.0,79.0,0.0,1,0,recorded,1028
1646800186,,,,,,,,,,,,,,,,,,,,,,,,,0,1,dropped_only,1029
1646803066,2.0,2.0,2.0,2.12097,0.0,6750000.0,598522361.0,598522387.0,598522375.0,598522387.0,598522388.0,598522388.0,598522388.0,598522391.0,598522394.0,598522440.0,27.0,15.0,33.0,79.0,12.0,0.0,67.0,0.0,1,0,recorded,1030
1646805946,2.0,2.0,2.0,2.12097,0.0,6750000.0,598522394.0,598522488.0,598522488.0,598522488.0,598522488.0,598522489.0,598522489.0,598522501.0,598522426.0,598522472.0,95.0,94.0,32.0,78.0,0.0,1.0,77.0,0.0,1,0,recorded,1031
1646808826,,,,,,,,,,,,,,,,,,,,,,,,,0,1,dropped_only,1032
1646811796,2.0,2.0,2.0,2.12097,0.0,6750000.0,598522460.0,598522502.0,598522489.0,598522503.0,598522503.0,598522503.0,598522503.0,598522507.0,598522491.0,598522537.0,43.0,29.0,31.0,77.0,14.0,0.0,63.0,0.0,1,0,recorded,1033
1646814586,2.0,2.0,2.0,2.12097,0.0,6750000.0,598522486.0,598522606.0,598522605.0,598522606.0,598522606.0,598522606.0,598522607.0,598522614.0,598522522.0,598522568.0,121.0,120.0,36.0,82.0,1.0,0.0,81.0,0.0,1,0,recorded,1034
1646817466,,,,,,,,,,,,,,,,,,,,,,,,,0,1,dropped_only,1035
1646820346,,,,,,,,,,,,,,,,,,,,,,,,,0,1,dropped_only,1036
1646823226,2.0,2.0,2.0,2.12097,0.0,6750000.0,598522582.0,598522615.0,598522611.0,598522615.0,598522615.0,598522615.0,598522616.0,598522620.0,598522618.0,598522664.0,34.0,30.0,36.0,82.0,4.0,0.0,78.0,0.0,1,0,recorded,1037
1646826106,2.0,2.0,2.0,2.12097,0.0,6750000.0,598522619.0,598522729.0,598522729.0,598522730.0,598522730.0,598522730.0,598522731.0,598522742.0,598522650.0,598522696.0,112.0,111.0,31.0,77.0,1.0,0.0,76.0,0.0,1,0,recorded,1038
1646828986,,,,,,,,,,,,,,,,,,,,,,,,,0,1,dropped_only,1039
1646831866,,,,,,,,,,,,,,,,,,,,,,,,,0,1,dropped_only,1040
1646836186,2.0,2.0,2.0,2.12097,0.0,6750000.0,598522726.0,598522746.0,598522732.0,598522744.0,598522744.0,598522744.0,598522745.0,598522747.0,598522762.0,598522808.0,19.0,7.0,36.0,82.0,12.0,0.0,70.0,0.0,1,0,recorded,1041
1646839066,2.0,2.0,2.0,2.12097,0.0,6750000.0,598522758.0,598522847.0,598522846.0,598522847.0,598522847.0,598522848.0,598522848.0,598522860.0,598522794.0,598522840.0,90.0,88.0,36.0,82.0,1.0,1.0,80.0,0.0,1,0,recorded,1042
1646841946,,,,,,,,,,,,,,,,,,,,,,,,,0,1,dropped_only,1043
1646844826,2.0,2.0,2.0,2.12097,0.0,6750000.0,598522827.0,598522861.0,598522849.0,598522861.0,598522861.0,598522861.0,598522861.0,598522865.0,598522858.0,598522904.0,34.0,22.0,31.0,77.0,12.0,0.0,65.0,0.0,1,0,recorded,1044
1646847706,2.0,2.0,2.0,2.12097,0.0,6750000.0,598522851.0,598522974.0,598522974.0,598522975.0,598522975.0,598522975.0,598522976.0,598522983.0,598522890.0,598522936.0,125.0,124.0,39.0,85.0,1.0,0.0,84.0,0.0,1,0,recorded,1045
1646850676,,,,,,,,,,,,,,,,,,,,,,,,,0,1,dropped_only,1046
1646853466,,,,,,,,,,,,,,,,,,,,,,,,,0,1,dropped_only,1047
1646856346,2.0,2.0,2.0,2.12097,0.0,6750000.0,598522959.0,598522985.0,598522979.0,598522985.0,598522985.0,598522985.0,598522986.0,598522991.0,598522986.0,598523032.0,27.0,21.0,27.0,73.0,6.0,0.0,67.0,0.0,1,0,recorded,1048
1646859226,2.0,2.0,2.0,2.12097,0.0,6750000.0,598522979.0,598523089.0,598523089.0,598523089.0,598523089.0,598523090.0,598523091.0,598523098.0,598523018.0,598523064.0,112.0,111.0,39.0,85.0,0.0,1.0,84.0,0.0,1,0,recorded,1049
1646862106,,,,,,,,,,,,,,,,,,,,,,,,,0,1,dropped_only,1050
1646864986,,,,,,,,,,,,,,,,,,,,,,,,,0,1,dropped_only,1051
1646867866,2.0,2.0,2.0,2.12097,0.0,6750000.0,598523083.0,598523099.0,598523094.0,598523099.0,598523099.0,598523099.0,598523099.0,598523104.0,598523114.0,598523160.0,16.0,11.0,31.0,77.0,5.0,0.0,72.0,0.0,1,0,recorded,1052
1646872186,2.0,2.0,2.0,4.01306,0.0,6750000.0,598523124.0,598523214.0,598523214.0,598523214.0,598523215.0,598523215.0,598523216.0,598523224.0,598523162.0,598523208.0,92.0,92.0,38.0,84.0,0.0,0.0,84.0,0.0,1,0,recorded,1053
1646875066,,,,,,,,,,,,,,,,,,,,,,,,,0,1,dropped_only,1054
1646878036,2.0,2.0,2.0,4.01306,0.0,6750000.0,598523192.0,598523224.0,598523218.0,598523225.0,598523225.0,598523225.0,598523225.0,598523228.0,598523227.0,598523273.0,33.0,26.0,35.0,81.0,7.0,0.0,74.0,0.0,1,0,recorded,1055
1646880826,2.0,2.0,2.0,4.01306,0.0,6750000.0,598523228.0,598523331.0,598523330.0,598523331.0,598523331.0,598523332.0,598523332.0,598523341.0,598523258.0,598523304.0,104.0,102.0,30.0,76.0,1.0,1.0,74.0,0.0,1,0,recorded,1056
1646883706,,,,,,,,,,,,,,,,,,,,,,,,,0,1,dropped_only,1057
1646886586,,,,,,,,,,,,,,,,,,,,,,,,,0,1,dropped_only,1058
1646889466,2.0,2.0,2.0,4.01306,0.0,6750000.0,598523318.0,598523342.0,598523335.0,598523342.0,598523343.0,598523343.0,598523343.0,598523348.0,598523354.0,598523400.0,25.0,18.0,36.0,82.0,7.0,0.0,75.0,0.0,1,0,recorded,1059
1646892346,2.0,2.0,2.0,4.01306,0.0,6750000.0,598523345.0,598523453.0,598523453.0,598523453.0,598523453.0,598523454.0,598523454.0,598523458.0,598523386.0,598523432.0,109.0,108.0,41.0,87.0,0.0,1.0,86.0,0.0,1,0,recorded,1060
1646895226,,,,,,,,,,,,,,,,,,,,,,,,,0,1,dropped_only,1061
1646898106,,,,,,,,,,,,,,,,,,,,,,,,,0,1,dropped_only,1062
1646900986,2.0,2.0,2.0,4.01306,0.0,6750000.0,598523440.0,598523466.0,598523457.0,598523459.0,598523459.0,598523459.0,598523459.0,598523462.0,598523482.0,598523528.0,19.0,17.0,42.0,88.0,2.0,0.0,86.0,0.0,1,0,recorded,1063
1646903866,2.0,2.0,2.0,4.01306,0.0,6750000.0,598523476.0,598523569.0,598523569.0,598523569.0,598523569.0,598523570.0,598523571.0,598523582.0,598523514.0,598523560.0,95.0,94.0,38.0,84.0,0.0,1.0,83.0,0.0,1,0,recorded,1064
1646908186,,,,,,,,,,,,,,,,,,,,,,,,,0,1,dropped_only,1065
1646911066,2.0,2.0,2.0,4.01306,0.0,6750000.0,598523555.0,598523584.0,598523571.0,598523584.0,598523585.0,598523585.0,598523585.0,598523588.0,598523594.0,598523640.0,30.0,17.0,39.0,85.0,13.0,0.0,72.0,0.0,1,0,recorded,1066
1646913946,2.0,2.0,2.0,4.01306,0.0,6750000.0,598523590.0,598523685.0,598523684.0,598523685.0,598523685.0,598523686.0,598523686.0,598523698.0,598523626.0,598523672.0,96.0,94.0,36.0,82.0,1.0,1.0,80.0,0.0,1,0,recorded,1067
1646916826,,,,,,,,,,,,,,,,,,,,,,,,,0,1,dropped_only,1068
1646919706,2.0,2.0,2.0,4.01306,0.0,6750000.0,598523654.0,598523700.0,598523686.0,598523700.0,598523700.0,598523700.0,598523700.0,598523704.0,598523690.0,598523736.0,46.0,32.0,36.0,82.0,14.0,0.0,68.0,0.0,1,0,recorded,1069
1646922586,2.0,2.0,2.0,4.01306,0.0,6750000.0,598523681.0,598523797.0,598523797.0,598523798.0,598523798.0,598523799.0,598523800.0,598523806.0,598523722.0,598523768.0,119.0,117.0,41.0,87.0,1.0,1.0,85.0,0.0,1,0,recorded,1070
1646925466,,,,,,,,,,,,,,,,,,,,,,,,,0,1,dropped_only,1071
1646928346,,,,,,,,,,,,,,,,,,,,,,,,,0,1,dropped_only,1072
1646931226,2.0,2.0,2.0,4.01306,0.0,6750000.0,598523784.0,598523809.0,598523801.0,598523809.0,598523809.0,598523809.0,598523809.0,598523814.0,598523818.0,598523864.0,25.0,17.0,34.0,80.0,8.0,0.0,72.0,0.0,1,0,recorded,1073
1646934106,2.0,2.0,2.0,4.01306,0.0,6750000.0,598523810.0,598523914.0,598523913.0,598523914.0,598523915.0,598523915.0,598523916.0,598523923.0,598523850.0,598523896.0,106.0,105.0,40.0,86.0,1.0,0.0,85.0,0.0,1,0,recorded,1074
1646936986,,,,,,,,,,,,,,,,,,,,,,,,,0,1,dropped_only,1075
1646939866,2.0,2.0,2.0,4.01306,0.0,6750000.0,598523872.0,598523924.0,598523917.0,598523924.0,598523924.0,598523925.0,598523925.0,598523927.0,598523914.0,598523960.0,53.0,45.0,42.0,88.0,7.0,1.0,80.0,0.0,1,0,recorded,1076
1646944186,2.0,2.0,2.0,4.01306,0.0,6750000.0,598523923.0,598524029.0,598524028.0,598524029.0,598524029.0,598524030.0,598524031.0,598524042.0,598523962.0,598524008.0,108.0,106.0,39.0,85.0,1.0,1.0,83.0,0.0,1,0,recorded,1077
1646947066,,,,,,,,,,,,,,,,,,,,,,,,,0,1,dropped_only,1078
1646949946,,,,,,,,,,,,,,,,,,,,,,,,,0,1,dropped_only,1079
1646952916,2.0,2.0,2.0,4.01306,0.0,6750000.0,598524022.0,598524044.0,598524030.0,598524044.0,598524045.0,598524045.0,598524045.0,598524049.0,598524059.0,598524105.0,23.0,9.0,37.0,83.0,14.0,0.0,69.0,0.0,1,0,recorded,1080
1646955706,2.0,2.0,2.0,4.01306,0.0,6750000.0,598524048.0,598524150.0,598524149.0,598524150.0,598524150.0,598524151.0,598524151.0,598524159.0,598524090.0,598524136.0,103.0,101.0,42.0,88.0,1.0,1.0,86.0,0.0,1,0,recorded,1081
1646958586,,,,,,,,,,,,,,,,,,,,,,,,,0,1,dropped_only,1082
1646961466,2.0,2.0,2.0,4.01306,0.0,6736870.0,598524113.0,598524160.0,598524153.0,598524160.0,598524160.0,598524161.0,598524161.0,598524163.0,598524154.0,598524200.0,48.0,40.0,41.0,87.0,7.0,1.0,79.0,0.0,1,0,recorded,1083
1646964346,2.0,2.0,2.0,4.01306,0.0,6736870.0,598524152.0,598524265.0,598524265.0,598524265.0,598524266.0,598524266.0,598524267.0,598524279.0,598524186.0,598524232.0,115.0,115.0,34.0,80.0,0.0,0.0,80.0,0.0,1,0,recorded,1084
1646967226,,,,,,,,,,,,,,,,,,,,,,,,,0,1,dropped_only,1085
1646970106,,,,,,,,,,,,,,,,,,,,,,,,,0,1,dropped_only,1086
1646972986,2.0,2.0,2.0,4.01306,0.0,6736870.0,598524242.0,598524281.0,598524269.0,598524281.0,598524281.0,598524282.0,598524282.0,598524284.0,598524282.0,598524328.0,40.0,27.0,40.0,86.0,12.0,1.0,73.0,0.0,1,0,recorded,1087
1646975866,2.0,2.0,2.0,4.01306,0.0,6736870.0,598524278.0,598524385.0,598524385.0,598524386.0,598524387.0,598524387.0,598524388.0,598524399.0,598524314.0,598524360.0,110.0,109.0,36.0,82.0,1.0,0.0,81.0,0.0,1,0,recorded,1088
1646980186,,,,,,,,,,,,,,,,,,,,,,,,,0,1,dropped_only,1089
1646983066,2.0,2.0,2.0,4.01306,0.0,6736870.0,598524359.0,598524401.0,598524389.0,598524401.0,598524401.0,598524401.0,598524402.0,598524406.0,598524394.0,598524440.0,43.0,31.0,35.0,81.0,12.0,0.0,69.0,0.0,1,0,recorded,1090
1646986036,2.0,2.0,2.0,4.01306,0.0,6736870.0,598524388.0,598524498.0,598524498.0,598524498.0,598524498.0,598524499.0,598524499.0,598524508.0,598524427.0,598524473.0,111.0,110.0,39.0,85.0,0.0,1.0,84.0,0.0,1,0,recorded,1091
1646988826,,,,,,,,,,,,,,,,,,,,,,,,,0,1,dropped_only,1092
1646991706,,,,,,,,,,,,,,,,,,,,,,,,,0,1,dropped_only,1093
1646994676,2.0,2.0,2.0,4.01306,0.0,6736870.0,598524486.0,598524509.0,598524501.0,598524509.0,598524509.0,598524510.0,598524510.0,598524513.0,598524523.0,598524569.0,24.0,15.0,37.0,83.0,8.0,1.0,74.0,0.0,1,0,recorded,1094
1646997556,2.0,2.0,2.0,2.7771,0.0,6736870.0,598524522.0,598524616.0,598524616.0,598524617.0,598524617.0,598524617.0,598524618.0,598524629.0,598524555.0,598524601.0,96.0,95.0,33.0,79.0,1.0,0.0,78.0,0.0,1,0,recorded,1095
1647000346,,,,,,,,,,,,,,,,,,,,,,,,,0,1,dropped_only,1096
1647003406,,,,,,,,,,,,,,,,,,,,,,,,,0,1,dropped_only,1097
1647006196,2.0,2.0,2.0,2.7771,0.0,6736870.0,598524610.0,598524634.0,598524620.0,598524631.0,598524631.0,598524631.0,598524632.0,598524633.0,598524651.0,598524697.0,22.0,11.0,41.0,87.0,11.0,0.0,76.0,0.0,1,0,recorded,1098
1647009076,2.0,2.0,2.0,2.7771,0.0,6736870.0,598524641.0,598524729.0,598524729.0,598524730.0,598524730.0,598524730.0,598524731.0,598524740.0,598524683.0,598524729.0,90.0,89.0,42.0,88.0,1.0,0.0,87.0,0.0,1,0,recorded,1099
1647011866,,,,,,,,,,,,,,,,,,,,,,,,,0,1,dropped_only,1100
1647016186,2.0,2.0,2.0,2.7771,0.0,6736870.0,598524723.0,598524745.0,598524732.0,598524741.0,598524741.0,598524742.0,598524742.0,598524744.0,598524762.0,598524808.0,19.0,9.0,39.0,85.0,9.0,1.0,75.0,0.0,1,0,recorded,1101
1647019066,2.0,2.0,2.0,2.7771,0.0,6736870.0,598524753.0,598524858.0,598524858.0,598524859.0,598524859.0,598524859.0,598524860.0,598524869.0,598524794.0,598524840.0,107.0,106.0,41.0,87.0,1.0,0.0,86.0,0.0,1,0,recorded,1102
1647021946,,,,,,,,,,,,,,,,,,,,,,,,,0,1,dropped_only,1103
1647024826,,,,,,,,,,,,,,,,,,,,,,,,,0,1,dropped_only,1104
1647027706,2.0,2.0,2.0,2.7771,0.0,6736870.0,598524852.0,598524873.0,598524863.0,598524871.0,598524871.0,598524871.0,598524871.0,598524874.0,598524890.0,598524936.0,19.0,11.0,38.0,84.0,8.0,0.0,76.0,0.0,1,0,recorded,1105
1647030586,2.0,2.0,2.0,2.7771,0.0,6736870.0,598524880.0,598524978.0,598524977.0,598524978.0,598524978.0,598524979.0,598524979.0,598524989.0,598524922.0,598524968.0,99.0,97.0,42.0,88.0,1.0,1.0,86.0,0.0,1,0,recorded,1106
1647033466,,,,,,,,,,,,,,,,,,,,,,,,,0,1,dropped_only,1107
1647036346,2.0,2.0,2.0,2.7771,0.0,6736870.0,598524945.0,598524991.0,598524980.0,598524991.0,598524991.0,598524991.0,598524991.0,598524993.0,598524986.0,598525032.0,46.0,35.0,41.0,87.0,11.0,0.0,76.0,0.0,1,0,recorded,1108
1647039316,2.0,2.0,2.0,2.7771,0.0,6736870.0,598524979.0,598525101.0,598525101.0,598525101.0,598525101.0,598525102.0,598525103.0,598525111.0,598525019.0,598525065.0,124.0,123.0,40.0,86.0,0.0,1.0,85.0,0.0,1,0,recorded,1109
1647042196,,,,,,,,,,,,,,,,,,,,,,,,,0,1,dropped_only,1110
1647045076,,,,,,,,,,,,,,,,,,,,,,,,,0,1,dropped_only,1111
1647047866,2.0,2.0,2.0,2.7771,0.0,6750000.0,598525077.0,598525112.0,598525107.0,598525113.0,598525113.0,598525113.0,598525113.0,598525116.0,598525114.0,598525160.0,36.0,30.0,37.0,83.0,6.0,0.0,77.0,0.0,1,0,recorded,1112
1647052186,2.0,2.0,2.0,2.7771,0.0,6750000.0,598525124.0,598525218.0,598525218.0,598525218.0,598525219.0,598525219.0,598525221.0,598525231.0,598525162.0,598525208.0,97.0,97.0,38.0,84.0,0.0,0.0,84.0,0.0,1,0,recorded,1113
1647055066,,,,,,,,,,,,,,,,,,,,,,,,,0,1,dropped_only,1114
1647057946,2.0,2.0,2.0,2.7771,0.0,6750000.0,598525187.0,598525233.0,598525223.0,598525233.0,598525233.0,598525233.0,598525234.0,598525236.0,598525226.0,598525272.0,47.0,37.0,39.0,85.0,10.0,0.0,75.0,0.0,1,0,recorded,1115
1647060826,2.0,2.0,2.0,2.7771,0.0,6750000.0,598525225.0,598525337.0,598525337.0,598525337.0,598525337.0,598525338.0,598525338.0,598525350.0,598525258.0,598525304.0,113.0,112.0,33.0,79.0,0.0,1.0,78.0,0.0,1,0,recorded,1116
1647063706,,,,,,,,,,,,,,,,,,,,,,,,,0,1,dropped_only,1117
1647066586,,,,,,,,,,,,,,,,,,,,,,,,,0,1,dropped_only,1118
1647069466,2.0,2.0,2.0,2.7771,0.0,6750000.0,598525320.0,598525352.0,598525342.0,598525352.0,598525352.0,598525352.0,598525353.0,598525357.0,598525354.0,598525400.0,33.0,23.0,34.0,80.0,10.0,0.0,70.0,0.0,1,0,recorded,1119
1647072346,2.0,2.0,2.0,2.7771,0.0,6750000.0,598525344.0,598525452.0,598525452.0,598525452.0,598525452.0,598525453.0,598525454.0,598525461.0,598525386.0,598525432.0,110.0,109.0,42.0,88.0,0.0,1.0,87.0,0.0,1,0,recorded,1120
1647075226,,,,,,,,,,,,,,,,,,,,,,,,,0,1,dropped_only,1121
1647078286,,,,,,,,,,,,,,,,,,,,,,,,,0,1,dropped_only,1122
1647081076,2.0,2.0,2.0,3.26538,0.0,6750000.0,598525442.0,598525466.0,598525455.0,598525462.0,598525462.0,598525463.0,598525463.0,598525466.0,598525483.0,598525529.0,21.0,13.0,41.0,87.0,7.0,1.0,79.0,0.0,1,0,recorded,1123
1647083956,2.0,2.0,2.0,3.26538,0.0,6750000.0,598525474.0,598525570.0,598525570.0,598525571.0,598525571.0,598525571.0,598525572.0,598525581.0,598525515.0,598525561.0,98.0,97.0,41.0,87.0,1.0,0.0,86.0,0.0,1,0,recorded,1124
1647088186,,,,,,,,,,,,,,,,,,,,,,,,,0,1,dropped_only,1125
1647091066,2.0,2.0,2.0,3.26538,0.0,6750000.0,598525553.0,598525583.0,598525572.0,598525583.0,598525583.0,598525584.0,598525584.0,598525586.0,598525594.0,598525640.0,31.0,19.0,41.0,87.0,11.0,1.0,75.0,0.0,1,0,recorded,1126
1647093946,2.0,2.0,2.0,3.26538,0.0,6750000.0,598525587.0,598525687.0,598525687.0,598525687.0,598525687.0,598525688.0,598525689.0,598525697.0,598525626.0,598525672.0,102.0,101.0,39.0,85.0,0.0,1.0,84.0,0.0,1,0,recorded,1127
1647096826,,,,,,,,,,,,,,,,,,,,,,,,,0,1,dropped_only,1128
1647099796,,,,,,,,,,,,,,,,,,,,,,,,,0,1,dropped_only,1129
1647102586,2.0,2.0,2.0,3.26538,0.0,6750000.0,598525683.0,598525705.0,598525692.0,598525698.0,598525698.0,598525698.0,598525698.0,598525702.0,598525722.0,598525768.0,15.0,9.0,39.0,85.0,6.0,0.0,79.0,0.0,1,0,recorded,1130
1647105466,2.0,2.0,2.0,3.26538,0.0,6750000.0,598525717.0,598525808.0,598525808.0,598525808.0,598525808.0,598525809.0,598525810.0,598525822.0,598525754.0,598525800.0,93.0,92.0,37.0,83.0,0.0,1.0,82.0,0.0,1,0,recorded,1131
1647108346,,,,,,,,,,,,,,,,,,,,,,,,,0,1,dropped_only,1132
1647111226,2.0,2.0,2.0,3.26538,0.0,6750000.0,598525780.0,598525824.0,598525809.0,598525824.0,598525824.0,598525824.0,598525824.0,598525827.0,598525818.0,598525864.0,44.0,29.0,38.0,84.0,15.0,0.0,69.0,0.0,1,0,recorded,1133
1647114106,2.0,2.0,2.0,3.26538,0.0,6750000.0,598525815.0,598525926.0,598525926.0,598525926.0,598525926.0,598525927.0,598525928.0,598525939.0,598525850.0,598525896.0,113.0,112.0,35.0,81.0,0.0,1.0,80.0,0.0,1,0,recorded,1134
1647116986,,,,,,,,,,,,,,,,,,,,,,,,,0,1,dropped_only,1135
1647119866,2.0,2.0,2.0,3.26538,0.0,6750000.0,598525876.0,598525940.0,598525929.0,598525940.0,598525941.0,598525941.0,598525941.0,598525944.0,598525914.0,598525960.0,65.0,54.0,38.0,84.0,11.0,0.0,73.0,0.0,1,0,recorded,1136
1647124186,2.0,2.0,2.0,3.26538,0.0,6750000.0,598525929.0,598526040.0,598526040.0,598526040.0,598526041.0,598526041.0,598526042.0,598526054.0,598525962.0,598526008.0,113.0,113.0,33.0,79.0,0.0,0.0,79.0,0.0,1,0,recorded,1137
1647127066,,,,,,,,,,,,,,,,,,,,,,,,,0,1,dropped_only,1138
1647129946,,,,,,,,,,,,,,,,,,,,,,,,,0,1,dropped_only,1139
1647132916,2.0,2.0,2.0,3.26538,0.0,6750000.0,598526017.0,598526056.0,598526042.0,598526056.0,598526056.0,598526056.0,598526057.0,598526058.0,598526059.0,598526105.0,40.0,26.0,42.0,88.0,14.0,0.0,74.0,0.0,1,0,recorded,1140
1647135706,2.0,2.0,2.0,3.26538,0.0,6750000.0,598526050.0,598526156.0,598526156.0,598526157.0,598526157.0,598526157.0,598526158.0,598526167.0,598526090.0,598526136.0,108.0,107.0,40.0,86.0,1.0,0.0,85.0,0.0,1,0,recorded,1141
1647138586,,,,,,,,,,,,,,,,,,,,,,,,,0,1,dropped_only,1142
1647141466,,,,,,,,,,,,,,,,,,,,,,,,,0,1,dropped_only,1143
1647144346,2.0,2.0,2.0,3.26538,0.0,6750000.0,598526153.0,598526169.0,598526162.0,598526169.0,598526169.0,598526169.0,598526169.0,598526174.0,598526186.0,598526232.0,16.0,9.0,33.0,79.0,7.0,0.0,72.0,0.0,1,0,recorded,1144
1647147316,2.0,2.0,2.0,3.26538,0.0,6750000.0,598526177.0,598526282.0,598526281.0,598526282.0,598526282.0,598526283.0,598526284.0,598526291.0,598526219.0,598526265.0,107.0,105.0,42.0,88.0,1.0,1.0,86.0,0.0,1,0,recorded,1145
1647150106,,,,,,,,,,,,,,,,,,,,,,,,,0,1,dropped_only,1146
1647153076,2.0,2.0,2.0,3.26538,0.0,6750000.0,598526250.0,598526292.0,598526285.0,598526293.0,598526293.0,598526293.0,598526293.0,598526299.0,598526283.0,598526329.0,43.0,35.0,33.0,79.0,8.0,0.0,71.0,0.0,1,0,recorded,1147
1647156046,2.0,2.0,2.0,3.26538,0.0,6750000.0,598526280.0,598526398.0,598526398.0,598526399.0,598526399.0,598526399.0,598526400.0,598526407.0,598526316.0,598526362.0,120.0,119.0,36.0,82.0,1.0,0.0,81.0,0.0,1,0,recorded,1148
1647160276,,,,,,,,,,,,,,,,,,,,,,,,,0,1,dropped_only,1149
1647163156,,,,,,,,,,,,,,,,,,,,,,,,,0,1,dropped_only,1150
1647165946,2.0,2.0,2.0,3.26538,0.0,6750000.0,598526389.0,598526409.0,598526402.0,598526409.0,598526409.0,598526409.0,598526409.0,598526412.0,598526426.0,598526472.0,20.0,13.0,37.0,83.0,7.0,0.0,76.0,0.0,1,0,recorded,1151
1647168916,2.0,2.0,2.0,3.26538,0.0,6750000.0,598526422.0,598526523.0,598526523.0,598526523.0,598526524.0,598526524.0,598526525.0,598526537.0,598526459.0,598526505.0,103.0,103.0,37.0,83.0,0.0,0.0,83.0,0.0,1,0,recorded,1152
1647171886,,,,,,,,,,,,,,,,,,,,,,,,,0,1,dropped_only,1153
1647174676,2.0,2.0,2.0,3.26538,0.0,6750000.0,598526488.0,598526538.0,598526526.0,598526538.0,598526539.0,598526539.0,598526540.0,598526542.0,598526523.0,598526569.0,52.0,40.0,35.0,81.0,12.0,0.0,69.0,0.0,1,0,recorded,1154
1647177556,2.0,2.0,2.0,3.26538,0.0,6750000.0,598526524.0,598526637.0,598526637.0,598526637.0,598526638.0,598526638.0,598526639.0,598526651.0,598526555.0,598526601.0,115.0,115.0,31.0,77.0,0.0,0.0,77.0,0.0,1,0,recorded,1155
1647180346,,,,,,,,,,,,,,,,,,,,,,,,,0,1,dropped_only,1156
1647183316,,,,,,,,,,,,,,,,,,,,,,,,,0,1,dropped_only,1157
1647186106,2.0,2.0,2.0,3.26538,0.0,6750000.0,598526612.0,598526653.0,598526644.0,598526653.0,598526653.0,598526653.0,598526654.0,598526656.0,598526650.0,598526696.0,42.0,33.0,38.0,84.0,9.0,0.0,75.0,0.0,1,0,recorded,1158
1647189076,2.0,2.0,2.0,3.26538,0.0,6750000.0,598526643.0,598526753.0,598526753.0,598526754.0,598526754.0,598526755.0,598526755.0,598526763.0,598526683.0,598526729.0,112.0,110.0,40.0,86.0,1.0,1.0,84.0,0.0,1,0,recorded,1159
1647191866,,,,,,,,,,,,,,,,,,,,,,,,,0,1,dropped_only,1160
1647194746,2.0,2.0,2.0,3.26538,0.0,6750000.0,598526707.0,598526766.0,598526756.0,598526766.0,598526766.0,598526767.0,598526767.0,598526770.0,598526746.0,598526792.0,60.0,49.0,39.0,85.0,10.0,1.0,74.0,0.0,1,0,recorded,1161
1647199066,2.0,2.0,2.0,3.26538,0.0,6750000.0,598526757.0,598526867.0,598526867.0,598526868.0,598526868.0,598526869.0,598526869.0,598526878.0,598526794.0,598526840.0,112.0,110.0,37.0,83.0,1.0,1.0,81.0,0.0,1,0,recorded,1162
1647201946,,,,,,,,,,,,,,,,,,,,,,,,,0,1,dropped_only,1163
1647204826,,,,,,,,,,,,,,,,,,,,,,,,,0,1,dropped_only,1164
1647207706,2.0,2.0,2.0,3.26538,0.0,6750000.0,598526853.0,598526881.0,598526871.0,598526882.0,598526882.0,598526883.0,598526883.0,598526885.0,598526890.0,598526936.0,30.0,18.0,37.0,83.0,11.0,1.0,71.0,0.0,1,0,recorded,1165
1647210586,2.0,2.0,2.0,3.26538,0.0,6750000.0,598526888.0,598526987.0,598526987.0,598526988.0,598526988.0,598526988.0,598526989.0,598527001.0,598526922.0,598526968.0,101.0,100.0,34.0,80.0,1.0,0.0,79.0,0.0,1,0,recorded,1166
1647213466,,,,,,,,,,,,,,,,,,,,,,,,,0,1,dropped_only,1167
1647216346,2.0,2.0,2.0,2.79236,0.0,6750000.0,598526946.0,598527003.0,598526989.0,598527003.0,598527003.0,598527003.0,598527003.0,598527006.0,598526986.0,598527032.0,57.0,43.0,40.0,86.0,14.0,0.0,72.0,0.0,1,0,recorded,1168
1647219226,2.0,2.0,2.0,2.79236,0.0,6750000.0,598526986.0,598527101.0,598527100.0,598527101.0,598527101.0,598527102.0,598527102.0,598527114.0,598527018.0,598527064.0,116.0,114.0,32.0,78.0,1.0,1.0,76.0,0.0,1,0,recorded,1169
1647222106,,,,,,,,,,,,,,,,,,,,,,,,,0,1,dropped_only,1170
1647225076,,,,,,,,,,,,,,,,,,,,,,,,,0,1,dropped_only,1171
1647227956,2.0,2.0,2.0,2.79236,0.0,6750000.0,598527082.0,598527117.0,598527106.0,598527117.0,598527117.0,598527117.0,598527117.0,598527122.0,598527115.0,598527161.0,35.0,24.0,33.0,79.0,11.0,0.0,68.0,0.0,1,0,recorded,1172
1647230746,2.0,2.0,2.0,2.79236,0.0,6750000.0,598527109.0,598527213.0,598527212.0,598527213.0,598527213.0,598527214.0,598527214.0,598527222.0,598527146.0,598527192.0,105.0,103.0,37.0,83.0,1.0,1.0,81.0,0.0,1,0,recorded,1173
1647235066,,,,,,,,,,,,,,,,,,,,,,,,,0,1,dropped_only,1174
1647237946,2.0,2.0,2.0,2.79236,0.0,6750000.0,598527199.0,598527224.0,598527216.0,598527224.0,598527224.0,598527225.0,598527225.0,598527229.0,598527226.0,598527272.0,26.0,17.0,27.0,73.0,8.0,1.0,64.0,0.0,1,0,recorded,1175
1647240916,2.0,2.0,2.0,2.79236,0.0,6750000.0,598527221.0,598527326.0,598527325.0,598527326.0,598527326.0,598527326.0,598527327.0,598527334.0,598527259.0,598527305.0,106.0,105.0,38.0,84.0,1.0,0.0,83.0,0.0,1,0,recorded,1176
1647243706,,,,,,,,,,,,,,,,,,,,,,,,,0,1,dropped_only,1177
1647246586,,,,,,,,,,,,,,,,,,,,,,,,,0,1,dropped_only,1178
1647249466,2.0,2.0,2.0,2.79236,0.0,6750000.0,598527315.0,598527336.0,598527330.0,598527335.0,598527335.0,598527336.0,598527336.0,598527338.0,598527354.0,598527400.0,21.0,15.0,39.0,85.0,5.0,1.0,79.0,0.0,1,0,recorded,1179
1647252346,2.0,2.0,2.0,2.79236,0.0,6750000.0,598527348.0,598527444.0,598527443.0,598527444.0,598527444.0,598527445.0,598527447.0,598527456.0,598527386.0,598527432.0,99.0,97.0,38.0,84.0,1.0,1.0,82.0,0.0,1,0,recorded,1180
1647255226,,,,,,,,,,,,,,,,,,,,,,,,,0,1,dropped_only,1181
1647258106,2.0,2.0,2.0,2.79236,0.0,6750000.0,598527413.0,598527457.0,598527446.0,598527457.0,598527457.0,598527458.0,598527458.0,598527460.0,598527450.0,598527496.0,45.0,33.0,37.0,83.0,11.0,1.0,71.0,0.0,1,0,recorded,1182
1647260986,2.0,2.0,2.0,2.79236,0.0,6750000.0,598527451.0,598527558.0,598527558.0,598527558.0,598527558.0,598527559.0,598527559.0,598527571.0,598527482.0,598527528.0,108.0,107.0,31.0,77.0,0.0,1.0,76.0,0.0,1,0,recorded,1183
1647263956,,,,,,,,,,,,,,,,,,,,,,,,,0,1,dropped_only,1184
1647266836,2.0,2.0,2.0,2.79236,0.0,6750000.0,598527508.0,598527572.0,598527562.0,598527572.0,598527573.0,598527573.0,598527573.0,598527575.0,598527547.0,598527593.0,65.0,55.0,39.0,85.0,10.0,0.0,75.0,0.0,1,0,recorded,1185
1647271246,2.0,2.0,2.0,2.79236,0.0,6750000.0,598527564.0,598527678.0,598527677.0,598527678.0,598527678.0,598527679.0,598527679.0,598527691.0,598527596.0,598527642.0,115.0,113.0,32.0,78.0,1.0,1.0,76.0,0.0,1,0,recorded,1186
1647274036,,,,,,,,,,,,,,,,,,,,,,,,,0,1,dropped_only,1187
1647276916,,,,,,,,,,,,,,,,,,,,,,,,,0,1,dropped_only,1188
1647279886,2.0,2.0,2.0,2.79236,0.0,6750000.0,598527654.0,598527693.0,598527683.0,598527693.0,598527693.0,598527694.0,598527694.0,598527695.0,598527692.0,598527738.0,40.0,29.0,38.0,84.0,10.0,1.0,73.0,0.0,1,0,recorded,1189
1647282586,2.0,2.0,2.0,2.79236,0.0,6750000.0,598527684.0,598527794.0,598527793.0,598527794.0,598527794.0,598527795.0,598527795.0,598527804.0,598527722.0,598527768.0,111.0,109.0,38.0,84.0,1.0,1.0,82.0,0.0,1,0,recorded,1190
1647285466,,,,,,,,,,,,,,,,,,,,,,,,,0,1,dropped_only,1191
1647288346,,,,,,,,,,,,,,,,,,,,,,,,,0,1,dropped_only,1192
1647291226,2.0,2.0,2.0,2.79236,0.0,6750000.0,598527780.0,598527805.0,598527797.0,598527805.0,598527805.0,598527806.0,598527806.0,598527809.0,598527818.0,598527864.0,26.0,17.0,38.0,84.0,8.0,1.0,75.0,0.0,1,0,recorded,1193
1647294106,2.0,2.0,2.0,2.79236,0.0,6750000.0,598527814.0,598527912.0,598527912.0,598527913.0,598527913.0,598527913.0,598527914.0,598527926.0,598527850.0,598527896.0,100.0,99.0,36.0,82.0,1.0,0.0,81.0,0.0,1,0,recorded,1194
1647296986,,,,,,,,,,,,,,,,,,,,,,,,,0,1,dropped_only,1195
1647299866,2.0,2.0,2.0,2.79236,0.0,6750000.0,598527877.0,598527928.0,598527915.0,598527928.0,598527928.0,598527928.0,598527928.0,598527931.0,598527914.0,598527960.0,51.0,38.0,37.0,83.0,13.0,0.0,70.0,0.0,1,0,recorded,1196
1647302746,2.0,2.0,2.0,2.79236,0.0,6750000.0,598527915.0,598528031.0,598528031.0,598528031.0,598528032.0,598528032.0,598528033.0,598528044.0,598527946.0,598527992.0,118.0,118.0,31.0,77.0,0.0,0.0,77.0,0.0,1,0,recorded,1197
1647307066,,,,,,,,,,,,,,,,,,,,,,,,,0,1,dropped_only,1198
1647309946,2.0,2.0,2.0,2.79236,0.0,6750000.0,598527989.0,598528046.0,598528033.0,598528046.0,598528046.0,598528047.0,598528047.0,598528049.0,598528026.0,598528072.0,58.0,44.0,37.0,83.0,13.0,1.0,69.0,0.0,1,0,recorded,1199
1647312826,2.0,2.0,2.0,2.79236,0.0,6750000.0,598528030.0,598528150.0,598528150.0,598528150.0,598528151.0,598528151.0,598528152.0,598528163.0,598528058.0,598528104.0,122.0,122.0,28.0,74.0,0.0,0.0,74.0,0.0,1,0,recorded,1200
1647315706,,,,,,,,,,,,,,,,,,,,,,,,,0,1,dropped_only,1201
1647318586,,,,,,,,,,,,,,,,,,,,,,,,,0,1,dropped_only,1202
1647321466,2.0,2.0,2.0,4.2572,0.0,6750000.0,598528123.0,598528166.0,598528156.0,598528166.0,598528166.0,598528166.0,598528166.0,598528171.0,598528154.0,598528200.0,43.0,33.0,31.0,77.0,10.0,0.0,67.0,0.0,1,0,recorded,1203
1647324346,2.0,2.0,2.0,4.2572,0.0,6750000.0,598528149.0,598528264.0,598528264.0,598528265.0,598528265.0,598528266.0,598528266.0,598528273.0,598528186.0,598528232.0,117.0,115.0,37.0,83.0,1.0,1.0,81.0,0.0,1,0,recorded,1204
1647327226,,,,,,,,,,,,,,,,,,,,,,,,,0,1,dropped_only,1205
1647330106,,,,,,,,,,,,,,,,,,,,,,,,,0,1,dropped_only,1206
1647332986,2.0,2.0,2.0,4.2572,0.0,6750000.0,598528244.0,598528274.0,598528268.0,598528275.0,598528275.0,598528275.0,598528275.0,598528278.0,598528282.0,598528328.0,31.0,24.0,38.0,84.0,7.0,0.0,77.0,0.0,1,0,recorded,1207
1647335866,2.0,2.0,2.0,4.2572,0.0,6750000.0,598528276.0,598528390.0,598528389.0,598528390.0,598528390.0,598528391.0,598528391.0,598528400.0,598528314.0,598528360.0,115.0,113.0,38.0,84.0,1.0,1.0,82.0,0.0,1,0,recorded,1208
1647338746,,,,,,,,,,,,,,,,,,,,,,,,,0,1,dropped_only,1209
1647343066,2.0,2.0,2.0,4.2572,0.0,6750000.0,598528358.0,598528401.0,598528394.0,598528401.0,598528401.0,598528401.0,598528401.0,598528403.0,598528394.0,598528440.0,43.0,36.0,36.0,82.0,7.0,0.0,75.0,0.0,1,0,recorded,1210
1647345946,2.0,2.0,2.0,4.2572,0.0,6750000.0,598528394.0,598528506.0,598528506.0,598528507.0,598528507.0,598528507.0,598528508.0,598528518.0,598528426.0,598528472.0,114.0,113.0,32.0,78.0,1.0,0.0,77.0,0.0,1,0,recorded,1211
1647348826,,,,,,,,,,,,,,,,,,,,,,,,,0,1,dropped_only,1212
1647351706,,,,,,,,,,,,,,,,,,,,,,,,,0,1,dropped_only,1213
1647354586,2.0,2.0,2.0,4.2572,0.0,6750000.0,598528487.0,598528519.0,598528509.0,598528519.0,598528520.0,598528520.0,598528520.0,598528523.0,598528522.0,598528568.0,33.0,23.0,35.0,81.0,10.0,0.0,71.0,0.0,1,0,recorded,1214
1647357466,2.0,2.0,2.0,4.2572,0.0,6750000.0,598528524.0,598528627.0,598528627.0,598528627.0,598528628.0,598528629.0,598528631.0,598528642.0,598528554.0,598528600.0,107.0,106.0,30.0,76.0,0.0,1.0,75.0,0.0,1,0,recorded,1215
1647360346,,,,,,,,,,,,,,,,,,,,,,,,,0,1,dropped_only,1216
1647363316,,,,,,,,,,,,,,,,,,,,,,,,,0,1,dropped_only,1217
1647366106,2.0,2.0,2.0,4.2572,0.0,6750000.0,598528618.0,598528645.0,598528631.0,598528645.0,598528645.0,598528645.0,598528646.0,598528650.0,598528650.0,598528696.0,28.0,14.0,32.0,78.0,14.0,0.0,64.0,0.0,1,0,recorded,1218
1647368986,2.0,2.0,2.0,4.2572,0.0,6750000.0,598528647.0,598528742.0,598528742.0,598528743.0,598528743.0,598528743.0,598528744.0,598528751.0,598528682.0,598528728.0,97.0,96.0,35.0,81.0,1.0,0.0,80.0,0.0,1,0,recorded,1219
1647371866,,,,,,,,,,,,,,,,,,,,,,,,,0,1,dropped_only,1220
1647374746,2.0,2.0,2.0,4.2572,0.0,6750000.0,598528716.0,598528753.0,598528744.0,598528753.0,598528753.0,598528753.0,598528754.0,598528758.0,598528746.0,598528792.0,38.0,29.0,30.0,76.0,9.0,0.0,67.0,0.0,1,0,recorded,1221
1647379156,2.0,2.0,2.0,4.2572,0.0,6750000.0,598528756.0,598528868.0,598528867.0,598528868.0,598528868.0,598528868.0,598528869.0,598528876.0,598528795.0,598528841.0,113.0,112.0,39.0,85.0,1.0,0.0,84.0,0.0,1,0,recorded,1222
1647381946,,,,,,,,,,,,,,,,,,,,,,,,,0,1,dropped_only,1223
1647384826,,,,,,,,,,,,,,,,,,,,,,,,,0,1,dropped_only,1224
1647387886,2.0,2.0,2.0,4.2572,0.0,6750000.0,598528856.0,598528877.0,598528872.0,598528877.0,598528877.0,598528877.0,598528878.0,598528881.0,598528892.0,598528938.0,22.0,17.0,36.0,82.0,5.0,0.0,77.0,0.0,1,0,recorded,1225
1647390676,2.0,2.0,2.0,4.2572,0.0,6750000.0,598528885.0,598528987.0,598528986.0,598528987.0,598528987.0,598528987.0,598528988.0,598528997.0,598528923.0,598528969.0,103.0,102.0,38.0,84.0,1.0,0.0,83.0,0.0,1,0,recorded,1226
1647393556,,,,,,,,,,,,,,,,,,,,,,,,,0,1,dropped_only,1227
1647396346,,,,,,,,,,,,,,,,,,,,,,,,,0,1,dropped_only,1228
1647399226,2.0,2.0,2.0,4.2572,0.0,6750000.0,598528980.0,598529000.0,598528990.0,598528998.0,598528998.0,598528998.0,598528999.0,598529002.0,598529018.0,598529064.0,19.0,11.0,38.0,84.0,8.0,0.0,76.0,0.0,1,0,recorded,1229
1647402106,2.0,2.0,2.0,4.2572,0.0,6750000.0,598529017.0,598529103.0,598529103.0,598529103.0,598529104.0,598529104.0,598529105.0,598529117.0,598529050.0,598529096.0,88.0,88.0,33.0,79.0,0.0,0.0,79.0,0.0,1,0,recorded,1230
1647404986,,,,,,,,,,,,,,,,,,,,,,,,,0,1,dropped_only,1231
1647407866,2.0,2.0,2.0,1.9989,0.0,6736350.0,598529080.0,598529120.0,598529104.0,598529120.0,598529120.0,598529120.0,598529120.0,598529123.0,598529114.0,598529160.0,40.0,24.0,34.0,80.0,16.0,0.0,64.0,0.0,1,0,recorded,1232
1647410746,2.0,2.0,2.0,1.9989,0.0,6736350.0,598529114.0,598529220.0,598529219.0,598529220.0,598529220.0,598529221.0,598529222.0,598529234.0,598529146.0,598529192.0,108.0,106.0,32.0,78.0,1.0,1.0,76.0,0.0,1,0,recorded,1233
1647415066,,,,,,,,,,,,,,,,,,,,,,,,,0,1,dropped_only,1234
1647417946,2.0,2.0,2.0,1.9989,0.0,6736350.0,598529191.0,598529235.0,598529224.0,598529235.0,598529236.0,598529236.0,598529236.0,598529239.0,598529226.0,598529272.0,45.0,34.0,35.0,81.0,11.0,0.0,70.0,0.0,1,0,recorded,1235
1647420916,2.0,2.0,2.0,1.9989,0.0,6736350.0,598529228.0,598529333.0,598529333.0,598529333.0,598529334.0,598529334.0,598529335.0,598529347.0,598529259.0,598529305.0,107.0,107.0,31.0,77.0,0.0,0.0,77.0,0.0,1,0,recorded,1236
1647423706,,,,,,,,,,,,,,,,,,,,,,,,,0,1,dropped_only,1237
1647426586,,,,,,,,,,,,,,,,,,,,,,,,,0,1,dropped_only,1238
1647429466,2.0,2.0,2.0,1.9989,0.0,6736350.0,598529319.0,598529350.0,598529337.0,598529350.0,598529350.0,598529350.0,598529351.0,598529353.0,598529354.0,598529400.0,32.0,19.0,35.0,81.0,13.0,0.0,68.0,0.0,1,0,recorded,1239
1647432346,2.0,2.0,2.0,1.9989,0.0,6736350.0,598529361.0,598529448.0,598529448.0,598529449.0,598529449.0,598529450.0,598529450.0,598529463.0,598529386.0,598529432.0,89.0,87.0,25.0,71.0,1.0,1.0,69.0,0.0,1,0,recorded,1240
1647435226,,,,,,,,,,,,,,,,,,,,,,,,,0,1,dropped_only,1241
1647438106,2.0,2.0,2.0,1.9989,0.0,6736350.0,598529416.0,598529465.0,598529452.0,598529465.0,598529465.0,598529465.0,598529465.0,598529468.0,598529450.0,598529496.0,49.0,36.0,34.0,80.0,13.0,0.0,67.0,0.0,1,0,recorded,1242
1647440986,2.0,2.0,2.0,1.9989,0.0,6736350.0,598529452.0,598529569.0,598529569.0,598529569.0,598529570.0,598529570.0,598529571.0,598529583.0,598529482.0,598529528.0,119.0,119.0,30.0,76.0,0.0,0.0,76.0,0.0,1,0,recorded,1243
1647443866,,,,,,,,,,,,,,,,,,,,,,,,,0,1,dropped_only,1244
1647446746,,,,,,,,,,,,,,,,,,,,,,,,,0,1,dropped_only,1245
1647451066,2.0,2.0,2.0,1.9989,0.0,6736350.0,598529565.0,598529584.0,598529572.0,598529584.0,598529585.0,598529585.0,598529586.0,598529590.0,598529594.0,598529640.0,21.0,9.0,29.0,75.0,12.0,0.0,63.0,0.0,1,0,recorded,1246
1647453946,2.0,2.0,2.0,1.9989,0.0,6736350.0,598529590.0,598529686.0,598529686.0,598529686.0,598529687.0,598529687.0,598529688.0,598529695.0,598529626.0,598529672.0,98.0,98.0,36.0,82.0,0.0,0.0,82.0,0.0,1,0,recorded,1247
1647456826,,,,,,,,,,,,,,,,,,,,,,,,,0,1,dropped_only,1248
1647459706,2.0,2.0,2.0,1.9989,0.0,6736350.0,598529657.0,598529697.0,598529689.0,598529697.0,598529697.0,598529698.0,598529698.0,598529702.0,598529690.0,598529736.0,41.0,32.0,33.0,79.0,8.0,1.0,70.0,0.0,1,0,recorded,1249
1647462586,2.0,2.0,2.0,1.9989,0.0,6736350.0,598529690.0,598529805.0,598529804.0,598529805.0,598529805.0,598529806.0,598529806.0,598529815.0,598529722.0,598529768.0,116.0,114.0,32.0,78.0,1.0,1.0,76.0,0.0,1,0,recorded,1250
1647465466,,,,,,,,,,,,,,,,,,,,,,,,,0,1,dropped_only,1251
1647468346,,,,,,,,,,,,,,,,,,,,,,,,,0,1,dropped_only,1252
1647471226,2.0,2.0,2.0,1.9989,0.0,6736350.0,598529783.0,598529817.0,598529809.0,598529817.0,598529817.0,598529817.0,598529818.0,598529821.0,598529818.0,598529864.0,35.0,27.0,35.0,81.0,8.0,0.0,73.0,0.0,1,0,recorded,1253
1647474106,2.0,2.0,2.0,1.9989,0.0,6736350.0,598529814.0,598529924.0,598529924.0,598529925.0,598529925.0,598529925.0,598529926.0,598529936.0,598529850.0,598529896.0,112.0,111.0,36.0,82.0,1.0,0.0,81.0,0.0,1,0,recorded,1254
1647477076,,,,,,,,,,,,,,,,,,,,,,,,,0,1,dropped_only,1255
1647479956,,,,,,,,,,,,,,,,,,,,,,,,,0,1,dropped_only,1256
1647482746,2.0,2.0,2.0,1.9989,0.0,6736350.0,598529912.0,598529937.0,598529928.0,598529937.0,598529938.0,598529938.0,598529938.0,598529941.0,598529946.0,598529992.0,26.0,17.0,34.0,80.0,9.0,0.0,71.0,0.0,1,0,recorded,1257
1647487156,2.0,2.0,2.0,1.9989,0.0,6736350.0,598529959.0,598530041.0,598530041.0,598530041.0,598530041.0,598530042.0,598530043.0,598530053.0,598529995.0,598530041.0,84.0,83.0,36.0,82.0,0.0,1.0,81.0,0.0,1,0,recorded,1258
1647489946,,,,,,,,,,,,,,,,,,,,,,,,,0,1,dropped_only,1259
1647492826,2.0,2.0,2.0,1.9989,0.0,6736350.0,598530030.0,598530054.0,598530043.0,598530055.0,598530055.0,598530055.0,598530055.0,598530058.0,598530058.0,598530104.0,25.0,13.0,28.0,74.0,12.0,0.0,62.0,0.0,1,0,recorded,1260
1647495706,2.0,2.0,2.0,1.9989,0.0,6736350.0,598530064.0,598530159.0,598530158.0,598530159.0,598530160.0,598530160.0,598530161.0,598530173.0,598530090.0,598530136.0,97.0,96.0,26.0,72.0,1.0,0.0,71.0,0.0,1,0,recorded,1261
1647498586,,,,,,,,,,,,,,,,,,,,,,,,,0,1,dropped_only,1262
1647501466,2.0,2.0,2.0,1.9989,0.0,6750000.0,598530124.0,598530174.0,598530163.0,598530174.0,598530174.0,598530174.0,598530175.0,598530177.0,598530154.0,598530200.0,51.0,40.0,30.0,76.0,11.0,0.0,65.0,0.0,1,0,recorded,1263
1647504436,2.0,2.0,2.0,1.9989,0.0,6750000.0,598530164.0,598530283.0,598530282.0,598530283.0,598530283.0,598530283.0,598530284.0,598530293.0,598530187.0,598530233.0,120.0,119.0,23.0,69.0,1.0,0.0,68.0,0.0,1,0,recorded,1264
1647507406,,,,,,,,,,,,,,,,,,,,,,,,,0,1,dropped_only,1265
1647510286,,,,,,,,,,,,,,,,,,,,,,,,,0,1,dropped_only,1266
1647512986,,,,,,,,,,,,,,,,,,,,,,,,,0,1,dropped_only,1267
1647515866,2.0,2.0,2.0,1.9989,0.0,6750000.0,598530279.0,598530296.0,598530287.0,598530295.0,598530296.0,598530296.0,598530296.0,598530298.0,598530314.0,598530360.0,17.0,9.0,35.0,81.0,8.0,0.0,73.0,0.0,1,0,recorded,1268
1647518746,2.0,2.0,2.0,1.9989,0.0,6750000.0,598530314.0,598530399.0,598530399.0,598530400.0,598530400.0,598530400.0,598530401.0,598530413.0,598530346.0,598530392.0,87.0,86.0,32.0,78.0,1.0,0.0,77.0,0.0,1,0,recorded,1269
1647523066,,,,,,,,,,,,,,,,,,,,,,,,,0,1,dropped_only,1270
1647525946,2.0,2.0,2.0,1.9989,0.0,6750000.0,598530392.0,598530414.0,598530402.0,598530414.0,598530414.0,598530415.0,598530415.0,598530417.0,598530426.0,598530472.0,23.0,10.0,34.0,80.0,12.0,1.0,67.0,0.0,1,0,recorded,1271
1647528916,2.0,2.0,2.0,3.37219,0.0,6750000.0,598530432.0,598530521.0,598530521.0,598530522.0,598530522.0,598530523.0,598530523.0,598530535.0,598530459.0,598530505.0,91.0,89.0,27.0,73.0,1.0,1.0,71.0,0.0,1,0,recorded,1272
1647531706,,,,,,,,,,,,,,,,,,,,,,,,,0,1,dropped_only,1273
1647534586,2.0,2.0,2.0,3.37219,0.0,6750000.0,598530485.0,598530536.0,598530526.0,598530536.0,598530537.0,598530537.0,598530538.0,598530540.0,598530522.0,598530568.0,53.0,43.0,37.0,83.0,10.0,0.0,73.0,0.0,1,0,recorded,1274
1647537466,2.0,2.0,2.0,3.37219,0.0,6750000.0,598530525.0,598530637.0,598530636.0,598530637.0,598530637.0,598530637.0,598530638.0,598530650.0,598530554.0,598530600.0,113.0,112.0,29.0,75.0,1.0,0.0,74.0,0.0,1,0,recorded,1275
1647540346,,,,,,,,,,,,,,,,,,,,,,,,,0,1,dropped_only,1276
1647543226,,,,,,,,,,,,,,,,,,,,,,,,,0,1,dropped_only,1277
1647546106,2.0,2.0,2.0,3.37219,0.0,6750000.0,598530617.0,598530653.0,598530642.0,598530653.0,598530653.0,598530653.0,598530653.0,598530658.0,598530650.0,598530696.0,36.0,25.0,33.0,79.0,11.0,0.0,68.0,0.0,1,0,recorded,1278
1647548986,2.0,2.0,2.0,3.37219,0.0,6750000.0,598530644.0,598530761.0,598530761.0,598530761.0,598530762.0,598530762.0,598530763.0,598530769.0,598530682.0,598530728.0,119.0,119.0,38.0,84.0,0.0,0.0,84.0,0.0,1,0,recorded,1279
1647551866,,,,,,,,,,,,,,,,,,,,,,,,,0,1,dropped_only,1280
1647554746,,,,,,,,,,,,,,,,,,,,,,,,,0,1,dropped_only,1281
1647559066,2.0,2.0,2.0,3.37219,0.0,6750000.0,598530756.0,598530776.0,598530763.0,598530771.0,598530771.0,598530772.0,598530772.0,598530774.0,598530794.0,598530840.0,16.0,7.0,38.0,84.0,8.0,1.0,75.0,0.0,1,0,recorded,1282
1647561946,2.0,2.0,2.0,3.37219,0.0,6750000.0,598530790.0,598530879.0,598530878.0,598530879.0,598530879.0,598530880.0,598530881.0,598530889.0,598530826.0,598530872.0,91.0,89.0,36.0,82.0,1.0,1.0,80.0,0.0,1,0,recorded,1283
1647564826,,,,,,,,,,,,,,,,,,,,,,,,,0,1,dropped_only,1284
1647567706,2.0,2.0,2.0,3.37219,0.0,6750000.0,598530860.0,598530891.0,598530881.0,598530891.0,598530891.0,598530891.0,598530891.0,598530893.0,598530890.0,598530936.0,31.0,21.0,30.0,76.0,10.0,0.0,66.0,0.0,1,0,recorded,1285
1647570586,2.0,2.0,2.0,3.37219,0.0,6750000.0,598530885.0,598531004.0,598531004.0,598531004.0,598531005.0,598531005.0,598531006.0,598531014.0,598530922.0,598530968.0,121.0,121.0,37.0,83.0,0.0,0.0,83.0,0.0,1,0,recorded,1286
1647573556,,,,,,,,,,,,,,,,,,,,,,,,,0,1,dropped_only,1287
1647576436,,,,,,,,,,,,,,,,,,,,,,,,,0,1,dropped_only,1288
1647579226,2.0,2.0,2.0,3.37219,0.0,6750000.0,598530980.0,598531015.0,598531008.0,598531015.0,598531015.0,598531015.0,598531016.0,598531018.0,598531018.0,598531064.0,36.0,29.0,38.0,84.0,7.0,0.0,77.0,0.0,1,0,recorded,1289
1647582106,2.0,2.0,2.0,3.5553,0.0,6750000.0,598531021.0,598531122.0,598531122.0,598531122.0,598531122.0,598531123.0,598531123.0,598531135.0,598531050.0,598531096.0,102.0,101.0,29.0,75.0,0.0,1.0,74.0,0.0,1,0,recorded,1290
1647584986,,,,,,,,,,,,,,,,,,,,,,,,,0,1,dropped_only,1291
1647587866,2.0,2.0,2.0,3.5553,0.0,6750000.0,598531078.0,598531136.0,598531123.0,598531136.0,598531136.0,598531137.0,598531137.0,598531139.0,598531114.0,598531160.0,59.0,45.0,36.0,82.0,13.0,1.0,68.0,0.0,1,0,recorded,1292
1647590746,2.0,2.0,2.0,3.5553,0.0,6750000.0,598531123.0,598531242.0,598531242.0,598531242.0,598531242.0,598531243.0,598531243.0,598531255.0,598531146.0,598531192.0,120.0,119.0,23.0,69.0,0.0,1.0,68.0,0.0,1,0,recorded,1293
1647595066,,,,,,,,,,,,,,,,,,,,,,,,,0,1,dropped_only,1294
1647597946,,,,,,,,,,,,,,,,,,,,,,,,,0,1,dropped_only,1295
1647600916,2.0,2.0,2.0,3.5553,0.0,6750000.0,598531229.0,598531256.0,598531246.0,598531256.0,598531257.0,598531257.0,598531257.0,598531261.0,598531259.0,598531305.0,28.0,18.0,30.0,76.0,10.0,0.0,66.0,0.0,1,0,recorded,1296
1647603706,2.0,2.0,2.0,3.5553,0.0,6750000.0,598531255.0,598531358.0,598531357.0,598531358.0,598531358.0,598531358.0,598531359.0,598531366.0,598531290.0,598531336.0,104.0,103.0,35.0,81.0,1.0,0.0,80.0,0.0,1,0,recorded,1297
1647606586,,,,,,,,,,,,,,,,,,,,,,,,,0,1,dropped_only,1298
1647609466,,,,,,,,,,,,,,,,,,,,,,,,,0,1,dropped_only,1299
1647612346,2.0,2.0,2.0,3.5553,0.0,6750000.0,598531349.0,598531368.0,598531362.0,598531368.0,598531368.0,598531369.0,598531369.0,598531371.0,598531386.0,598531432.0,20.0,13.0,37.0,83.0,6.0,1.0,76.0,0.0,1,0,recorded,1300
1647615226,2.0,2.0,2.0,3.5553,0.0,6750000.0,598531380.0,598531474.0,598531474.0,598531475.0,598531476.0,598531476.0,598531477.0,598531486.0,598531418.0,598531464.0,97.0,96.0,38.0,84.0,1.0,0.0,83.0,0.0,1,0,recorded,1301
1647618286,,,,,,,,,,,,,,,,,,,,,,,,,0,1,dropped_only,1302
1647621166,2.0,2.0,2.0,3.5553,0.0,6750000.0,598531446.0,598531488.0,598531478.0,598531488.0,598531488.0,598531488.0,598531489.0,598531490.0,598531484.0,598531530.0,43.0,33.0,38.0,84.0,10.0,0.0,74.0,0.0,1,0,recorded,1303
1647623866,2.0,2.0,2.0,3.5553,0.0,6750000.0,598531482.0,598531588.0,598531588.0,598531589.0,598531589.0,598531589.0,598531590.0,598531599.0,598531514.0,598531560.0,108.0,107.0,32.0,78.0,1.0,0.0,77.0,0.0,1,0,recorded,1304
1647626836,,,,,,,,,,,,,,,,,,,,,,,,,0,1,dropped_only,1305
1647631066,2.0,2.0,2.0,3.5553,0.0,6750000.0,598531556.0,598531601.0,598531591.0,598531601.0,598531601.0,598531601.0,598531602.0,598531603.0,598531594.0,598531640.0,46.0,36.0,38.0,84.0,10.0,0.0,74.0,0.0,1,0,recorded,1306
1647633946,2.0,2.0,2.0,3.5553,0.0,6750000.0,598531592.0,598531708.0,598531708.0,598531708.0,598531709.0,598531709.0,598531710.0,598531720.0,598531626.0,598531672.0,118.0,118.0,34.0,80.0,0.0,0.0,80.0,0.0,1,0,recorded,1307
1647636826,,,,,,,,,,,,,,,,,,,,,,,,,0,1,dropped_only,1308
1647639706,,,,,,,,,,,,,,,,,,,,,,,,,0,1,dropped_only,1309
1647642586,2.0,2.0,2.0,3.5553,0.0,6750000.0,598531687.0,598531722.0,598531711.0,598531722.0,598531722.0,598531722.0,598531723.0,598531725.0,598531722.0,598531768.0,36.0,25.0,35.0,81.0,11.0,0.0,70.0,0.0,1,0,recorded,1310
1647645466,2.0,2.0,2.0,3.5553,0.0,6750000.0,598531723.0,598531822.0,598531821.0,598531822.0,598531822.0,598531822.0,598531823.0,598531835.0,598531754.0,598531800.0,100.0,99.0,31.0,77.0,1.0,0.0,76.0,0.0,1,0,recorded,1311
1647648346,,,,,,,,,,,,,,,,,,,,,,,,,0,1,dropped_only,1312
1647651316,2.0,2.0,2.0,3.5553,0.0,6750000.0,598531784.0,598531836.0,598531824.0,598531836.0,598531836.0,598531837.0,598531837.0,598531839.0,598531819.0,598531865.0,53.0,40.0,35.0,81.0,12.0,1.0,68.0,0.0,1,0,recorded,1313
1647654196,2.0,2.0,2.0,3.5553,0.0,6750000.0,598531820.0,598531941.0,598531940.0,598531942.0,598531942.0,598531943.0,598531943.0,598531955.0,598531851.0,598531897.0,123.0,120.0,31.0,77.0,2.0,1.0,74.0,0.0,1,0,recorded,1314
1647656986,,,,,,,,,,,,,,,,,,,,,,,,,0,1,dropped_only,1315
1647659866,,,,,,,,,,,,,,,,,,,,,,,,,0,1,dropped_only,1316
1647662746,2.0,2.0,2.0,3.5553,0.0,6750000.0,598531916.0,598531958.0,598531945.0,598531958.0,598531958.0,598531958.0,598531959.0,598531963.0,598531946.0,598531992.0,43.0,30.0,30.0,76.0,13.0,0.0,63.0,0.0,1,0,recorded,1317
1647667156,2.0,2.0,2.0,3.5553,0.0,6750000.0,598531956.0,598532055.0,598532055.0,598532056.0,598532056.0,598532056.0,598532057.0,598532065.0,598531995.0,598532041.0,101.0,100.0,39.0,85.0,1.0,0.0,84.0,0.0,1,0,recorded,1318
1647669946,,,,,,,,,,,,,,,,,,,,,,,,,0,1,dropped_only,1319
1647672826,2.0,2.0,2.0,2.71606,0.0,6750000.0,598532024.0,598532067.0,598532057.0,598532067.0,598532067.0,598532067.0,598532067.0,598532071.0,598532058.0,598532104.0,43.0,33.0,34.0,80.0,10.0,0.0,70.0,0.0,1,0,recorded,1320
1647675706,2.0,2.0,2.0,2.71606,0.0,6750000.0,598532054.0,598532172.0,598532171.0,598532172.0,598532172.0,598532173.0,598532173.0,598532181.0,598532090.0,598532136.0,119.0,117.0,36.0,82.0,1.0,1.0,80.0,0.0,1,0,recorded,1321
1647678586,,,,,,,,,,,,,,,,,,,,,,,,,0,1,dropped_only,1322
1647681466,,,,,,,,,,,,,,,,,,,,,,,,,0,1,dropped_only,1323
1647684346,2.0,2.0,2.0,2.71606,0.0,6750000.0,598532151.0,598532183.0,598532174.0,598532183.0,598532183.0,598532183.0,598532184.0,598532186.0,598532186.0,598532232.0,33.0,24.0,35.0,81.0,9.0,0.0,72.0,0.0,1,0,recorded,1324
1647687226,2.0,2.0,2.0,2.71606,0.0,6750000.0,598532186.0,598532290.0,598532289.0,598532290.0,598532290.0,598532291.0,598532292.0,598532304.0,598532218.0,598532264.0,106.0,104.0,32.0,78.0,1.0,1.0,76.0,0.0,1,0,recorded,1325
1647690106,,,,,,,,,,,,,,,,,,,,,,,,,0,1,dropped_only,1326
1647692986,2.0,2.0,2.0,2.71606,0.0,6750000.0,598532244.0,598532305.0,598532292.0,598532305.0,598532306.0,598532306.0,598532306.0,598532308.0,598532282.0,598532328.0,62.0,49.0,38.0,84.0,13.0,0.0,71.0,0.0,1,0,recorded,1327
1647695866,2.0,2.0,2.0,2.71606,0.0,6750000.0,598532287.0,598532400.0,598532400.0,598532400.0,598532400.0,598532401.0,598532402.0,598532414.0,598532314.0,598532360.0,115.0,114.0,27.0,73.0,0.0,1.0,72.0,0.0,1,0,recorded,1328
1647698836,,,,,,,,,,,,,,,,,,,,,,,,,0,1,dropped_only,1329
1647703066,,,,,,,,,,,,,,,,,,,,,,,,,0,1,dropped_only,1330
1647705946,2.0,2.0,2.0,2.71606,0.0,6750000.0,598532390.0,598532416.0,598532404.0,598532416.0,598532416.0,598532416.0,598532417.0,598532418.0,598532426.0,598532472.0,27.0,15.0,36.0,82.0,12.0,0.0,70.0,0.0,1,0,recorded,1331
1647708826,2.0,2.0,2.0,2.71606,0.0,6750000.0,598532423.0,598532514.0,598532514.0,598532514.0,598532514.0,598532515.0,598532517.0,598532526.0,598532458.0,598532504.0,94.0,93.0,35.0,81.0,0.0,1.0,80.0,0.0,1,0,recorded,1332
1647711796,,,,,,,,,,,,,,,,,,,,,,,,,0,1,dropped_only,1333
1647714586,2.0,2.0,2.0,2.71606,0.0,6750000.0,598532482.0,598532527.0,598532516.0,598532527.0,598532528.0,598532528.0,598532528.0,598532530.0,598532522.0,598532568.0,46.0,35.0,40.0,86.0,11.0,0.0,75.0,0.0,1,0,recorded,1334
1647717466,2.0,2.0,2.0,2.71606,0.0,6750000.0,598532518.0,598532637.0,598532636.0,598532637.0,598532637.0,598532638.0,598532638.0,598532648.0,598532554.0,598532600.0,120.0,118.0,36.0,82.0,1.0,1.0,80.0,0.0,1,0,recorded,1335
1647720346,,,,,,,,,,,,,,,,,,,,,,,,,0,1,dropped_only,1336
1647723226,,,,,,,,,,,,,,,,,,,,,,,,,0,1,dropped_only,1337
1647726106,2.0,2.0,2.0,2.71606,0.0,6750000.0,598532620.0,598532650.0,598532641.0,598532650.0,598532650.0,598532650.0,598532650.0,598532655.0,598532650.0,598532696.0,30.0,21.0,30.0,76.0,9.0,0.0,67.0,0.0,1,0,recorded,1338
1647728986,2.0,2.0,2.0,2.71606,0.0,6750000.0,598532644.0,598532752.0,598532751.0,598532752.0,598532752.0,598532753.0,598532753.0,598532760.0,598532682.0,598532728.0,109.0,107.0,38.0,84.0,1.0,1.0,82.0,0.0,1,0,recorded,1339
1647731866,,,,,,,,,,,,,,,,,,,,,,,,,0,1,dropped_only,1340
1647734836,2.0,2.0,2.0,3.32642,0.0,6750000.0,598532718.0,598532762.0,598532755.0,598532762.0,598532763.0,598532763.0,598532763.0,598532768.0,598532747.0,598532793.0,45.0,38.0,29.0,75.0,7.0,0.0,68.0,0.0,1,0,recorded,1341
1647737716,2.0,2.0,2.0,3.32642,0.0,6750000.0,598532750.0,598532871.0,598532871.0,598532871.0,598532871.0,598532872.0,598532873.0,598532880.0,598532779.0,598532825.0,123.0,122.0,29.0,75.0,0.0,1.0,74.0,0.0,1,0,recorded,1342
1647742036,,,,,,,,,,,,,,,,,,,,,,,,,0,1,dropped_only,1343
1647744916,,,,,,,,,,,,,,,,,,,,,,,,,0,1,dropped_only,1344
1647747706,2.0,2.0,2.0,3.32642,0.0,6750000.0,598532857.0,598532882.0,598532875.0,598532882.0,598532882.0,598532882.0,598532882.0,598532885.0,598532890.0,598532936.0,25.0,18.0,33.0,79.0,7.0,0.0,72.0,0.0,1,0,recorded,1345
1647750586,2.0,2.0,2.0,3.32642,0.0,6750000.0,598532889.0,598532987.0,598532986.0,598532987.0,598532987.0,598532988.0,598532989.0,598533001.0,598532922.0,598532968.0,100.0,98.0,33.0,79.0,1.0,1.0,77.0,0.0,1,0,recorded,1346
1647753466,,,,,,,,,,,,,,,,,,,,,,,,,0,1,dropped_only,1347
1647756346,2.0,2.0,2.0,3.32642,0.0,6750000.0,598532957.0,598533003.0,598532988.0,598533003.0,598533003.0,598533003.0,598533003.0,598533008.0,598532986.0,598533032.0,46.0,31.0,29.0,75.0,15.0,0.0,60.0,0.0,1,0,recorded,1348
1647759316,2.0,2.0,2.0,3.32642,0.0,6750000.0,598532991.0,598533111.0,598533110.0,598533111.0,598533112.0,598533112.0,598533113.0,598533120.0,598533019.0,598533065.0,122.0,121.0,28.0,74.0,1.0,0.0,73.0,0.0,1,0,recorded,1349
1647762106,,,,,,,,,,,,,,,,,,,,,,,,,0,1,dropped_only,1350
1647764986,,,,,,,,,,,,,,,,,,,,,,,,,0,1,dropped_only,1351
1647767866,2.0,2.0,2.0,3.32642,0.0,6750000.0,598533079.0,598533122.0,598533116.0,598533122.0,598533122.0,598533122.0,598533123.0,598533125.0,598533114.0,598533160.0,44.0,38.0,35.0,81.0,6.0,0.0,75.0,0.0,1,0,recorded,1352
1647770836,2.0,2.0,2.0,3.32642,0.0,6750000.0,598533115.0,598533227.0,598533226.0,598533227.0,598533227.0,598533228.0,598533228.0,598533238.0,598533147.0,598533193.0,113.0,111.0,32.0,78.0,1.0,1.0,76.0,0.0,1,0,recorded,1353
1647773626,,,,,,,,,,,,,,,,,,,,,,,,,0,1,dropped_only,1354
1647777946,2.0,2.0,2.0,3.32642,0.0,6750000.0,598533189.0,598533240.0,598533228.0,598533240.0,598533240.0,598533241.0,598533241.0,598533242.0,598533226.0,598533272.0,52.0,39.0,37.0,83.0,12.0,1.0,70.0,0.0,1,0,recorded,1355
1647780826,2.0,2.0,2.0,3.32642,0.0,6750000.0,598533225.0,598533339.0,598533338.0,598533339.0,598533340.0,598533340.0,598533341.0,598533350.0,598533258.0,598533304.0,116.0,115.0,33.0,79.0,1.0,0.0,78.0,0.0,1,0,recorded,1356
1647783706,,,,,,,,,,,,,,,,,,,,,,,,,0,1,dropped_only,1357
1647786586,,,,,,,,,,,,,,,,,,,,,,,,,0,1,dropped_only,1358
1647789466,2.0,2.0,2.0,3.32642,0.0,6750000.0,598533317.0,598533352.0,598533343.0,598533352.0,598533352.0,598533353.0,598533353.0,598533355.0,598533354.0,598533400.0,36.0,26.0,37.0,83.0,9.0,1.0,73.0,0.0,1,0,recorded,1359
1647792346,2.0,2.0,2.0,3.32642,0.0,6750000.0,598533355.0,598533453.0,598533453.0,598533454.0,598533454.0,598533454.0,598533455.0,598533467.0,598533386.0,598533432.0,100.0,99.0,31.0,77.0,1.0,0.0,76.0,0.0,1,0,recorded,1360
1647795226,,,,,,,,,,,,,,,,,,,,,,,,,0,1,dropped_only,1361
1647798196,,,,,,,,,,,,,,,,,,,,,,,,,0,1,dropped_only,1362
1647800986,2.0,2.0,2.0,3.32642,0.0,6750000.0,598533443.0,598533469.0,598533457.0,598533469.0,598533469.0,598533470.0,598533470.0,598533471.0,598533482.0,598533528.0,27.0,14.0,39.0,85.0,12.0,1.0,72.0,0.0,1,0,recorded,1363
1647803866,2.0,2.0,2.0,3.32642,0.0,6750000.0,598533478.0,598533573.0,598533573.0,598533573.0,598533574.0,598533574.0,598533576.0,598533585.0,598533514.0,598533560.0,98.0,98.0,36.0,82.0,0.0,0.0,82.0,0.0,1,0,recorded,1364
1647806746,,,,,,,,,,,,,,,,,,,,,,,,,0,1,dropped_only,1365
1647809626,2.0,2.0,2.0,3.32642,0.0,6750000.0,598533542.0,598533587.0,598533576.0,598533587.0,598533587.0,598533588.0,598533588.0,598533590.0,598533578.0,598533624.0,46.0,34.0,36.0,82.0,11.0,1.0,70.0,0.0,1,0,recorded,1366
1647813946,2.0,2.0,2.0,3.32642,0.0,6750000.0,598533593.0,598533688.0,598533688.0,598533688.0,598533688.0,598533689.0,598533690.0,598533699.0,598533626.0,598533672.0,97.0,96.0,33.0,79.0,0.0,1.0,78.0,0.0,1,0,recorded,1367
1647816826,,,,,,,,,,,,,,,,,,,,,,,,,0,1,dropped_only,1368
1647819706,2.0,2.0,2.0,3.32642,0.0,6750000.0,598533655.0,598533700.0,598533693.0,598533701.0,598533701.0,598533701.0,598533701.0,598533703.0,598533690.0,598533736.0,46.0,38.0,35.0,81.0,8.0,0.0,73.0,0.0,1,0,recorded,1369
1647822586,2.0,2.0,2.0,3.32642,0.0,6750000.0,598533685.0,598533806.0,598533806.0,598533806.0,598533807.0,598533807.0,598533808.0,598533817.0,598533722.0,598533768.0,123.0,123.0,37.0,83.0,0.0,0.0,83.0,0.0,1,0,recorded,1370
1647825466,,,,,,,,,,,,,,,,,,,,,,,,,0,1,dropped_only,1371
1647828346,,,,,,,,,,,,,,,,,,,,,,,,,0,1,dropped_only,1372
1647831226,2.0,2.0,2.0,3.32642,0.0,6750000.0,598533788.0,598533819.0,598533809.0,598533819.0,598533819.0,598533820.0,598533820.0,598533823.0,598533818.0,598533864.0,32.0,21.0,30.0,76.0,10.0,1.0,65.0,0.0,1,0,recorded,1373
1647834106,2.0,2.0,2.0,3.32642,0.0,6750000.0,598533818.0,598533920.0,598533920.0,598533920.0,598533920.0,598533921.0,598533922.0,598533934.0,598533850.0,598533896.0,104.0,103.0,32.0,78.0,0.0,1.0,77.0,0.0,1,0,recorded,1374
1647836986,,,,,,,,,,,,,,,,,,,,,,,,,0,1,dropped_only,1375
1647839866,,,,,,,,,,,,,,,,,,,,,,,,,0,1,dropped_only,1376
1647842836,2.0,2.0,2.0,3.32642,0.0,6750000.0,598533909.0,598533936.0,598533923.0,598533936.0,598533936.0,598533936.0,598533937.0,598533939.0,598533947.0,598533993.0,28.0,15.0,38.0,84.0,13.0,0.0,71.0,0.0,1,0,recorded,1377
1647845716,2.0,2.0,2.0,3.32642,0.0,6750000.0,598533941.0,598534037.0,598534037.0,598534038.0,598534038.0,598534039.0,598534039.0,598534047.0,598533979.0,598534025.0,98.0,96.0,38.0,84.0,1.0,1.0,82.0,0.0,1,0,recorded,1378
1647849946,,,,,,,,,,,,,,,,,,,,,,,,,0,1,dropped_only,1379
1647852826,2.0,2.0,2.0,4.34875,0.0,6750000.0,598534023.0,598534050.0,598534039.0,598534050.0,598534050.0,598534050.0,598534051.0,598534053.0,598534058.0,598534104.0,28.0,17.0,35.0,81.0,11.0,0.0,70.0,0.0,1,0,recorded,1380
1647855706,2.0,2.0,2.0,4.34875,0.0,6750000.0,598534062.0,598534162.0,598534161.0,598534162.0,598534162.0,598534163.0,598534163.0,598534175.0,598534090.0,598534136.0,101.0,99.0,28.0,74.0,1.0,1.0,72.0,0.0,1,0,recorded,1381
1647858586,,,,,,,,,,,,,,,,,,,,,,,,,0,1,dropped_only,1382
1647861466,2.0,2.0,2.0,4.34875,0.0,6750000.0,598534117.0,598534176.0,598534165.0,598534176.0,598534176.0,598534177.0,598534177.0,598534180.0,598534154.0,598534200.0,60.0,48.0,37.0,83.0,11.0,1.0,71.0,0.0,1,0,recorded,1383
1647864526,2.0,2.0,2.0,4.34875,0.0,6750000.0,598534164.0,598534273.0,598534273.0,598534274.0,598534274.0,598534275.0,598534276.0,598534287.0,598534188.0,598534234.0,112.0,110.0,24.0,70.0,1.0,1.0,68.0,0.0,1,0,recorded,1384
1647867316,,,,,,,,,,,,,,,,,,,,,,,,,0,1,dropped_only,1385
1647870196,,,,,,,,,,,,,,,,,,,,,,,,,0,1,dropped_only,1386
1647873166,2.0,2.0,2.0,4.34875,0.0,6750000.0,598534252.0,598534290.0,598534278.0,598534290.0,598534290.0,598534290.0,598534291.0,598534295.0,598534284.0,598534330.0,39.0,27.0,32.0,78.0,12.0,0.0,66.0,0.0,1,0,recorded,1387
1647875866,2.0,2.0,2.0,4.34875,0.0,6750000.0,598534278.0,598534384.0,598534384.0,598534385.0,598534385.0,598534386.0,598534387.0,598534393.0,598534314.0,598534360.0,109.0,107.0,36.0,82.0,1.0,1.0,80.0,0.0,1,0,recorded,1388
1647878746,,,,,,,,,,,,,,,,,,,,,,,,,0,1,dropped_only,1389
1647881626,2.0,2.0,2.0,4.34875,0.0,6750000.0,598534346.0,598534396.0,598534387.0,598534396.0,598534396.0,598534397.0,598534397.0,598534399.0,598534378.0,598534424.0,51.0,41.0,32.0,78.0,9.0,1.0,68.0,0.0,1,0,recorded,1390
1647885946,2.0,2.0,2.0,4.34875,0.0,6750000.0,598534395.0,598534499.0,598534499.0,598534499.0,598534500.0,598534500.0,598534501.0,598534513.0,598534426.0,598534472.0,106.0,106.0,31.0,77.0,0.0,0.0,77.0,0.0,1,0,recorded,1391
1647888826,,,,,,,,,,,,,,,,,,,,,,,,,0,1,dropped_only,1392
1647891706,,,,,,,,,,,,,,,,,,,,,,,,,0,1,dropped_only,1393
1647894586,2.0,2.0,2.0,4.34875,0.0,6750000.0,598534490.0,598534514.0,598534502.0,598534514.0,598534514.0,598534515.0,598534515.0,598534519.0,598534522.0,598534568.0,25.0,12.0,32.0,78.0,12.0,1.0,65.0,0.0,1,0,recorded,1394
1647897556,2.0,2.0,2.0,3.14331,0.0,6750000.0,598534520.0,598534613.0,598534612.0,598534613.0,598534613.0,598534614.0,598534615.0,598534622.0,598534555.0,598534601.0,95.0,93.0,35.0,81.0,1.0,1.0,79.0,0.0,1,0,recorded,1395
1647900346,,,,,,,,,,,,,,,,,,,,,,,,,0,1,dropped_only,1396
1647903226,2.0,2.0,2.0,3.14331,0.0,6750000.0,598534591.0,598534624.0,598534615.0,598534624.0,598534624.0,598534624.0,598534624.0,598534627.0,598534618.0,598534664.0,33.0,24.0,27.0,73.0,9.0,0.0,64.0,0.0,1,0,recorded,1397
1647906106,2.0,2.0,2.0,3.14331,0.0,6750000.0,598534618.0,598534730.0,598534730.0,598534731.0,598534731.0,598534731.0,598534732.0,598534744.0,598534650.0,598534696.0,114.0,113.0,32.0,78.0,1.0,0.0,77.0,0.0,1,0,recorded,1398
1647908986,,,,,,,,,,,,,,,,,,,,,,,,,0,1,dropped_only,1399
1647911866,,,,,,,,,,,,,,,,,,,,,,,,,0,1,dropped_only,1400
1647914836,2.0,2.0,2.0,3.14331,0.0,6750000.0,598534708.0,598534745.0,598534735.0,598534746.0,598534746.0,598534746.0,598534746.0,598534748.0,598534747.0,598534793.0,38.0,27.0,39.0,85.0,11.0,0.0,74.0,0.0,1,0,recorded,1401
1647917626,2.0,2.0,2.0,3.14331,0.0,6750000.0,598534742.0,598534847.0,598534846.0,598534847.0,598534847.0,598534848.0,598534849.0,598534858.0,598534778.0,598534824.0,107.0,105.0,36.0,82.0,1.0,1.0,80.0,0.0,1,0,recorded,1402
1647921946,,,,,,,,,,,,,,,,,,,,,,,,,0,1,dropped_only,1403
1647924826,2.0,2.0,2.0,3.14331,0.0,6750000.0,598534822.0,598534861.0,598534849.0,598534862.0,598534862.0,598534862.0,598534862.0,598534864.0,598534858.0,598534904.0,40.0,27.0,36.0,82.0,13.0,0.0,69.0,0.0,1,0,recorded,1404
1647927706,2.0,2.0,2.0,3.14331,0.0,6750000.0,598534862.0,598534967.0,598534967.0,598534967.0,598534968.0,598534968.0,598534970.0,598534979.0,598534890.0,598534936.0,108.0,108.0,28.0,74.0,0.0,0.0,74.0,0.0,1,0,recorded,1405
1647930586,,,,,,,,,,,,,,,,,,,,,,,,,0,1,dropped_only,1406
1647933466,,,,,,,,,,,,,,,,,,,,,,,,,0,1,dropped_only,1407
1647936346,2.0,2.0,2.0,3.14331,0.0,6750000.0,598534951.0,598534981.0,598534971.0,598534981.0,598534981.0,598534982.0,598534982.0,598534984.0,598534986.0,598535032.0,31.0,20.0,35.0,81.0,10.0,1.0,70.0,0.0,1,0,recorded,1408
1647939226,2.0,2.0,2.0,3.14331,0.0,6750000.0,598534986.0,598535085.0,598535084.0,598535085.0,598535085.0,598535086.0,598535087.0,598535099.0,598535018.0,598535064.0,101.0,99.0,32.0,78.0,1.0,1.0,76.0,0.0,1,0,recorded,1409
1647942106,,,,,,,,,,,,,,,,,,,,,,,,,0,1,dropped_only,1410
1647945076,2.0,2.0,2.0,3.14331,0.0,6750000.0,598535053.0,598535100.0,598535088.0,598535100.0,598535101.0,598535101.0,598535101.0,598535104.0,598535083.0,598535129.0,48.0,36.0,30.0,76.0,12.0,0.0,64.0,0.0,1,0,recorded,1411
1647948046,2.0,2.0,2.0,3.14331,0.0,6750000.0,598535090.0,598535200.0,598535200.0,598535200.0,598535201.0,598535201.0,598535202.0,598535213.0,598535116.0,598535162.0,112.0,112.0,26.0,72.0,0.0,0.0,72.0,0.0,1,0,recorded,1412
1647950926,,,,,,,,,,,,,,,,,,,,,,,,,0,1,dropped_only,1413
1647953806,,,,,,,,,,,,,,,,,,,,,,,,,0,1,dropped_only,1414
1647957946,2.0,2.0,2.0,3.14331,0.0,6750000.0,598535191.0,598535216.0,598535204.0,598535216.0,598535217.0,598535217.0,598535218.0,598535220.0,598535226.0,598535272.0,27.0,15.0,35.0,81.0,12.0,0.0,69.0,0.0,1,0,recorded,1415
1647960916,2.0,2.0,2.0,3.14331,0.0,6750000.0,598535223.0,598535309.0,598535308.0,598535309.0,598535309.0,598535309.0,598535310.0,598535319.0,598535259.0,598535305.0,87.0,86.0,36.0,82.0,1.0,0.0,81.0,0.0,1,0,recorded,1416
1647963796,,,,,,,,,,,,,,,,,,,,,,,,,0,1,dropped_only,1417
1647966586,2.0,2.0,2.0,3.14331,0.0,6750000.0,598535284.0,598535321.0,598535310.0,598535321.0,598535321.0,598535321.0,598535321.0,598535323.0,598535322.0,598535368.0,37.0,26.0,38.0,84.0,11.0,0.0,73.0,0.0,1,0,recorded,1418
1647969466,2.0,2.0,2.0,3.14331,0.0,6750000.0,598535318.0,598535425.0,598535425.0,598535425.0,598535425.0,598535426.0,598535426.0,598535436.0,598535354.0,598535400.0,108.0,107.0,36.0,82.0,0.0,1.0,81.0,0.0,1,0,recorded,1419
1647972346,,,,,,,,,,,,,,,,,,,,,,,,,0,1,dropped_only,1420
1647975226,,,,,,,,,,,,,,,,,,,,,,,,,0,1,dropped_only,1421
1647978106,2.0,2.0,2.0,3.14331,0.0,6750000.0,598535414.0,598535437.0,598535429.0,598535437.0,598535438.0,598535438.0,598535438.0,598535441.0,598535450.0,598535496.0,24.0,16.0,36.0,82.0,8.0,0.0,74.0,0.0,1,0,recorded,1422
1647980986,2.0,2.0,2.0,5.53894,0.0,6750000.0,598535447.0,598535537.0,598535536.0,598535537.0,598535537.0,598535538.0,598535538.0,598535543.0,598535482.0,598535528.0,91.0,89.0,35.0,81.0,1.0,1.0,79.0,0.0,1,0,recorded,1423
1647983866,,,,,,,,,,,,,,,,,,,,,,,,,0,1,dropped_only,1424
1647986746,2.0,2.0,2.0,5.53894,0.0,6750000.0,598535516.0,598535545.0,598535539.0,598535545.0,598535545.0,598535546.0,598535546.0,598535550.0,598535546.0,598535592.0,30.0,23.0,30.0,76.0,6.0,1.0,69.0,0.0,1,0,recorded,1425
1647989716,2.0,2.0,2.0,5.53894,0.0,6750000.0,598535550.0,598535651.0,598535650.0,598535651.0,598535651.0,598535652.0,598535653.0,598535659.0,598535579.0,598535625.0,103.0,101.0,29.0,75.0,1.0,1.0,73.0,0.0,1,0,recorded,1426
1647993946,,,,,,,,,,,,,,,,,,,,,,,,,0,1,dropped_only,1427
1647996826,2.0,2.0,2.0,5.53894,0.0,6750000.0,598535631.0,598535661.0,598535653.0,598535661.0,598535661.0,598535662.0,598535662.0,598535667.0,598535658.0,598535704.0,31.0,22.0,27.0,73.0,8.0,1.0,64.0,0.0,1,0,recorded,1428
1647999706,2.0,2.0,2.0,5.53894,0.0,6750000.0,598535656.0,598535762.0,598535761.0,598535762.0,598535762.0,598535763.0,598535763.0,598535769.0,598535690.0,598535736.0,107.0,105.0,34.0,80.0,1.0,1.0,78.0,0.0,1,0,recorded,1429
1648002586,,,,,,,,,,,,,,,,,,,,,,,,,0,1,dropped_only,1430
1648005466,,,,,,,,,,,,,,,,,,,,,,,,,0,1,dropped_only,1431
1648008346,2.0,2.0,2.0,5.53894,0.0,6750000.0,598535757.0,598535771.0,598535765.0,598535771.0,598535771.0,598535772.0,598535772.0,598535778.0,598535786.0,598535832.0,15.0,8.0,29.0,75.0,6.0,1.0,68.0,0.0,1,0,recorded,1432
1648011316,2.0,2.0,2.0,5.53894,0.0,6750000.0,598535781.0,598535880.0,598535880.0,598535880.0,598535880.0,598535881.0,598535881.0,598535887.0,598535819.0,598535865.0,100.0,99.0,38.0,84.0,0.0,1.0,83.0,0.0,1,0,recorded,1433
1648014106,,,,,,,,,,,,,,,,,,,,,,,,,0,1,dropped_only,1434
1648016986,,,,,,,,,,,,,,,,,,,,,,,,,0,1,dropped_only,1435
1648019866,2.0,2.0,2.0,5.53894,0.0,6750000.0,598535875.0,598535896.0,598535885.0,598535889.0,598535889.0,598535889.0,598535889.0,598535892.0,598535914.0,598535960.0,14.0,10.0,39.0,85.0,4.0,0.0,81.0,0.0,1,0,recorded,1436
1648022746,2.0,2.0,2.0,5.53894,0.0,6750000.0,598535914.0,598535999.0,598535998.0,598535999.0,598535999.0,598536000.0,598536000.0,598536009.0,598535946.0,598535992.0,86.0,84.0,32.0,78.0,1.0,1.0,76.0,0.0,1,0,recorded,1437
1648025806,,,,,,,,,,,,,,,,,,,,,,,,,0,1,dropped_only,1438
1648030126,2.0,2.0,2.0,5.7373,0.0,6750000.0,598535993.0,598536011.0,598536002.0,598536011.0,598536011.0,598536011.0,598536012.0,598536014.0,598536028.0,598536074.0,19.0,10.0,35.0,81.0,9.0,0.0,72.0,0.0,1,0,recorded,1439
1648032916,2.0,2.0,2.0,5.7373,0.0,6750000.0,598536021.0,598536120.0,598536120.0,598536120.0,598536120.0,598536121.0,598536121.0,598536131.0,598536059.0,598536105.0,100.0,99.0,38.0,84.0,0.0,1.0,83.0,0.0,1,0,recorded,1440
1648035706,,,,,,,,,,,,,,,,,,,,,,,,,0,1,dropped_only,1441
1648038586,2.0,2.0,2.0,5.7373,0.0,6750000.0,598536086.0,598536133.0,598536122.0,598536133.0,598536134.0,598536134.0,598536135.0,598536137.0,598536122.0,598536168.0,49.0,38.0,36.0,82.0,11.0,0.0,71.0,0.0,1,0,recorded,1442
1648041466,2.0,2.0,2.0,5.7373,0.0,6750000.0,598536118.0,598536234.0,598536234.0,598536234.0,598536235.0,598536235.0,598536236.0,598536246.0,598536154.0,598536200.0,118.0,118.0,36.0,82.0,0.0,0.0,82.0,0.0,1,0,recorded,1443
1648044346,,,,,,,,,,,,,,,,,,,,,,,,,0,1,dropped_only,1444
1648047226,,,,,,,,,,,,,,,,,,,,,,,,,0,1,dropped_only,1445
1648050106,2.0,2.0,2.0,5.7373,0.0,6750000.0,598536221.0,598536248.0,598536238.0,598536248.0,598536248.0,598536248.0,598536248.0,598536252.0,598536250.0,598536296.0,27.0,17.0,29.0,75.0,10.0,0.0,65.0,0.0,1,0,recorded,1446
1648052986,2.0,2.0,2.0,5.7373,0.0,6750000.0,598536247.0,598536350.0,598536350.0,598536351.0,598536351.0,598536352.0,598536353.0,598536363.0,598536282.0,598536328.0,106.0,104.0,35.0,81.0,1.0,1.0,79.0,0.0,1,0,recorded,1447
1648055866,,,,,,,,,,,,,,,,,,,,,,,,,0,1,dropped_only,1448
1648058746,2.0,2.0,2.0,5.7373,0.0,6750000.0,598536313.0,598536365.0,598536353.0,598536365.0,598536365.0,598536366.0,598536366.0,598536369.0,598536346.0,598536392.0,53.0,40.0,33.0,79.0,12.0,1.0,66.0,0.0,1,0,recorded,1449
1648061626,2.0,2.0,2.0,5.7373,0.0,6750000.0,598536353.0,598536466.0,598536465.0,598536466.0,598536466.0,598536466.0,598536467.0,598536477.0,598536378.0,598536424.0,114.0,113.0,25.0,71.0,1.0,0.0,70.0,0.0,1,0,recorded,1450
1648064506,,,,,,,,,,,,,,,,,,,,,,,,,0,1,dropped_only,1451
1648068826,,,,,,,,,,,,,,,,,,,,,,,,,0,1,dropped_only,1452
1648071706,2.0,2.0,2.0,5.7373,0.0,6750000.0,598536458.0,598536479.0,598536470.0,598536479.0,598536479.0,598536480.0,598536480.0,598536483.0,598536490.0,598536536.0,22.0,12.0,32.0,78.0,9.0,1.0,68.0,0.0,1,0,recorded,1453
1648074586,2.0,2.0,2.0,5.7373,0.0,6750000.0,598536485.0,598536587.0,598536586.0,598536587.0,598536587.0,598536588.0,598536589.0,598536599.0,598536522.0,598536568.0,104.0,102.0,37.0,83.0,1.0,1.0,81.0,0.0,1,0,recorded,1454
1648077466,,,,,,,,,,,,,,,,,,,,,,,,,0,1,dropped_only,1455
1648080346,2.0,2.0,2.0,5.7373,0.0,6750000.0,598536551.0,598536601.0,598536588.0,598536601.0,598536601.0,598536602.0,598536602.0,598536605.0,598536586.0,598536632.0,51.0,37.0,35.0,81.0,13.0,1.0,67.0,0.0,1,0,recorded,1456
1648083226,2.0,2.0,2.0,5.7373,0.0,6750000.0,598536585.0,598536702.0,598536701.0,598536702.0,598536702.0,598536703.0,598536703.0,598536714.0,598536618.0,598536664.0,118.0,116.0,33.0,79.0,1.0,1.0,77.0,0.0,1,0,recorded,1457
1648086106,,,,,,,,,,,,,,,,,,,,,,,,,0,1,dropped_only,1458
1648088986,,,,,,,,,,,,,,,,,,,,,,,,,0,1,dropped_only,1459
1648091866,2.0,2.0,2.0,5.7373,0.0,6750000.0,598536678.0,598536716.0,598536704.0,598536716.0,598536716.0,598536717.0,598536718.0,598536721.0,598536714.0,598536760.0,40.0,27.0,36.0,82.0,12.0,1.0,69.0,0.0,1,0,recorded,1460
1648094746,2.0,2.0,2.0,5.7373,0.0,6750000.0,598536711.0,598536820.0,598536820.0,598536821.0,598536821.0,598536822.0,598536823.0,598536832.0,598536746.0,598536792.0,112.0,110.0,35.0,81.0,1.0,1.0,79.0,0.0,1,0,recorded,1461
1648097626,,,,,,,,,,,,,,,,,,,,,,,,,0,1,dropped_only,1462
1648101946,2.0,2.0,2.0,5.7373,0.0,6750000.0,598536795.0,598536834.0,598536824.0,598536834.0,598536835.0,598536835.0,598536835.0,598536840.0,598536826.0,598536872.0,40.0,30.0,31.0,77.0,10.0,0.0,67.0,0.0,1,0,recorded,1463
1648104826,2.0,2.0,2.0,5.7373,0.0,6750000.0,598536822.0,598536929.0,598536928.0,598536929.0,598536929.0,598536929.0,598536930.0,598536936.0,598536858.0,598536904.0,108.0,107.0,36.0,82.0,1.0,0.0,81.0,0.0,1,0,recorded,1464
1648107706,,,,,,,,,,,,,,,,,,,,,,,,,0,1,dropped_only,1465
1648110676,,,,,,,,,,,,,,,,,,,,,,,,,0,1,dropped_only,1466
1648113646,2.0,2.0,2.0,5.7373,0.0,6750000.0,598536919.0,598536938.0,598536933.0,598536938.0,598536938.0,598536939.0,598536939.0,598536941.0,598536956.0,598537002.0,20.0,14.0,37.0,83.0,5.0,1.0,77.0,0.0,1,0,recorded,1467
1648116436,2.0,2.0,2.0,5.7373,0.0,6750000.0,598536953.0,598537044.0,598537044.0,598537045.0,598537045.0,598537046.0,598537047.0,598537055.0,598536987.0,598537033.0,94.0,92.0,34.0,80.0,1.0,1.0,78.0,0.0,1,0,recorded,1468
1648119316,,,,,,,,,,,,,,,,,,,,,,,,,0,1,dropped_only,1469
1648122106,2.0,2.0,2.0,5.7373,0.0,6750000.0,598537012.0,598537056.0,598537049.0,598537057.0,598537057.0,598537057.0,598537057.0,598537059.0,598537050.0,598537096.0,45.0,37.0,38.0,84.0,8.0,0.0,76.0,0.0,1,0,recorded,1470
1648124986,2.0,2.0,2.0,5.7373,0.0,6750000.0,598537050.0,598537159.0,598537159.0,598537160.0,598537160.0,598537161.0,598537162.0,598537170.0,598537082.0,598537128.0,112.0,110.0,32.0,78.0,1.0,1.0,76.0,0.0,1,0,recorded,1471
1648127866,,,,,,,,,,,,,,,,,,,,,,,,,0,1,dropped_only,1472
1648130746,,,,,,,,,,,,,,,,,,,,,,,,,0,1,dropped_only,1473
1648133626,2.0,2.0,2.0,5.7373,0.0,6750000.0,598537148.0,598537171.0,598537164.0,598537171.0,598537172.0,598537172.0,598537172.0,598537175.0,598537178.0,598537224.0,24.0,17.0,30.0,76.0,7.0,0.0,69.0,0.0,1,0,recorded,1474
1648137946,2.0,2.0,2.0,5.7373,0.0,6750000.0,598537191.0,598537281.0,598537281.0,598537282.0,598537282.0,598537283.0,598537283.0,598537292.0,598537226.0,598537272.0,92.0,90.0,35.0,81.0,1.0,1.0,79.0,0.0,1,0,recorded,1475
1648140826,,,,,,,,,,,,,,,,,,,,,,,,,0,1,dropped_only,1476
1648143706,2.0,2.0,2.0,2.96021,0.0,6750000.0,598537255.0,598537294.0,598537284.0,598537295.0,598537295.0,598537295.0,598537295.0,598537297.0,598537290.0,598537336.0,40.0,29.0,35.0,81.0,11.0,0.0,70.0,0.0,1,0,recorded,1477
1648146586,2.0,2.0,2.0,2.96021,0.0,6750000.0,598537297.0,598537396.0,598537395.0,598537396.0,598537396.0,598537397.0,598537397.0,598537407.0,598537322.0,598537368.0,100.0,98.0,25.0,71.0,1.0,1.0,69.0,0.0,1,0,recorded,1478
1648149466,,,,,,,,,,,,,,,,,,,,,,,,,0,1,dropped_only,1479
1648152346,,,,,,,,,,,,,,,,,,,,,,,,,0,1,dropped_only,1480
1648155226,2.0,2.0,2.0,2.96021,0.0,6750000.0,598537385.0,598537409.0,598537400.0,598537409.0,598537409.0,598537410.0,598537410.0,598537412.0,598537418.0,598537464.0,25.0,15.0,33.0,79.0,9.0,1.0,69.0,0.0,1,0,recorded,1481
1648158106,2.0,2.0,2.0,2.96021,0.0,6750000.0,598537419.0,598537521.0,598537521.0,598537521.0,598537521.0,598537522.0,598537523.0,598537534.0,598537450.0,598537496.0,104.0,103.0,31.0,77.0,0.0,1.0,76.0,0.0,1,0,recorded,1482
1648160986,,,,,,,,,,,,,,,,,,,,,,,,,0,1,dropped_only,1483
1648163866,,,,,,,,,,,,,,,,,,,,,,,,,0,1,dropped_only,1484
1648166746,2.0,2.0,2.0,2.96021,0.0,6750000.0,598537518.0,598537536.0,598537522.0,598537536.0,598537536.0,598537536.0,598537537.0,598537541.0,598537546.0,598537592.0,19.0,5.0,28.0,74.0,14.0,0.0,60.0,0.0,1,0,recorded,1485
1648169716,2.0,2.0,2.0,2.96021,0.0,6750000.0,598537546.0,598537635.0,598537635.0,598537635.0,598537635.0,598537636.0,598537637.0,598537644.0,598537579.0,598537625.0,91.0,90.0,33.0,79.0,0.0,1.0,78.0,0.0,1,0,recorded,1486
1648172506,2.0,2.0,2.0,2.96021,0.0,6750000.0,598537575.0,598537645.0,598537636.0,598537645.0,598537646.0,598537646.0,598537646.0,598537649.0,598537610.0,598537656.0,71.0,62.0,35.0,81.0,9.0,0.0,72.0,0.0,1,0,recorded,1487
1648176826,2.0,2.0,2.0,2.96021,0.0,6750000.0,598537631.0,598537749.0,598537748.0,598537749.0,598537749.0,598537750.0,598537751.0,598537762.0,598537658.0,598537704.0,120.0,118.0,27.0,73.0,1.0,1.0,71.0,0.0,1,0,recorded,1488
1648179706,,,,,,,,,,,,,,,,,,,,,,,,,0,1,dropped_only,1489
1648182586,,,,,,,,,,,,,,,,,,,,,,,,,0,1,dropped_only,1490
1648185466,2.0,2.0,2.0,2.96021,0.0,6750000.0,598537724.0,598537764.0,598537753.0,598537764.0,598537764.0,598537765.0,598537765.0,598537769.0,598537754.0,598537800.0,41.0,29.0,30.0,76.0,11.0,1.0,64.0,0.0,1,0,recorded,1491
1648188346,2.0,2.0,2.0,2.96021,0.0,6750000.0,598537751.0,598537863.0,598537862.0,598537864.0,598537865.0,598537866.0,598537868.0,598537875.0,598537786.0,598537832.0,117.0,114.0,35.0,81.0,2.0,1.0,78.0,0.0,1,0,recorded,1492
1648191226,,,,,,,,,,,,,,,,,,,,,,,,,0,1,dropped_only,1493
1648194196,,,,,,,,,,,,,,,,,,,,,,,,,0,1,dropped_only,1494
1648197076,2.0,2.0,2.0,2.96021,0.0,6750000.0,598537848.0,598537877.0,598537869.0,598537877.0,598537878.0,598537878.0,598537878.0,598537880.0,598537883.0,598537929.0,30.0,22.0,35.0,81.0,8.0,0.0,73.0,0.0,1,0,recorded,1495
1648199956,2.0,2.0,2.0,2.96021,0.0,6750000.0,598537883.0,598537981.0,598537981.0,598537981.0,598537981.0,598537982.0,598537982.0,598537991.0,598537915.0,598537961.0,99.0,98.0,32.0,78.0,0.0,1.0,77.0,0.0,1,0,recorded,1496
1648202836,,,,,,,,,,,,,,,,,,,,,,,,,0,1,dropped_only,1497
1648205626,,,,,,,,,,,,,,,,,,,,,,,,,0,1,dropped_only,1498
1648208596,2.0,2.0,2.0,3.34167,0.0,6750000.0,598537976.0,598537994.0,598537986.0,598537993.0,598537993.0,598537993.0,598537993.0,598537996.0,598538011.0,598538057.0,17.0,10.0,35.0,81.0,7.0,0.0,74.0,0.0,1,0,recorded,1499
1648212826,2.0,2.0,2.0,3.34167,0.0,6750000.0,598538025.0,598538096.0,598538095.0,598538096.0,598538097.0,598538097.0,598538098.0,598538109.0,598538058.0,598538104.0,73.0,72.0,33.0,79.0,1.0,0.0,78.0,0.0,1,0,recorded,1500
1648215706,2.0,2.0,2.0,3.34167,0.0,6750000.0,598538051.0,598538110.0,598538101.0,598538111.0,598538111.0,598538112.0,598538112.0,598538113.0,598538090.0,598538136.0,61.0,50.0,39.0,85.0,10.0,1.0,74.0,0.0,1,0,recorded,1501
1648218586,2.0,2.0,2.0,3.34167,0.0,6750000.0,598538100.0,598538207.0,598538207.0,598538207.0,598538207.0,598538208.0,598538209.0,598538217.0,598538122.0,598538168.0,109.0,108.0,22.0,68.0,0.0,1.0,67.0,0.0,1,0,recorded,1502
1648221466,,,,,,,,,,,,,,,,,,,,,,,,,0,1,dropped_only,1503
1648224346,,,,,,,,,,,,,,,,,,,,,,,,,0,1,dropped_only,1504
1648227226,2.0,2.0,2.0,3.34167,0.0,6750000.0,598538189.0,598538219.0,598538210.0,598538219.0,598538219.0,598538220.0,598538220.0,598538225.0,598538218.0,598538264.0,31.0,21.0,29.0,75.0,9.0,1.0,65.0,0.0,1,0,recorded,1505
1648230106,2.0,2.0,2.0,3.34167,0.0,6750000.0,598538211.0,598538319.0,598538318.0,598538319.0,598538319.0,598538320.0,598538320.0,598538327.0,598538250.0,598538296.0,109.0,107.0,39.0,85.0,1.0,1.0,83.0,0.0,1,0,recorded,1506
1648232986,,,,,,,,,,,,,,,,,,,,,,,,,0,1,dropped_only,1507
1648235866,,,,,,,,,,,,,,,,,,,,,,,,,0,1,dropped_only,1508
1648238746,2.0,2.0,2.0,3.34167,0.0,6750000.0,598538310.0,598538329.0,598538321.0,598538329.0,598538329.0,598538330.0,598538330.0,598538332.0,598538346.0,598538392.0,20.0,11.0,36.0,82.0,8.0,1.0,73.0,0.0,1,0,recorded,1509
1648241626,2.0,2.0,2.0,3.34167,0.0,6750000.0,598538349.0,598538436.0,598538436.0,598538436.0,598538436.0,598538437.0,598538438.0,598538446.0,598538378.0,598538424.0,89.0,88.0,29.0,75.0,0.0,1.0,74.0,0.0,1,0,recorded,1510
1648244506,,,,,,,,,,,,,,,,,,,,,,,,,0,1,dropped_only,1511
1648248826,2.0,2.0,2.0,3.34167,0.0,6750000.0,598538420.0,598538448.0,598538439.0,598538448.0,598538448.0,598538448.0,598538448.0,598538450.0,598538458.0,598538504.0,28.0,19.0,38.0,84.0,9.0,0.0,75.0,0.0,1,0,recorded,1512
1648251706,2.0,2.0,2.0,3.34167,0.0,6750000.0,598538457.0,598538550.0,598538549.0,598538550.0,598538550.0,598538551.0,598538552.0,598538561.0,598538490.0,598538536.0,95.0,93.0,33.0,79.0,1.0,1.0,77.0,0.0,1,0,recorded,1513
1648254586,,,,,,,,,,,,,,,,,,,,,,,,,0,1,dropped_only,1514
1648257466,2.0,2.0,2.0,3.34167,0.0,6750000.0,598538517.0,598538562.0,598538553.0,598538562.0,598538562.0,598538563.0,598538563.0,598538565.0,598538554.0,598538600.0,46.0,36.0,37.0,83.0,9.0,1.0,73.0,0.0,1,0,recorded,1515
1648260346,2.0,2.0,2.0,3.34167,0.0,6750000.0,598538552.0,598538668.0,598538668.0,598538668.0,598538668.0,598538669.0,598538670.0,598538678.0,598538586.0,598538632.0,118.0,117.0,34.0,80.0,0.0,1.0,79.0,0.0,1,0,recorded,1516
1648263226,,,,,,,,,,,,,,,,,,,,,,,,,0,1,dropped_only,1517
1648266196,,,,,,,,,,,,,,,,,,,,,,,,,0,1,dropped_only,1518
1648269076,2.0,2.0,2.0,3.34167,0.0,6750000.0,598538648.0,598538680.0,598538672.0,598538680.0,598538680.0,598538681.0,598538681.0,598538684.0,598538683.0,598538729.0,33.0,24.0,35.0,81.0,8.0,1.0,72.0,0.0,1,0,recorded,1519
1648271956,2.0,2.0,2.0,3.34167,0.0,6750000.0,598538684.0,598538782.0,598538782.0,598538783.0,598538783.0,598538783.0,598538784.0,598538796.0,598538715.0,598538761.0,100.0,99.0,31.0,77.0,1.0,0.0,76.0,0.0,1,0,recorded,1520
1648274836,,,,,,,,,,,,,,,,,,,,,,,,,0,1,dropped_only,1521
1648277806,,,,,,,,,,,,,,,,,,,,,,,,,0,1,dropped_only,1522
1648280596,2.0,2.0,2.0,3.34167,0.0,6750000.0,598538775.0,598538797.0,598538786.0,598538797.0,598538798.0,598538798.0,598538798.0,598538800.0,598538811.0,598538857.0,23.0,12.0,36.0,82.0,11.0,0.0,71.0,0.0,1,0,recorded,1523
1648284826,2.0,2.0,2.0,3.34167,0.0,6750000.0,598538822.0,598538904.0,598538903.0,598538904.0,598538904.0,598538905.0,598538905.0,598538914.0,598538858.0,598538904.0,83.0,81.0,36.0,82.0,1.0,1.0,80.0,0.0,1,0,recorded,1524
1648287706,,,,,,,,,,,,,,,,,,,,,,,,,0,1,dropped_only,1525
1648290586,2.0,2.0,2.0,3.34167,0.0,6750000.0,598538896.0,598538916.0,598538907.0,598538916.0,598538916.0,598538917.0,598538917.0,598538918.0,598538922.0,598538968.0,21.0,11.0,26.0,72.0,9.0,1.0,62.0,0.0,1,0,recorded,1526
1648293556,2.0,2.0,2.0,3.34167,0.0,6750000.0,598538923.0,598539022.0,598539022.0,598539022.0,598539022.0,598539023.0,598539024.0,598539036.0,598538955.0,598539001.0,101.0,100.0,32.0,78.0,0.0,1.0,77.0,0.0,1,0,recorded,1527
1648296346,,,,,,,,,,,,,,,,,,,,,,,,,0,1,dropped_only,1528
1648299226,2.0,2.0,2.0,3.34167,0.0,6750000.0,598538985.0,598539037.0,598539024.0,598539037.0,598539038.0,598539038.0,598539038.0,598539041.0,598539018.0,598539064.0,53.0,40.0,33.0,79.0,13.0,0.0,66.0,0.0,1,0,recorded,1529
1648302196,2.0,2.0,2.0,3.34167,0.0,6750000.0,598539020.0,598539134.0,598539133.0,598539134.0,598539134.0,598539135.0,598539136.0,598539147.0,598539051.0,598539097.0,116.0,114.0,31.0,77.0,1.0,1.0,75.0,0.0,1,0,recorded,1530
1648304986,,,,,,,,,,,,,,,,,,,,,,,,,0,1,dropped_only,1531
1648307866,,,,,,,,,,,,,,,,,,,,,,,,,0,1,dropped_only,1532
1648310836,2.0,2.0,2.0,2.60925,0.0,6750000.0,598539110.0,598539149.0,598539137.0,598539149.0,598539149.0,598539150.0,598539150.0,598539152.0,598539147.0,598539193.0,40.0,27.0,37.0,83.0,12.0,1.0,70.0,0.0,1,0,recorded,1533
1648313626,2.0,2.0,2.0,2.60925,0.0,6750000.0,598539148.0,598539247.0,598539247.0,598539247.0,598539248.0,598539248.0,598539249.0,598539261.0,598539178.0,598539224.0,101.0,101.0,30.0,76.0,0.0,0.0,76.0,0.0,1,0,recorded,1534
1648316506,,,,,,,,,,,,,,,,,,,,,,,,,0,1,dropped_only,1535
1648320826,2.0,2.0,2.0,2.60925,0.0,6750000.0,598539223.0,598539263.0,598539249.0,598539263.0,598539264.0,598539264.0,598539264.0,598539267.0,598539258.0,598539304.0,41.0,27.0,35.0,81.0,14.0,0.0,67.0,0.0,1,0,recorded,1536
1648323706,2.0,2.0,2.0,2.60925,0.0,6750000.0,598539258.0,598539364.0,598539364.0,598539364.0,598539365.0,598539365.0,598539366.0,598539377.0,598539290.0,598539336.0,108.0,108.0,32.0,78.0,0.0,0.0,78.0,0.0,1,0,recorded,1537
1648326586,,,,,,,,,,,,,,,,,,,,,,,,,0,1,dropped_only,1538
1648329466,,,,,,,,,,,,,,,,,,,,,,,,,0,1,dropped_only,1539
1648332346,2.0,2.0,2.0,2.60925,0.0,6750000.0,598539350.0,598539379.0,598539367.0,598539379.0,598539379.0,598539380.0,598539380.0,598539382.0,598539386.0,598539432.0,30.0,17.0,36.0,82.0,12.0,1.0,69.0,0.0,1,0,recorded,1540
1648335226,2.0,2.0,2.0,2.60925,0.0,6750000.0,598539386.0,598539480.0,598539479.0,598539480.0,598539480.0,598539481.0,598539481.0,598539493.0,598539418.0,598539464.0,95.0,93.0,32.0,78.0,1.0,1.0,76.0,0.0,1,0,recorded,1541
1648338106,,,,,,,,,,,,,,,,,,,,,,,,,0,1,dropped_only,1542
1648340986,2.0,2.0,2.0,2.60925,0.0,6750000.0,598539451.0,598539495.0,598539483.0,598539495.0,598539495.0,598539495.0,598539496.0,598539500.0,598539482.0,598539528.0,45.0,33.0,31.0,77.0,12.0,0.0,65.0,0.0,1,0,recorded,1543
1648343866,2.0,2.0,2.0,2.60925,0.0,6750000.0,598539484.0,598539598.0,598539598.0,598539598.0,598539598.0,598539599.0,598539600.0,598539606.0,598539514.0,598539560.0,116.0,115.0,30.0,76.0,0.0,1.0,75.0,0.0,1,0,recorded,1544
1648346926,,,,,,,,,,,,,,,,,,,,,,,,,0,1,dropped_only,1545
1648349806,,,,,,,,,,,,,,,,,,,,,,,,,0,1,dropped_only,1546
1648352596,2.0,2.0,2.0,2.60925,0.0,6750000.0,598539578.0,598539607.0,598539601.0,598539608.0,598539608.0,598539608.0,598539609.0,598539614.0,598539611.0,598539657.0,31.0,24.0,33.0,79.0,7.0,0.0,72.0,0.0,1,0,recorded,1547
1648356826,2.0,2.0,2.0,2.60925,0.0,6750000.0,598539620.0,598539714.0,598539713.0,598539714.0,598539714.0,598539715.0,598539716.0,598539723.0,598539658.0,598539704.0,96.0,94.0,38.0,84.0,1.0,1.0,82.0,0.0,1,0,recorded,1548
1648359706,,,,,,,,,,,,,,,,,,,,,,,,,0,1,dropped_only,1549
1648362586,2.0,2.0,2.0,2.60925,0.0,6750000.0,598539686.0,598539725.0,598539718.0,598539725.0,598539725.0,598539725.0,598539726.0,598539728.0,598539722.0,598539768.0,40.0,33.0,36.0,82.0,7.0,0.0,75.0,0.0,1,0,recorded,1550
1648365466,2.0,2.0,2.0,2.53296,0.0,6750000.0,598539722.0,598539836.0,598539835.0,598539836.0,598539836.0,598539836.0,598539837.0,598539849.0,598539754.0,598539800.0,115.0,114.0,32.0,78.0,1.0,0.0,77.0,0.0,1,0,recorded,1551
1648368346,,,,,,,,,,,,,,,,,,,,,,,,,0,1,dropped_only,1552
1648371226,,,,,,,,,,,,,,,,,,,,,,,,,0,1,dropped_only,1553
1648374106,2.0,2.0,2.0,2.53296,0.0,6750000.0,598539821.0,598539851.0,598539840.0,598539852.0,598539852.0,598539852.0,598539852.0,598539856.0,598539850.0,598539896.0,31.0,19.0,29.0,75.0,12.0,0.0,63.0,0.0,1,0,recorded,1554
1648376986,2.0,2.0,2.0,2.53296,0.0,6750000.0,598539846.0,598539951.0,598539950.0,598539951.0,598539951.0,598539952.0,598539952.0,598539960.0,598539882.0,598539928.0,106.0,104.0,36.0,82.0,1.0,1.0,80.0,0.0,1,0,recorded,1555
1648379866,,,,,,,,,,,,,,,,,,,,,,,,,0,1,dropped_only,1556
1648382746,2.0,2.0,2.0,2.53296,0.0,6750000.0,598539908.0,598539962.0,598539953.0,598539962.0,598539962.0,598539963.0,598539963.0,598539965.0,598539946.0,598539992.0,55.0,45.0,38.0,84.0,9.0,1.0,74.0,0.0,1,0,recorded,1557
1648385626,2.0,2.0,2.0,2.53296,0.0,6750000.0,598539949.0,598540069.0,598540068.0,598540069.0,598540069.0,598540070.0,598540070.0,598540080.0,598539978.0,598540024.0,121.0,119.0,29.0,75.0,1.0,1.0,73.0,0.0,1,0,recorded,1558
1648388596,,,,,,,,,,,,,,,,,,,,,,,,,0,1,dropped_only,1559
1648392826,,,,,,,,,,,,,,,,,,,,,,,,,0,1,dropped_only,1560
1648395706,2.0,2.0,2.0,2.53296,0.0,6750000.0,598540052.0,598540082.0,598540072.0,598540082.0,598540082.0,598540082.0,598540083.0,598540084.0,598540090.0,598540136.0,31.0,21.0,38.0,84.0,10.0,0.0,74.0,0.0,1,0,recorded,1561
1648398586,2.0,2.0,2.0,2.53296,0.0,6750000.0,598540087.0,598540185.0,598540185.0,598540186.0,598540186.0,598540186.0,598540187.0,598540196.0,598540122.0,598540168.0,100.0,99.0,35.0,81.0,1.0,0.0,80.0,0.0,1,0,recorded,1562
1648401466,,,,,,,,,,,,,,,,,,,,,,,,,0,1,dropped_only,1563
1648404346,2.0,2.0,2.0,2.53296,0.0,6750000.0,598540151.0,598540198.0,598540189.0,598540198.0,598540198.0,598540198.0,598540198.0,598540200.0,598540186.0,598540232.0,47.0,38.0,35.0,81.0,9.0,0.0,72.0,0.0,1,0,recorded,1564
1648407226,2.0,2.0,2.0,2.53296,0.0,6750000.0,598540190.0,598540303.0,598540303.0,598540303.0,598540303.0,598540304.0,598540305.0,598540316.0,598540218.0,598540264.0,115.0,114.0,28.0,74.0,0.0,1.0,73.0,0.0,1,0,recorded,1565
1648410106,,,,,,,,,,,,,,,,,,,,,,,,,0,1,dropped_only,1566
1648412986,,,,,,,,,,,,,,,,,,,,,,,,,0,1,dropped_only,1567
1648415866,2.0,2.0,2.0,2.53296,0.0,6750000.0,598540282.0,598540318.0,598540307.0,598540318.0,598540318.0,598540319.0,598540319.0,598540323.0,598540314.0,598540360.0,37.0,25.0,32.0,78.0,11.0,1.0,66.0,0.0,1,0,recorded,1568
1648418746,2.0,2.0,2.0,2.53296,0.0,6750000.0,598540311.0,598540417.0,598540416.0,598540417.0,598540417.0,598540418.0,598540418.0,598540425.0,598540346.0,598540392.0,107.0,105.0,35.0,81.0,1.0,1.0,79.0,0.0,1,0,recorded,1569
1648421716,,,,,,,,,,,,,,,,,,,,,,,,,0,1,dropped_only,1570
1648424686,2.0,2.0,2.0,2.53296,0.0,6750000.0,598540385.0,598540427.0,598540418.0,598540427.0,598540427.0,598540428.0,598540428.0,598540432.0,598540412.0,598540458.0,43.0,33.0,27.0,73.0,9.0,1.0,63.0,0.0,1,0,recorded,1571
1648428826,2.0,2.0,2.0,2.53296,0.0,6750000.0,598540422.0,598540542.0,598540541.0,598540542.0,598540542.0,598540543.0,598540544.0,598540551.0,598540458.0,598540504.0,122.0,120.0,36.0,82.0,1.0,1.0,80.0,0.0,1,0,recorded,1572
1648431886,,,,,,,,,,,,,,,,,,,,,,,,,0,1,dropped_only,1573
1648434586,,,,,,,,,,,,,,,,,,,,,,,,,0,1,dropped_only,1574
1648437466,2.0,2.0,2.0,2.53296,0.0,6750000.0,598540516.0,598540552.0,598540546.0,598540552.0,598540553.0,598540553.0,598540553.0,598540555.0,598540554.0,598540600.0,37.0,31.0,38.0,84.0,6.0,0.0,78.0,0.0,1,0,recorded,1575
1648440346,2.0,2.0,2.0,2.53296,0.0,6750000.0,598540554.0,598540661.0,598540660.0,598540661.0,598540661.0,598540662.0,598540663.0,598540674.0,598540586.0,598540632.0,109.0,107.0,32.0,78.0,1.0,1.0,76.0,0.0,1,0,recorded,1576
1648443226,,,,,,,,,,,,,,,,,,,,,,,,,0,1,dropped_only,1577
1648446196,,,,,,,,,,,,,,,,,,,,,,,,,0,1,dropped_only,1578
1648449076,2.0,2.0,2.0,2.53296,0.0,6750000.0,598540646.0,598540676.0,598540666.0,598540676.0,598540677.0,598540677.0,598540677.0,598540679.0,598540683.0,598540729.0,31.0,21.0,37.0,83.0,10.0,0.0,73.0,0.0,1,0,recorded,1579
1648451866,2.0,2.0,2.0,2.53296,0.0,6750000.0,598540684.0,598540786.0,598540785.0,598540786.0,598540786.0,598540786.0,598540787.0,598540799.0,598540714.0,598540760.0,103.0,102.0,30.0,76.0,1.0,0.0,75.0,0.0,1,0,recorded,1580
1648454746,,,,,,,,,,,,,,,,,,,,,,,,,0,1,dropped_only,1581
1648457626,,,,,,,,,,,,,,,,,,,,,,,,,0,1,dropped_only,1582
1648460506,2.0,2.0,2.0,2.53296,0.0,6750000.0,598540779.0,598540801.0,598540791.0,598540801.0,598540801.0,598540801.0,598540802.0,598540806.0,598540810.0,598540856.0,23.0,13.0,31.0,77.0,10.0,0.0,67.0,0.0,1,0,recorded,1583
1648464826,2.0,2.0,2.0,2.53296,0.0,6750000.0,598540819.0,598540902.0,598540901.0,598540902.0,598540902.0,598540902.0,598540903.0,598540910.0,598540858.0,598540904.0,84.0,83.0,39.0,85.0,1.0,0.0,84.0,0.0,1,0,recorded,1584
1648467706,,,,,,,,,,,,,,,,,,,,,,,,,0,1,dropped_only,1585
1648470586,2.0,2.0,2.0,1.54114,0.0,6750000.0,598540884.0,598540912.0,598540904.0,598540912.0,598540912.0,598540912.0,598540912.0,598540915.0,598540922.0,598540968.0,28.0,20.0,38.0,84.0,8.0,0.0,76.0,0.0,1,0,recorded,1586
1648473466,2.0,2.0,2.0,1.54114,0.0,6750000.0,598540919.0,598541021.0,598541021.0,598541021.0,598541021.0,598541022.0,598541023.0,598541031.0,598540954.0,598541000.0,104.0,103.0,35.0,81.0,0.0,1.0,80.0,0.0,1,0,recorded,1587
1648476346,,,,,,,,,,,,,,,,,,,,,,,,,0,1,dropped_only,1588
1648479316,,,,,,,,,,,,,,,,,,,,,,,,,0,1,dropped_only,1589
1648482106,2.0,2.0,2.0,1.54114,0.0,6750000.0,598541014.0,598541033.0,598541025.0,598541033.0,598541034.0,598541034.0,598541035.0,598541037.0,598541050.0,598541096.0,21.0,13.0,36.0,82.0,8.0,0.0,74.0,0.0,1,0,recorded,1590
1648484986,2.0,2.0,2.0,1.54114,0.0,6750000.0,598541051.0,598541138.0,598541137.0,598541138.0,598541138.0,598541139.0,598541140.0,598541152.0,598541082.0,598541128.0,89.0,87.0,31.0,77.0,1.0,1.0,75.0,0.0,1,0,recorded,1591
1648487956,,,,,,,,,,,,,,,,,,,,,,,,,0,1,dropped_only,1592
1648490836,2.0,2.0,2.0,1.54114,0.0,6750000.0,598541121.0,598541154.0,598541141.0,598541155.0,598541155.0,598541155.0,598541156.0,598541158.0,598541147.0,598541193.0,35.0,21.0,26.0,72.0,14.0,0.0,58.0,0.0,1,0,recorded,1593
1648493716,2.0,2.0,2.0,1.54114,0.0,6750000.0,598541146.0,598541256.0,598541256.0,598541257.0,598541257.0,598541258.0,598541259.0,598541268.0,598541179.0,598541225.0,113.0,111.0,33.0,79.0,1.0,1.0,77.0,0.0,1,0,recorded,1594
1648496686,,,,,,,,,,,,,,,,,,,,,,,,,0,1,dropped_only,1595
1648501006,2.0,2.0,2.0,1.54114,0.0,6750000.0,598541226.0,598541270.0,598541260.0,598541270.0,598541270.0,598541271.0,598541271.0,598541274.0,598541260.0,598541306.0,45.0,34.0,34.0,80.0,10.0,1.0,69.0,0.0,1,0,recorded,1596
1648503886,2.0,2.0,2.0,1.54114,0.0,6750000.0,598541260.0,598541371.0,598541371.0,598541371.0,598541371.0,598541372.0,598541373.0,598541382.0,598541292.0,598541338.0,113.0,112.0,32.0,78.0,0.0,1.0,77.0,0.0,1,0,recorded,1597
1648506586,,,,,,,,,,,,,,,,,,,,,,,,,0,1,dropped_only,1598
1648509466,,,,,,,,,,,,,,,,,,,,,,,,,0,1,dropped_only,1599
1648512346,2.0,2.0,2.0,1.54114,0.0,6750000.0,598541347.0,598541384.0,598541374.0,598541384.0,598541385.0,598541385.0,598541386.0,598541387.0,598541386.0,598541432.0,39.0,29.0,39.0,85.0,10.0,0.0,75.0,0.0,1,0,recorded,1600
1648515226,2.0,2.0,2.0,1.54114,0.0,6750000.0,598541386.0,598541486.0,598541485.0,598541486.0,598541486.0,598541487.0,598541488.0,598541496.0,598541418.0,598541464.0,102.0,100.0,32.0,78.0,1.0,1.0,76.0,0.0,1,0,recorded,1601
1648518106,,,,,,,,,,,,,,,,,,,,,,,,,0,1,dropped_only,1602
1648520986,,,,,,,,,,,,,,,,,,,,,,,,,0,1,dropped_only,1603
1648523866,2.0,2.0,2.0,1.54114,0.0,6750000.0,598541478.0,598541498.0,598541488.0,598541498.0,598541498.0,598541498.0,598541498.0,598541501.0,598541514.0,598541560.0,20.0,10.0,36.0,82.0,10.0,0.0,72.0,0.0,1,0,recorded,1604
1648526746,2.0,2.0,2.0,1.54114,0.0,6750000.0,598541515.0,598541602.0,598541602.0,598541602.0,598541603.0,598541603.0,598541604.0,598541615.0,598541546.0,598541592.0,89.0,89.0,31.0,77.0,0.0,0.0,77.0,0.0,1,0,recorded,1605
1648529716,,,,,,,,,,,,,,,,,,,,,,,,,0,1,dropped_only,1606
1648532506,2.0,2.0,2.0,1.54114,0.0,6750000.0,598541576.0,598541617.0,598541607.0,598541617.0,598541617.0,598541618.0,598541618.0,598541620.0,598541610.0,598541656.0,42.0,31.0,34.0,80.0,10.0,1.0,69.0,0.0,1,0,recorded,1607
1648536826,2.0,2.0,2.0,1.54114,0.0,6750000.0,598541624.0,598541719.0,598541719.0,598541719.0,598541719.0,598541720.0,598541721.0,598541732.0,598541658.0,598541704.0,97.0,96.0,34.0,80.0,0.0,1.0,79.0,0.0,1,0,recorded,1608
1648539706,,,,,,,,,,,,,,,,,,,,,,,,,0,1,dropped_only,1609
1648542586,2.0,2.0,2.0,1.54114,0.0,6750000.0,598541691.0,598541734.0,598541724.0,598541734.0,598541734.0,598541735.0,598541735.0,598541737.0,598541722.0,598541768.0,44.0,33.0,31.0,77.0,10.0,1.0,66.0,0.0,1,0,recorded,1610
1648545466,2.0,2.0,2.0,1.54114,0.0,6750000.0,598541725.0,598541837.0,598541837.0,598541837.0,598541837.0,598541838.0,598541839.0,598541850.0,598541754.0,598541800.0,114.0,113.0,29.0,75.0,0.0,1.0,74.0,0.0,1,0,recorded,1611
1648548346,,,,,,,,,,,,,,,,,,,,,,,,,0,1,dropped_only,1612
1648551226,,,,,,,,,,,,,,,,,,,,,,,,,0,1,dropped_only,1613
1648554196,2.0,2.0,2.0,1.54114,0.0,6750000.0,598541817.0,598541852.0,598541841.0,598541852.0,598541852.0,598541853.0,598541853.0,598541857.0,598541851.0,598541897.0,36.0,24.0,34.0,80.0,11.0,1.0,68.0,0.0,1,0,recorded,1614
1648556986,2.0,2.0,2.0,1.54114,0.0,6750000.0,598541844.0,598541957.0,598541956.0,598541957.0,598541957.0,598541958.0,598541958.0,598541965.0,598541882.0,598541928.0,114.0,112.0,38.0,84.0,1.0,1.0,82.0,0.0,1,0,recorded,1615
1648559866,,,,,,,,,,,,,,,,,,,,,,,,,0,1,dropped_only,1616
1648562836,,,,,,,,,,,,,,,,,,,,,,,,,0,1,dropped_only,1617
1648565716,2.0,2.0,2.0,1.54114,0.0,6750000.0,598541942.0,598541967.0,598541962.0,598541967.0,598541967.0,598541967.0,598541968.0,598541970.0,598541979.0,598542025.0,26.0,21.0,37.0,83.0,5.0,0.0,78.0,0.0,1,0,recorded,1618
1648568596,2.0,2.0,2.0,1.54114,0.0,6750000.0,598541976.0,598542073.0,598542072.0,598542073.0,598542073.0,598542074.0,598542074.0,598542086.0,598542011.0,598542057.0,98.0,96.0,35.0,81.0,1.0,1.0,79.0,0.0,1,0,recorded,1619
1648571386,,,,,,,,,,,,,,,,,,,,,,,,,0,1,dropped_only,1620
1648575886,2.0,2.0,2.0,1.54114,0.0,6750000.0,598542059.0,598542088.0,598542077.0,598542088.0,598542088.0,598542089.0,598542089.0,598542092.0,598542092.0,598542138.0,30.0,18.0,33.0,79.0,11.0,1.0,67.0,0.0,1,0,recorded,1621
1648578676,2.0,2.0,2.0,1.54114,0.0,6750000.0,598542090.0,598542189.0,598542188.0,598542189.0,598542189.0,598542190.0,598542191.0,598542202.0,598542123.0,598542169.0,101.0,99.0,33.0,79.0,1.0,1.0,77.0,0.0,1,0,recorded,1622
1648581466,,,,,,,,,,,,,,,,,,,,,,,,,0,1,dropped_only,1623
1648584346,,,,,,,,,,,,,,,,,,,,,,,,,0,1,dropped_only,1624
1648587226,2.0,2.0,2.0,1.54114,0.0,6750000.0,598542180.0,598542204.0,598542193.0,598542204.0,598542204.0,598542205.0,598542205.0,598542207.0,598542218.0,598542264.0,25.0,13.0,38.0,84.0,11.0,1.0,72.0,0.0,1,0,recorded,1625
1648590196,2.0,2.0,2.0,1.54114,0.0,6750000.0,598542213.0,598542306.0,598542305.0,598542306.0,598542306.0,598542307.0,598542307.0,598542316.0,598542251.0,598542297.0,94.0,92.0,38.0,84.0,1.0,1.0,82.0,0.0,1,0,recorded,1626
1648592986,,,,,,,,,,,,,,,,,,,,,,,,,0,1,dropped_only,1627
1648595866,2.0,2.0,2.0,1.54114,0.0,6750000.0,598542276.0,598542318.0,598542308.0,598542318.0,598542318.0,598542319.0,598542319.0,598542321.0,598542314.0,598542360.0,43.0,32.0,38.0,84.0,10.0,1.0,73.0,0.0,1,0,recorded,1628
1648598746,2.0,2.0,2.0,1.54114,0.0,6750000.0,598542315.0,598542423.0,598542422.0,598542423.0,598542424.0,598542424.0,598542425.0,598542436.0,598542346.0,598542392.0,110.0,109.0,31.0,77.0,1.0,0.0,76.0,0.0,1,0,recorded,1629
1648601626,,,,,,,,,,,,,,,,,,,,,,,,,0,1,dropped_only,1630
1648604506,,,,,,,,,,,,,,,,,,,,,,,,,0,1,dropped_only,1631
1648607386,2.0,2.0,2.0,2.56348,0.0,6750000.0,598542406.0,598542438.0,598542427.0,598542438.0,598542438.0,598542439.0,598542439.0,598542441.0,598542442.0,598542488.0,33.0,21.0,36.0,82.0,11.0,1.0,70.0,0.0,1,0,recorded,1632
1648611706,2.0,2.0,2.0,2.56348,0.0,6750000.0,598542458.0,598542538.0,598542538.0,598542539.0,598542539.0,598542540.0,598542541.0,598542548.0,598542490.0,598542536.0,83.0,81.0,32.0,78.0,1.0,1.0,76.0,0.0,1,0,recorded,1633
1648614586,,,,,,,,,,,,,,,,,,,,,,,,,0,1,dropped_only,1634
1648617466,2.0,2.0,2.0,2.56348,0.0,6750000.0,598542519.0,598542550.0,598542541.0,598542550.0,598542550.0,598542551.0,598542551.0,598542554.0,598542554.0,598542600.0,32.0,22.0,35.0,81.0,9.0,1.0,71.0,0.0,1,0,recorded,1635
1648620346,2.0,2.0,2.0,2.56348,0.0,6750000.0,598542556.0,598542654.0,598542654.0,598542655.0,598542655.0,598542655.0,598542656.0,598542666.0,598542586.0,598542632.0,100.0,99.0,30.0,76.0,1.0,0.0,75.0,0.0,1,0,recorded,1636
1648623226,,,,,,,,,,,,,,,,,,,,,,,,,0,1,dropped_only,1637
1648626196,,,,,,,,,,,,,,,,,,,,,,,,,0,1,dropped_only,1638
1648628986,2.0,2.0,2.0,2.56348,0.0,6750000.0,598542644.0,598542667.0,598542658.0,598542668.0,598542668.0,598542668.0,598542668.0,598542670.0,598542682.0,598542728.0,24.0,14.0,38.0,84.0,10.0,0.0,74.0,0.0,1,0,recorded,1639
1648631866,2.0,2.0,2.0,2.56348,0.0,6750000.0,598542677.0,598542771.0,598542770.0,598542771.0,598542771.0,598542772.0,598542772.0,598542781.0,598542714.0,598542760.0,95.0,93.0,37.0,83.0,1.0,1.0,81.0,0.0,1,0,recorded,1640
1648634836,,,,,,,,,,,,,,,,,,,,,,,,,0,1,dropped_only,1641
1648637626,2.0,2.0,2.0,2.56348,0.0,6750000.0,598542747.0,598542782.0,598542774.0,598542783.0,598542784.0,598542785.0,598542786.0,598542787.0,598542778.0,598542824.0,39.0,29.0,31.0,77.0,9.0,1.0,67.0,0.0,1,0,recorded,1642
1648640506,2.0,2.0,2.0,2.56348,0.0,6750000.0,598542776.0,598542892.0,598542891.0,598542892.0,598542892.0,598542893.0,598542894.0,598542905.0,598542810.0,598542856.0,118.0,116.0,34.0,80.0,1.0,1.0,78.0,0.0,1,0,recorded,1643
1648643386,,,,,,,,,,,,,,,,,,,,,,,,,0,1,dropped_only,1644
1648647886,2.0,2.0,2.0,2.56348,0.0,6750000.0,598542868.0,598542908.0,598542895.0,598542908.0,598542908.0,598542908.0,598542909.0,598542913.0,598542892.0,598542938.0,41.0,28.0,24.0,70.0,13.0,0.0,57.0,0.0,1,0,recorded,1645
1648650676,2.0,2.0,2.0,2.56348,0.0,6750000.0,598542889.0,598543005.0,598543004.0,598543005.0,598543006.0,598543007.0,598543009.0,598543015.0,598542923.0,598542969.0,120.0,118.0,34.0,80.0,1.0,1.0,78.0,0.0,1,0,recorded,1646
1648653646,,,,,,,,,,,,,,,,,,,,,,,,,0,1,dropped_only,1647
1648656436,,,,,,,,,,,,,,,,,,,,,,,,,0,1,dropped_only,1648
1648659226,2.0,2.0,2.0,2.56348,0.0,6750000.0,598542980.0,598543019.0,598543010.0,598543019.0,598543020.0,598543020.0,598543020.0,598543022.0,598543018.0,598543064.0,40.0,31.0,38.0,84.0,9.0,0.0,75.0,0.0,1,0,recorded,1649
1648662196,2.0,2.0,2.0,2.56348,0.0,6750000.0,598543020.0,598543121.0,598543120.0,598543121.0,598543121.0,598543122.0,598543123.0,598543134.0,598543051.0,598543097.0,103.0,101.0,31.0,77.0,1.0,1.0,75.0,0.0,1,0,recorded,1650
1648664986,,,,,,,,,,,,,,,,,,,,,,,,,0,1,dropped_only,1651
1648667956,2.0,2.0,2.0,3.00598,0.0,6750000.0,598543080.0,598543136.0,598543126.0,598543137.0,598543137.0,598543137.0,598543138.0,598543140.0,598543115.0,598543161.0,58.0,47.0,35.0,81.0,11.0,0.0,70.0,0.0,1,0,recorded,1652
1648670746,2.0,2.0,2.0,3.00598,0.0,6750000.0,598543117.0,598543232.0,598543231.0,598543232.0,598543232.0,598543233.0,598543234.0,598543245.0,598543146.0,598543192.0,117.0,115.0,29.0,75.0,1.0,1.0,73.0,0.0,1,0,recorded,1653
1648673626,,,,,,,,,,,,,,,,,,,,,,,,,0,1,dropped_only,1654
1648676506,,,,,,,,,,,,,,,,,,,,,,,,,0,1,dropped_only,1655
1648679476,2.0,2.0,2.0,3.00598,0.0,6750000.0,598543207.0,598543247.0,598543236.0,598543248.0,598543248.0,598543248.0,598543249.0,598543250.0,598543243.0,598543289.0,42.0,30.0,36.0,82.0,12.0,0.0,70.0,0.0,1,0,recorded,1656
1648683706,2.0,2.0,2.0,3.00598,0.0,6750000.0,598543253.0,598543343.0,598543343.0,598543343.0,598543344.0,598543345.0,598543346.0,598543354.0,598543290.0,598543336.0,93.0,92.0,37.0,83.0,0.0,1.0,82.0,0.0,1,0,recorded,1657
1648686586,,,,,,,,,,,,,,,,,,,,,,,,,0,1,dropped_only,1658
1648689466,2.0,2.0,2.0,3.00598,0.0,6750000.0,598543319.0,598543356.0,598543346.0,598543356.0,598543356.0,598543357.0,598543357.0,598543359.0,598543354.0,598543400.0,38.0,27.0,35.0,81.0,10.0,1.0,70.0,0.0,1,0,recorded,1659
1648692346,2.0,2.0,2.0,3.00598,0.0,6750000.0,598543350.0,598543458.0,598543457.0,598543458.0,598543458.0,598543458.0,598543459.0,598543467.0,598543386.0,598543432.0,109.0,108.0,36.0,82.0,1.0,0.0,81.0,0.0,1,0,recorded,1660
1648695226,,,,,,,,,,,,,,,,,,,,,,,,,0,1,dropped_only,1661
1648698196,,,,,,,,,,,,,,,,,,,,,,,,,0,1,dropped_only,1662
1648700986,2.0,2.0,2.0,3.00598,0.0,6750000.0,598543446.0,598543469.0,598543461.0,598543469.0,598543469.0,598543469.0,598543470.0,598543471.0,598543482.0,598543528.0,24.0,16.0,36.0,82.0,8.0,0.0,74.0,0.0,1,0,recorded,1663
1648703866,2.0,2.0,2.0,3.00598,0.0,6750000.0,598543479.0,598543583.0,598543582.0,598543583.0,598543583.0,598543583.0,598543584.0,598543590.0,598543514.0,598543560.0,105.0,104.0,35.0,81.0,1.0,0.0,80.0,0.0,1,0,recorded,1664
1648706746,,,,,,,,,,,,,,,,,,,,,,,,,0,1,dropped_only,1665
1648709716,2.0,2.0,2.0,3.00598,0.0,6750000.0,598543547.0,598543591.0,598543584.0,598543591.0,598543591.0,598543591.0,598543591.0,598543594.0,598543579.0,598543625.0,44.0,37.0,32.0,78.0,7.0,0.0,71.0,0.0,1,0,recorded,1666
1648712596,2.0,2.0,2.0,3.00598,0.0,6750000.0,598543580.0,598543697.0,598543697.0,598543698.0,598543698.0,598543699.0,598543700.0,598543712.0,598543611.0,598543657.0,120.0,118.0,31.0,77.0,1.0,1.0,75.0,0.0,1,0,recorded,1667
1648715386,,,,,,,,,,,,,,,,,,,,,,,,,0,1,dropped_only,1668
1648719886,2.0,2.0,2.0,3.00598,0.0,6750000.0,598543659.0,598543713.0,598543702.0,598543714.0,598543714.0,598543714.0,598543714.0,598543717.0,598543692.0,598543738.0,55.0,43.0,33.0,79.0,12.0,0.0,67.0,0.0,1,0,recorded,1669
1648722766,2.0,2.0,2.0,3.00598,0.0,6750000.0,598543704.0,598543818.0,598543817.0,598543818.0,598543818.0,598543819.0,598543820.0,598543832.0,598543724.0,598543770.0,116.0,114.0,20.0,66.0,1.0,1.0,64.0,0.0,1,0,recorded,1670
1648725556,,,,,,,,,,,,,,,,,,,,,,,,,0,1,dropped_only,1671
1648728346,,,,,,,,,,,,,,,,,,,,,,,,,0,1,dropped_only,1672
1648731226,,,,,,,,,,,,,,,,,,,,,,,,,0,1,dropped_only,1673
1648734106,2.0,2.0,2.0,3.00598,0.0,6750000.0,598543813.0,598543834.0,598543822.0,598543834.0,598543834.0,598543834.0,598543835.0,598543837.0,598543850.0,598543896.0,22.0,10.0,37.0,83.0,12.0,0.0,71.0,0.0,1,0,recorded,1674
1648736986,2.0,2.0,2.0,3.00598,0.0,6750000.0,598543847.0,598543933.0,598543933.0,598543934.0,598543934.0,598543935.0,598543936.0,598543945.0,598543882.0,598543928.0,89.0,87.0,35.0,81.0,1.0,1.0,79.0,0.0,1,0,recorded,1675
1648739956,,,,,,,,,,,,,,,,,,,,,,,,,0,1,dropped_only,1676
1648742746,2.0,2.0,2.0,3.00598,0.0,6750000.0,598543909.0,598543947.0,598543936.0,598543948.0,598543948.0,598543948.0,598543949.0,598543950.0,598543946.0,598543992.0,40.0,28.0,37.0,83.0,12.0,0.0,71.0,0.0,1,0,recorded,1677
1648745626,2.0,2.0,2.0,3.00598,0.0,6750000.0,598543952.0,598544052.0,598544052.0,598544053.0,598544053.0,598544054.0,598544055.0,598544066.0,598543978.0,598544024.0,103.0,101.0,26.0,72.0,1.0,1.0,70.0,0.0,1,0,recorded,1678
1648748506,,,,,,,,,,,,,,,,,,,,,,,,,0,1,dropped_only,1679
1648751386,2.0,2.0,2.0,3.00598,0.0,6750000.0,598544007.0,598544068.0,598544056.0,598544069.0,598544069.0,598544069.0,598544070.0,598544072.0,598544042.0,598544088.0,63.0,50.0,35.0,81.0,13.0,0.0,68.0,0.0,1,0,recorded,1680
1648755706,2.0,2.0,2.0,3.00598,0.0,6750000.0,598544059.0,598544167.0,598544167.0,598544167.0,598544168.0,598544168.0,598544169.0,598544181.0,598544090.0,598544136.0,110.0,110.0,31.0,77.0,0.0,0.0,77.0,0.0,1,0,recorded,1681
1648758586,,,,,,,,,,,,,,,,,,,,,,,,,0,1,dropped_only,1682
1648761466,,,,,,,,,,,,,,,,,,,,,,,,,0,1,dropped_only,1683
1648764346,2.0,2.0,2.0,3.18909,0.0,6750000.0,598544148.0,598544183.0,598544171.0,598544183.0,598544183.0,598544183.0,598544184.0,598544186.0,598544186.0,598544232.0,36.0,24.0,38.0,84.0,12.0,0.0,72.0,0.0,1,0,recorded,1684
1648767226,2.0,2.0,2.0,3.18909,0.0,6750000.0,598544184.0,598544286.0,598544286.0,598544287.0,598544287.0,598544287.0,598544288.0,598544297.0,598544218.0,598544264.0,104.0,103.0,34.0,80.0,1.0,0.0,79.0,0.0,1,0,recorded,1685
1648770196,,,,,,,,,,,,,,,,,,,,,,,,,0,1,dropped_only,1686
1648772986,,,,,,,,,,,,,,,,,,,,,,,,,0,1,dropped_only,1687
1648775866,2.0,2.0,2.0,3.18909,0.0,6750000.0,598544277.0,598544299.0,598544292.0,598544299.0,598544299.0,598544300.0,598544300.0,598544303.0,598544314.0,598544360.0,23.0,15.0,37.0,83.0,7.0,1.0,75.0,0.0,1,0,recorded,1688
1648778746,2.0,2.0,2.0,3.18909,0.0,6750000.0,598544315.0,598544411.0,598544411.0,598544411.0,598544411.0,598544412.0,598544413.0,598544423.0,598544346.0,598544392.0,98.0,97.0,31.0,77.0,0.0,1.0,76.0,0.0,1,0,recorded,1689
1648781626,,,,,,,,,,,,,,,,,,,,,,,,,0,1,dropped_only,1690
1648784596,,,,,,,,,,,,,,,,,,,,,,,,,0,1,dropped_only,1691
1648787476,2.0,2.0,2.0,3.18909,0.0,6750000.0,598544407.0,598544426.0,598544414.0,598544426.0,598544426.0,598544427.0,598544427.0,598544429.0,598544443.0,598544489.0,20.0,7.0,36.0,82.0,12.0,1.0,69.0,0.0,1,0,recorded,1692
1648791796,2.0,2.0,2.0,3.18909,0.0,6750000.0,598544460.0,598544527.0,598544526.0,598544527.0,598544527.0,598544528.0,598544529.0,598544538.0,598544491.0,598544537.0,69.0,67.0,31.0,77.0,1.0,1.0,75.0,0.0,1,0,recorded,1693
1648794676,,,,,,,,,,,,,,,,,,,,,,,,,0,1,dropped_only,1694
1648797646,2.0,2.0,2.0,3.18909,0.0,6750000.0,598544519.0,598544540.0,598544529.0,598544540.0,598544540.0,598544541.0,598544541.0,598544543.0,598544556.0,598544602.0,22.0,10.0,37.0,83.0,11.0,1.0,71.0,0.0,1,0,recorded,1695
1648800436,2.0,2.0,2.0,3.18909,0.0,6750000.0,598544555.0,598544647.0,598544647.0,598544647.0,598544648.0,598544648.0,598544649.0,598544661.0,598544587.0,598544633.0,94.0,94.0,32.0,78.0,0.0,0.0,78.0,0.0,1,0,recorded,1696
1648803226,,,,,,,,,,,,,,,,,,,,,,,,,0,1,dropped_only,1697
1648806106,,,,,,,,,,,,,,,,,,,,,,,,,0,1,dropped_only,1698
1648808986,2.0,2.0,2.0,3.18909,0.0,6750000.0,598544645.0,598544665.0,598544652.0,598544663.0,598544663.0,598544663.0,598544664.0,598544665.0,598544682.0,598544728.0,19.0,8.0,37.0,83.0,11.0,0.0,72.0,0.0,1,0,recorded,1699
1648811866,2.0,2.0,2.0,3.18909,0.0,6750000.0,598544682.0,598544765.0,598544765.0,598544765.0,598544765.0,598544766.0,598544767.0,598544778.0,598544714.0,598544760.0,85.0,84.0,32.0,78.0,0.0,1.0,77.0,0.0,1,0,recorded,1700
1648814746,,,,,,,,,,,,,,,,,,,,,,,,,0,1,dropped_only,1701
1648817626,2.0,2.0,2.0,3.18909,0.0,6750000.0,598544749.0,598544780.0,598544768.0,598544780.0,598544780.0,598544780.0,598544781.0,598544785.0,598544778.0,598544824.0,32.0,20.0,29.0,75.0,12.0,0.0,63.0,0.0,1,0,recorded,1702
1648820506,2.0,2.0,2.0,3.18909,0.0,6750000.0,598544772.0,598544887.0,598544886.0,598544887.0,598544887.0,598544888.0,598544890.0,598544895.0,598544810.0,598544856.0,118.0,116.0,38.0,84.0,1.0,1.0,82.0,0.0,1,0,recorded,1703
1648823386,,,,,,,,,,,,,,,,,,,,,,,,,0,1,dropped_only,1704
1648827706,2.0,2.0,2.0,3.18909,0.0,6750000.0,598544857.0,598544898.0,598544890.0,598544899.0,598544899.0,598544900.0,598544900.0,598544905.0,598544890.0,598544936.0,43.0,33.0,33.0,79.0,9.0,1.0,69.0,0.0,1,0,recorded,1705
1648830586,2.0,2.0,2.0,3.18909,0.0,6750000.0,598544884.0,598545006.0,598545005.0,598545006.0,598545006.0,598545007.0,598545008.0,598545015.0,598544922.0,598544968.0,124.0,122.0,38.0,84.0,1.0,1.0,82.0,0.0,1,0,recorded,1706
1648833466,,,,,,,,,,,,,,,,,,,,,,,,,0,1,dropped_only,1707
1648836346,,,,,,,,,,,,,,,,,,,,,,,,,0,1,dropped_only,1708
1648839316,2.0,2.0,2.0,3.18909,0.0,6750000.0,598544989.0,598545017.0,598545010.0,598545018.0,598545018.0,598545018.0,598545019.0,598545023.0,598545019.0,598545065.0,30.0,22.0,30.0,76.0,8.0,0.0,68.0,0.0,1,0,recorded,1709
1648842106,2.0,2.0,2.0,3.18909,0.0,6750000.0,598545016.0,598545121.0,598545121.0,598545121.0,598545121.0,598545122.0,598545123.0,598545130.0,598545050.0,598545096.0,107.0,106.0,34.0,80.0,0.0,1.0,79.0,0.0,1,0,recorded,1710
1648844986,,,,,,,,,,,,,,,,,,,,,,,,,0,1,dropped_only,1711
1648847866,,,,,,,,,,,,,,,,,,,,,,,,,0,1,dropped_only,1712
1648850746,2.0,2.0,2.0,3.18909,0.0,6750000.0,598545116.0,598545132.0,598545124.0,598545132.0,598545132.0,598545133.0,598545133.0,598545137.0,598545146.0,598545192.0,17.0,8.0,30.0,76.0,8.0,1.0,67.0,0.0,1,0,recorded,1713
1648853626,2.0,2.0,2.0,3.18909,0.0,6750000.0,598545146.0,598545234.0,598545234.0,598545235.0,598545235.0,598545235.0,598545237.0,598545244.0,598545178.0,598545224.0,91.0,90.0,32.0,78.0,1.0,0.0,77.0,0.0,1,0,recorded,1714
1648856506,,,,,,,,,,,,,,,,,,,,,,,,,0,1,dropped_only,1715
1648859386,2.0,2.0,2.0,3.18909,0.0,6750000.0,598545214.0,598545245.0,598545237.0,598545245.0,598545246.0,598545246.0,598545246.0,598545252.0,598545242.0,598545288.0,32.0,24.0,28.0,74.0,8.0,0.0,66.0,0.0,1,0,recorded,1716
1648863706,2.0,2.0,2.0,3.18909,0.0,6750000.0,598545253.0,598545348.0,598545347.0,598545348.0,598545348.0,598545349.0,598545350.0,598545357.0,598545290.0,598545336.0,97.0,95.0,37.0,83.0,1.0,1.0,81.0,0.0,1,0,recorded,1717
1648866586,,,,,,,,,,,,,,,,,,,,,,,,,0,1,dropped_only,1718
1648869466,2.0,2.0,2.0,3.63159,0.0,6750000.0,598545315.0,598545359.0,598545350.0,598545359.0,598545359.0,598545360.0,598545360.0,598545361.0,598545354.0,598545400.0,45.0,35.0,39.0,85.0,9.0,1.0,75.0,0.0,1,0,recorded,1719
1648872346,2.0,2.0,2.0,3.63159,0.0,6750000.0,598545363.0,598545466.0,598545466.0,598545466.0,598545466.0,598545467.0,598545467.0,598545479.0,598545386.0,598545432.0,104.0,103.0,23.0,69.0,0.0,1.0,68.0,0.0,1,0,recorded,1720
1648875316,,,,,,,,,,,,,,,,,,,,,,,,,0,1,dropped_only,1721
1648878286,,,,,,,,,,,,,,,,,,,,,,,,,0,1,dropped_only,1722
1648881166,2.0,2.0,2.0,3.63159,0.0,6750000.0,598545448.0,598545480.0,598545468.0,598545480.0,598545480.0,598545481.0,598545481.0,598545483.0,598545484.0,598545530.0,33.0,20.0,36.0,82.0,12.0,1.0,69.0,0.0,1,0,recorded,1723
1648883866,2.0,2.0,2.0,3.63159,0.0,6750000.0,598545482.0,598545586.0,598545586.0,598545586.0,598545587.0,598545587.0,598545588.0,598545600.0,598545514.0,598545560.0,106.0,106.0,32.0,78.0,0.0,0.0,78.0,0.0,1,0,recorded,1724
1648886746,,,,,,,,,,,,,,,,,,,,,,,,,0,1,dropped_only,1725
1648889626,,,,,,,,,,,,,,,,,,,,,,,,,0,1,dropped_only,1726
1648892506,2.0,2.0,2.0,3.63159,0.0,6750000.0,598545578.0,598545602.0,598545589.0,598545602.0,598545602.0,598545602.0,598545603.0,598545604.0,598545610.0,598545656.0,25.0,12.0,32.0,78.0,13.0,0.0,65.0,0.0,1,0,recorded,1727
1648895386,2.0,2.0,2.0,3.63159,0.0,6750000.0,598545609.0,598545704.0,598545703.0,598545704.0,598545704.0,598545705.0,598545706.0,598545714.0,598545642.0,598545688.0,97.0,95.0,33.0,79.0,1.0,1.0,77.0,0.0,1,0,recorded,1728
1648899706,,,,,,,,,,,,,,,,,,,,,,,,,0,1,dropped_only,1729
1648902586,2.0,2.0,2.0,3.63159,0.0,6750000.0,598545686.0,598545716.0,598545708.0,598545716.0,598545716.0,598545717.0,598545717.0,598545718.0,598545722.0,598545768.0,31.0,22.0,36.0,82.0,8.0,1.0,73.0,0.0,1,0,recorded,1730
1648905466,2.0,2.0,2.0,3.63159,0.0,6750000.0,598545718.0,598545822.0,598545821.0,598545822.0,598545822.0,598545823.0,598545823.0,598545831.0,598545754.0,598545800.0,105.0,103.0,36.0,82.0,1.0,1.0,80.0,0.0,1,0,recorded,1731
1648908346,,,,,,,,,,,,,,,,,,,,,,,,,0,1,dropped_only,1732
1648911226,,,,,,,,,,,,,,,,,,,,,,,,,0,1,dropped_only,1733
1648914106,2.0,2.0,2.0,3.63159,0.0,6750000.0,598545817.0,598545833.0,598545826.0,598545833.0,598545833.0,598545834.0,598545834.0,598545837.0,598545850.0,598545896.0,17.0,9.0,33.0,79.0,7.0,1.0,71.0,0.0,1,0,recorded,1734
1648916986,2.0,2.0,2.0,3.20435,0.0,6750000.0,598545852.0,598545939.0,598545939.0,598545939.0,598545940.0,598545940.0,598545942.0,598545953.0,598545882.0,598545928.0,90.0,90.0,30.0,76.0,0.0,0.0,76.0,0.0,1,0,recorded,1735
1648919866,,,,,,,,,,,,,,,,,,,,,,,,,0,1,dropped_only,1736
1648922746,2.0,2.0,2.0,3.20435,0.0,6750000.0,598545912.0,598545955.0,598545943.0,598545956.0,598545956.0,598545957.0,598545957.0,598545960.0,598545946.0,598545992.0,45.0,31.0,34.0,80.0,13.0,1.0,66.0,0.0,1,0,recorded,1737
1648925626,2.0,2.0,2.0,3.20435,0.0,6750000.0,598545948.0,598546052.0,598546052.0,598546052.0,598546053.0,598546053.0,598546055.0,598546067.0,598545978.0,598546024.0,107.0,107.0,30.0,76.0,0.0,0.0,76.0,0.0,1,0,recorded,1738
1648928506,,,,,,,,,,,,,,,,,,,,,,,,,0,1,dropped_only,1739
1648931386,2.0,2.0,2.0,3.20435,0.0,6750000.0,598546006.0,598546069.0,598546055.0,598546069.0,598546069.0,598546070.0,598546070.0,598546073.0,598546042.0,598546088.0,64.0,49.0,36.0,82.0,14.0,1.0,67.0,0.0,1,0,recorded,1740
1648935706,2.0,2.0,2.0,3.20435,0.0,6750000.0,598546058.0,598546164.0,598546164.0,598546165.0,598546165.0,598546165.0,598546166.0,598546177.0,598546090.0,598546136.0,108.0,107.0,32.0,78.0,1.0,0.0,77.0,0.0,1,0,recorded,1741
1648938586,,,,,,,,,,,,,,,,,,,,,,,,,0,1,dropped_only,1742
1648941466,,,,,,,,,,,,,,,,,,,,,,,,,0,1,dropped_only,1743
1648944346,2.0,2.0,2.0,3.20435,0.0,6750000.0,598546151.0,598546179.0,598546167.0,598546179.0,598546180.0,598546180.0,598546180.0,598546182.0,598546186.0,598546232.0,29.0,17.0,35.0,81.0,12.0,0.0,69.0,0.0,1,0,recorded,1744
1648947226,2.0,2.0,2.0,3.20435,0.0,6750000.0,598546181.0,598546292.0,598546292.0,598546293.0,598546293.0,598546293.0,598546293.0,598546298.0,598546218.0,598546264.0,112.0,111.0,37.0,83.0,1.0,0.0,82.0,0.0,1,0,recorded,1745
1648950376,,,,,,,,,,,,,,,,,,,,,,,,,0,1,dropped_only,1746
1648953166,2.0,2.0,2.0,3.20435,0.0,6750000.0,598546249.0,598546299.0,598546295.0,598546299.0,598546299.0,598546300.0,598546300.0,598546302.0,598546284.0,598546330.0,51.0,46.0,35.0,81.0,4.0,1.0,76.0,0.0,1,0,recorded,1747
1648955956,2.0,2.0,2.0,3.20435,0.0,6750000.0,598546289.0,598546414.0,598546413.0,598546414.0,598546414.0,598546414.0,598546415.0,598546423.0,598546315.0,598546361.0,126.0,125.0,26.0,72.0,1.0,0.0,71.0,0.0,1,0,recorded,1748
1648958836,,,,,,,,,,,,,,,,,,,,,,,,,0,1,dropped_only,1749
1648961626,,,,,,,,,,,,,,,,,,,,,,,,,0,1,dropped_only,1750
1648964506,,,,,,,,,,,,,,,,,,,,,,,,,0,1,dropped_only,1751
1648967386,2.0,2.0,2.0,3.20435,0.0,6750000.0,598546406.0,598546425.0,598546419.0,598546425.0,598546425.0,598546425.0,598546425.0,598546428.0,598546442.0,598546488.0,19.0,13.0,36.0,82.0,6.0,0.0,76.0,0.0,1,0,recorded,1752
1648971796,2.0,2.0,2.0,3.37219,0.0,6750000.0,598546457.0,598546528.0,598546527.0,598546528.0,598546529.0,598546530.0,598546531.0,598546540.0,598546491.0,598546537.0,74.0,72.0,34.0,80.0,1.0,1.0,78.0,0.0,1,0,recorded,1753
1648974586,,,,,,,,,,,,,,,,,,,,,,,,,0,1,dropped_only,1754
1648977466,2.0,2.0,2.0,3.37219,0.0,6750000.0,598546518.0,598546541.0,598546531.0,598546542.0,598546542.0,598546542.0,598546543.0,598546545.0,598546554.0,598546600.0,25.0,14.0,36.0,82.0,11.0,0.0,71.0,0.0,1,0,recorded,1755
1648980346,2.0,2.0,2.0,3.37219,0.0,6750000.0,598546553.0,598546655.0,598546654.0,598546655.0,598546655.0,598546656.0,598546657.0,598546666.0,598546586.0,598546632.0,104.0,102.0,33.0,79.0,1.0,1.0,77.0,0.0,1,0,recorded,1756
1648983226,,,,,,,,,,,,,,,,,,,,,,,,,0,1,dropped_only,1757
1648986106,2.0,2.0,2.0,3.37219,0.0,6750000.0,598546618.0,598546668.0,598546658.0,598546668.0,598546668.0,598546668.0,598546668.0,598546673.0,598546650.0,598546696.0,50.0,40.0,32.0,78.0,10.0,0.0,68.0,0.0,1,0,recorded,1758
1648988986,2.0,2.0,2.0,3.37219,0.0,6750000.0,598546658.0,598546771.0,598546770.0,598546771.0,598546771.0,598546771.0,598546772.0,598546777.0,598546682.0,598546728.0,114.0,113.0,24.0,70.0,1.0,0.0,69.0,0.0,1,0,recorded,1759
1648991866,,,,,,,,,,,,,,,,,,,,,,,,,0,1,dropped_only,1760
1648994746,,,,,,,,,,,,,,,,,,,,,,,,,0,1,dropped_only,1761
1648997626,2.0,2.0,2.0,3.37219,0.0,6750000.0,598546745.0,598546778.0,598546775.0,598546778.0,598546779.0,598546779.0,598546779.0,598546784.0,598546778.0,598546824.0,34.0,31.0,33.0,79.0,3.0,0.0,76.0,0.0,1,0,recorded,1762
1649000506,2.0,2.0,2.0,3.37219,0.0,6750000.0,598546772.0,598546898.0,598546897.0,598546898.0,598546898.0,598546899.0,598546899.0,598546907.0,598546810.0,598546856.0,127.0,125.0,38.0,84.0,1.0,1.0,82.0,0.0,1,0,recorded,1763
1649003476,,,,,,,,,,,,,,,,,,,,,,,,,0,1,dropped_only,1764
1649006266,2.0,2.0,2.0,3.37219,0.0,6750000.0,598546836.0,598546909.0,598546899.0,598546909.0,598546909.0,598546909.0,598546909.0,598546912.0,598546874.0,598546920.0,73.0,63.0,38.0,84.0,10.0,0.0,74.0,0.0,1,0,recorded,1765
1649010586,2.0,2.0,2.0,3.37219,0.0,6750000.0,598546896.0,598547008.0,598547007.0,598547008.0,598547008.0,598547009.0,598547009.0,598547020.0,598546922.0,598546968.0,113.0,111.0,26.0,72.0,1.0,1.0,70.0,0.0,1,0,recorded,1766
1649013466,,,,,,,,,,,,,,,,,,,,,,,,,0,1,dropped_only,1767
1649016346,,,,,,,,,,,,,,,,,,,,,,,,,0,1,dropped_only,1768
1649019316,2.0,2.0,2.0,3.37219,0.0,6750000.0,598546980.0,598547022.0,598547010.0,598547022.0,598547022.0,598547022.0,598547022.0,598547024.0,598547019.0,598547065.0,42.0,30.0,39.0,85.0,12.0,0.0,73.0,0.0,1,0,recorded,1769
1649022106,2.0,2.0,2.0,3.37219,0.0,6750000.0,598547018.0,598547130.0,598547129.0,598547130.0,598547130.0,598547130.0,598547131.0,598547139.0,598547050.0,598547096.0,113.0,112.0,32.0,78.0,1.0,0.0,77.0,0.0,1,0,recorded,1770
1649025076,,,,,,,,,,,,,,,,,,,,,,,,,0,1,dropped_only,1771
1649027956,,,,,,,,,,,,,,,,,,,,,,,,,0,1,dropped_only,1772
1649030836,2.0,2.0,2.0,3.37219,0.0,6750000.0,598547112.0,598547140.0,598547134.0,598547140.0,598547141.0,598547141.0,598547141.0,598547144.0,598547147.0,598547193.0,29.0,23.0,35.0,81.0,6.0,0.0,75.0,0.0,1,0,recorded,1773
1649033716,2.0,2.0,2.0,3.37219,0.0,6750000.0,598547150.0,598547245.0,598547244.0,598547245.0,598547245.0,598547245.0,598547246.0,598547254.0,598547179.0,598547225.0,96.0,95.0,29.0,75.0,1.0,0.0,74.0,0.0,1,0,recorded,1774
1649036596,,,,,,,,,,,,,,,,,,,,,,,,,0,1,dropped_only,1775
1649039386,,,,,,,,,,,,,,,,,,,,,,,,,0,1,dropped_only,1776
1649042266,2.0,2.0,2.0,2.91443,0.0,6750000.0,598547236.0,598547257.0,598547249.0,598547256.0,598547256.0,598547256.0,598547257.0,598547263.0,598547274.0,598547320.0,21.0,14.0,38.0,84.0,7.0,0.0,77.0,0.0,1,0,recorded,1777
1649046586,2.0,2.0,2.0,2.91443,0.0,6750000.0,598547294.0,598547367.0,598547366.0,598547367.0,598547367.0,598547368.0,598547369.0,598547382.0,598547322.0,598547368.0,75.0,73.0,28.0,74.0,1.0,1.0,72.0,0.0,1,0,recorded,1778
1649049466,,,,,,,,,,,,,,,,,,,,,,,,,0,1,dropped_only,1779
1649052346,2.0,2.0,2.0,2.91443,0.0,6750000.0,598547350.0,598547384.0,598547369.0,598547384.0,598547385.0,598547385.0,598547385.0,598547387.0,598547386.0,598547432.0,35.0,20.0,36.0,82.0,15.0,0.0,67.0,0.0,1,0,recorded,1780
1649055226,2.0,2.0,2.0,2.91443,0.0,6750000.0,598547386.0,598547479.0,598547479.0,598547480.0,598547480.0,598547480.0,598547481.0,598547493.0,598547418.0,598547464.0,95.0,94.0,32.0,78.0,1.0,0.0,77.0,0.0,1,0,recorded,1781
1649058106,,,,,,,,,,,,,,,,,,,,,,,,,0,1,dropped_only,1782
1649060986,2.0,2.0,2.0,2.91443,0.0,6750000.0,598547444.0,598547495.0,598547481.0,598547495.0,598547495.0,598547495.0,598547495.0,598547498.0,598547482.0,598547528.0,51.0,37.0,38.0,84.0,14.0,0.0,70.0,0.0,1,0,recorded,1783
1649063866,2.0,2.0,2.0,2.91443,0.0,6750000.0,598547484.0,598547601.0,598547601.0,598547602.0,598547602.0,598547603.0,598547604.0,598547616.0,598547514.0,598547560.0,120.0,118.0,30.0,76.0,1.0,1.0,74.0,0.0,1,0,recorded,1784
1649066746,,,,,,,,,,,,,,,,,,,,,,,,,0,1,dropped_only,1785
1649069626,,,,,,,,,,,,,,,,,,,,,,,,,0,1,dropped_only,1786
1649072506,2.0,2.0,2.0,2.91443,0.0,6750000.0,598547579.0,598547618.0,598547605.0,598547618.0,598547618.0,598547618.0,598547618.0,598547623.0,598547610.0,598547656.0,39.0,26.0,31.0,77.0,13.0,0.0,64.0,0.0,1,0,recorded,1787
1649075386,2.0,2.0,2.0,2.91443,0.0,6750000.0,598547605.0,598547717.0,598547716.0,598547717.0,598547717.0,598547718.0,598547718.0,598547723.0,598547642.0,598547688.0,113.0,111.0,37.0,83.0,1.0,1.0,81.0,0.0,1,0,recorded,1788
1649079706,,,,,,,,,,,,,,,,,,,,,,,,,0,1,dropped_only,1789
1649082586,2.0,2.0,2.0,2.91443,0.0,6750000.0,598547690.0,598547724.0,598547720.0,598547724.0,598547724.0,598547725.0,598547725.0,598547730.0,598547722.0,598547768.0,35.0,30.0,32.0,78.0,4.0,1.0,73.0,0.0,1,0,recorded,1790
1649085466,2.0,2.0,2.0,2.91443,0.0,6750000.0,598547722.0,598547834.0,598547833.0,598547834.0,598547834.0,598547835.0,598547836.0,598547842.0,598547754.0,598547800.0,114.0,112.0,32.0,78.0,1.0,1.0,76.0,0.0,1,0,recorded,1791
1649088346,,,,,,,,,,,,,,,,,,,,,,,,,0,1,dropped_only,1792
1649091226,,,,,,,,,,,,,,,,,,,,,,,,,0,1,dropped_only,1793
1649094106,2.0,2.0,2.0,2.91443,0.0,6750000.0,598547812.0,598547844.0,598547836.0,598547844.0,598547844.0,598547845.0,598547845.0,598547848.0,598547850.0,598547896.0,33.0,24.0,38.0,84.0,8.0,1.0,75.0,0.0,1,0,recorded,1794
1649096986,2.0,2.0,2.0,2.91443,0.0,6750000.0,598547853.0,598547951.0,598547951.0,598547952.0,598547952.0,598547952.0,598547953.0,598547962.0,598547882.0,598547928.0,100.0,99.0,29.0,75.0,1.0,0.0,74.0,0.0,1,0,recorded,1795
1649099866,,,,,,,,,,,,,,,,,,,,,,,,,0,1,dropped_only,1796
1649102746,,,,,,,,,,,,,,,,,,,,,,,,,0,1,dropped_only,1797
1649105626,2.0,2.0,2.0,2.91443,0.0,6750000.0,598547946.0,598547964.0,598547956.0,598547964.0,598547964.0,598547964.0,598547964.0,598547968.0,598547978.0,598548024.0,18.0,10.0,32.0,78.0,8.0,0.0,70.0,0.0,1,0,recorded,1798
1649108686,2.0,2.0,2.0,2.91443,0.0,6750000.0,598547981.0,598548077.0,598548077.0,598548077.0,598548077.0,598548078.0,598548079.0,598548090.0,598548012.0,598548058.0,98.0,97.0,31.0,77.0,0.0,1.0,76.0,0.0,1,0,recorded,1799
1649111386,,,,,,,,,,,,,,,,,,,,,,,,,0,1,dropped_only,1800
1649114356,2.0,2.0,2.0,2.91443,0.0,6750000.0,598548042.0,598548092.0,598548080.0,598548092.0,598548093.0,598548093.0,598548094.0,598548098.0,598548075.0,598548121.0,52.0,40.0,33.0,79.0,12.0,0.0,67.0,0.0,1,0,recorded,1801
1649118586,2.0,2.0,2.0,2.91443,0.0,6750000.0,598548085.0,598548191.0,598548190.0,598548191.0,598548191.0,598548192.0,598548192.0,598548200.0,598548122.0,598548168.0,107.0,105.0,37.0,83.0,1.0,1.0,81.0,0.0,1,0,recorded,1802
1649121466,,,,,,,,,,,,,,,,,,,,,,,,,0,1,dropped_only,1803
1649124346,,,,,,,,,,,,,,,,,,,,,,,,,0,1,dropped_only,1804
1649127226,2.0,2.0,2.0,2.91443,0.0,6750000.0,598548187.0,598548202.0,598548194.0,598548202.0,598548202.0,598548202.0,598548202.0,598548207.0,598548218.0,598548264.0,15.0,7.0,31.0,77.0,8.0,0.0,69.0,0.0,1,0,recorded,1805
1649130106,2.0,2.0,2.0,2.91443,0.0,6750000.0,598548213.0,598548315.0,598548315.0,598548315.0,598548316.0,598548316.0,598548317.0,598548324.0,598548250.0,598548296.0,104.0,104.0,37.0,83.0,0.0,0.0,83.0,0.0,1,0,recorded,1806
1649132986,,,,,,,,,,,,,,,,,,,,,,,,,0,1,dropped_only,1807
1649135866,,,,,,,,,,,,,,,,,,,,,,,,,0,1,dropped_only,1808
1649138836,2.0,2.0,2.0,2.91443,0.0,6750000.0,598548311.0,598548330.0,598548319.0,598548326.0,598548326.0,598548326.0,598548326.0,598548330.0,598548347.0,598548393.0,15.0,8.0,36.0,82.0,7.0,0.0,75.0,0.0,1,0,recorded,1809
1649141626,2.0,2.0,2.0,2.91443,0.0,6750000.0,598548346.0,598548431.0,598548430.0,598548431.0,598548431.0,598548431.0,598548432.0,598548444.0,598548378.0,598548424.0,86.0,85.0,32.0,78.0,1.0,0.0,77.0,0.0,1,0,recorded,1810
1649144506,,,,,,,,,,,,,,,,,,,,,,,,,0,1,dropped_only,1811
1649147386,2.0,2.0,2.0,2.91443,0.0,6750000.0,598548408.0,598548446.0,598548434.0,598548446.0,598548446.0,598548446.0,598548446.0,598548449.0,598548442.0,598548488.0,38.0,26.0,34.0,80.0,12.0,0.0,68.0,0.0,1,0,recorded,1812
1649150266,2.0,2.0,2.0,2.91443,0.0,6750000.0,598548440.0,598548552.0,598548551.0,598548552.0,598548552.0,598548553.0,598548553.0,598548566.0,598548474.0,598548520.0,113.0,111.0,34.0,80.0,1.0,1.0,78.0,0.0,1,0,recorded,1813
1649154586,,,,,,,,,,,,,,,,,,,,,,,,,0,1,dropped_only,1814
1649157466,2.0,2.0,2.0,2.91443,0.0,6750000.0,598548522.0,598548568.0,598548554.0,598548568.0,598548568.0,598548569.0,598548569.0,598548573.0,598548554.0,598548600.0,47.0,32.0,32.0,78.0,14.0,1.0,63.0,0.0,1,0,recorded,1815
1649160346,2.0,2.0,2.0,2.91443,0.0,6750000.0,598548554.0,598548673.0,598548672.0,598548673.0,598548673.0,598548674.0,598548674.0,598548682.0,598548586.0,598548632.0,120.0,118.0,32.0,78.0,1.0,1.0,76.0,0.0,1,0,recorded,1816
1649163226,,,,,,,,,,,,,,,,,,,,,,,,,0,1,dropped_only,1817
1649166106,,,,,,,,,,,,,,,,,,,,,,,,,0,1,dropped_only,1818
1649168986,2.0,2.0,2.0,2.10571,0.0,6750000.0,598548647.0,598548685.0,598548676.0,598548685.0,598548686.0,598548686.0,598548686.0,598548690.0,598548682.0,598548728.0,39.0,30.0,35.0,81.0,9.0,0.0,72.0,0.0,1,0,recorded,1819
1649171866,2.0,2.0,2.0,2.10571,0.0,6750000.0,598548687.0,598548792.0,598548792.0,598548792.0,598548792.0,598548793.0,598548793.0,598548805.0,598548714.0,598548760.0,106.0,105.0,27.0,73.0,0.0,1.0,72.0,0.0,1,0,recorded,1820
1649174746,,,,,,,,,,,,,,,,,,,,,,,,,0,1,dropped_only,1821
1649177626,,,,,,,,,,,,,,,,,,,,,,,,,0,1,dropped_only,1822
1649180686,2.0,2.0,2.0,2.10571,0.0,6750000.0,598548785.0,598548806.0,598548796.0,598548806.0,598548807.0,598548807.0,598548807.0,598548811.0,598548812.0,598548858.0,22.0,12.0,27.0,73.0,10.0,0.0,63.0,0.0,1,0,recorded,1823
1649183566,2.0,2.0,2.0,2.10571,0.0,6750000.0,598548808.0,598548911.0,598548911.0,598548911.0,598548912.0,598548913.0,598548914.0,598548921.0,598548844.0,598548890.0,106.0,105.0,36.0,82.0,0.0,1.0,81.0,0.0,1,0,recorded,1824
1649186446,,,,,,,,,,,,,,,,,,,,,,,,,0,1,dropped_only,1825
1649190586,2.0,2.0,2.0,2.10571,0.0,6750000.0,598548891.0,598548923.0,598548914.0,598548923.0,598548923.0,598548923.0,598548924.0,598548929.0,598548922.0,598548968.0,33.0,24.0,31.0,77.0,9.0,0.0,68.0,0.0,1,0,recorded,1826
1649193466,2.0,2.0,2.0,2.10571,0.0,6750000.0,598548917.0,598549031.0,598549030.0,598549031.0,598549031.0,598549032.0,598549032.0,598549039.0,598548954.0,598549000.0,115.0,113.0,37.0,83.0,1.0,1.0,81.0,0.0,1,0,recorded,1827
1649196346,,,,,,,,,,,,,,,,,,,,,,,,,0,1,dropped_only,1828
1649199226,,,,,,,,,,,,,,,,,,,,,,,,,0,1,dropped_only,1829
1649202106,2.0,2.0,2.0,2.10571,0.0,6750000.0,598549015.0,598549042.0,598549036.0,598549042.0,598549042.0,598549042.0,598549043.0,598549045.0,598549050.0,598549096.0,28.0,22.0,35.0,81.0,6.0,0.0,75.0,0.0,1,0,recorded,1830
1649204986,2.0,2.0,2.0,2.10571,0.0,6750000.0,598549047.0,598549149.0,598549149.0,598549149.0,598549149.0,598549150.0,598549150.0,598549160.0,598549082.0,598549128.0,103.0,102.0,35.0,81.0,0.0,1.0,80.0,0.0,1,0,recorded,1831
1649207866,,,,,,,,,,,,,,,,,,,,,,,,,0,1,dropped_only,1832
1649210746,2.0,2.0,2.0,2.10571,0.0,6750000.0,598549117.0,598549162.0,598549153.0,598549162.0,598549162.0,598549162.0,598549163.0,598549165.0,598549146.0,598549192.0,46.0,37.0,29.0,75.0,9.0,0.0,66.0,0.0,1,0,recorded,1833
1649213626,2.0,2.0,2.0,2.10571,0.0,6750000.0,598549148.0,598549273.0,598549272.0,598549273.0,598549273.0,598549273.0,598549274.0,598549286.0,598549178.0,598549224.0,126.0,125.0,30.0,76.0,1.0,0.0,75.0,0.0,1,0,recorded,1834
1649216506,,,,,,,,,,,,,,,,,,,,,,,,,0,1,dropped_only,1835
1649219386,,,,,,,,,,,,,,,,,,,,,,,,,0,1,dropped_only,1836
1649222266,2.0,2.0,2.0,2.10571,0.0,6750000.0,598549237.0,598549287.0,598549276.0,598549287.0,598549287.0,598549288.0,598549288.0,598549290.0,598549274.0,598549320.0,51.0,39.0,37.0,83.0,11.0,1.0,71.0,0.0,1,0,recorded,1837
1649226586,2.0,2.0,2.0,2.10571,0.0,6750000.0,598549291.0,598549388.0,598549388.0,598549389.0,598549389.0,598549389.0,598549390.0,598549401.0,598549322.0,598549368.0,99.0,98.0,31.0,77.0,1.0,0.0,76.0,0.0,1,0,recorded,1838
1649229466,,,,,,,,,,,,,,,,,,,,,,,,,0,1,dropped_only,1839
1649232346,2.0,2.0,2.0,2.10571,0.0,6750000.0,598549351.0,598549402.0,598549394.0,598549402.0,598549402.0,598549402.0,598549402.0,598549405.0,598549386.0,598549432.0,51.0,43.0,35.0,81.0,8.0,0.0,73.0,0.0,1,0,recorded,1840
1649235316,2.0,2.0,2.0,2.10571,0.0,6750000.0,598549394.0,598549509.0,598549508.0,598549509.0,598549509.0,598549510.0,598549511.0,598549521.0,598549419.0,598549465.0,117.0,115.0,25.0,71.0,1.0,1.0,69.0,0.0,1,0,recorded,1841
1649238106,,,,,,,,,,,,,,,,,,,,,,,,,0,1,dropped_only,1842
1649240986,,,,,,,,,,,,,,,,,,,,,,,,,0,1,dropped_only,1843
1649243866,2.0,2.0,2.0,2.10571,0.0,6750000.0,598549479.0,598549523.0,598549511.0,598549523.0,598549523.0,598549523.0,598549523.0,598549525.0,598549514.0,598549560.0,44.0,32.0,35.0,81.0,12.0,0.0,69.0,0.0,1,0,recorded,1844
1649246746,2.0,2.0,2.0,2.10571,0.0,6750000.0,598549513.0,598549633.0,598549633.0,598549634.0,598549634.0,598549634.0,598549635.0,598549647.0,598549546.0,598549592.0,122.0,121.0,33.0,79.0,1.0,0.0,78.0,0.0,1,0,recorded,1845
1649249626,,,,,,,,,,,,,,,,,,,,,,,,,0,1,dropped_only,1846
1649252596,,,,,,,,,,,,,,,,,,,,,,,,,0,1,dropped_only,1847
1649255476,2.0,2.0,2.0,2.10571,0.0,6750000.0,598549606.0,598549649.0,598549637.0,598549649.0,598549649.0,598549650.0,598549650.0,598549652.0,598549643.0,598549689.0,44.0,31.0,37.0,83.0,12.0,1.0,70.0,0.0,1,0,recorded,1848
1649258266,2.0,2.0,2.0,2.10571,0.0,6750000.0,598549644.0,598549750.0,598549749.0,598549750.0,598549751.0,598549751.0,598549752.0,598549764.0,598549674.0,598549720.0,108.0,107.0,30.0,76.0,1.0,0.0,75.0,0.0,1,0,recorded,1849
1649262586,,,,,,,,,,,,,,,,,,,,,,,,,0,1,dropped_only,1850
1649265466,2.0,2.0,2.0,2.10571,0.0,6750000.0,598549718.0,598549765.0,598549752.0,598549766.0,598549766.0,598549766.0,598549766.0,598549769.0,598549754.0,598549800.0,48.0,34.0,36.0,82.0,14.0,0.0,68.0,0.0,1,0,recorded,1851
1649268346,2.0,2.0,2.0,2.10571,0.0,6750000.0,598549757.0,598549865.0,598549864.0,598549865.0,598549865.0,598549866.0,598549866.0,598549878.0,598549786.0,598549832.0,109.0,107.0,29.0,75.0,1.0,1.0,73.0,0.0,1,0,recorded,1852
1649271226,,,,,,,,,,,,,,,,,,,,,,,,,0,1,dropped_only,1853
1649274106,,,,,,,,,,,,,,,,,,,,,,,,,0,1,dropped_only,1854
1649276986,2.0,2.0,2.0,2.53296,0.0,6750000.0,598549846.0,598549880.0,598549869.0,598549880.0,598549880.0,598549881.0,598549881.0,598549883.0,598549882.0,598549928.0,35.0,23.0,36.0,82.0,11.0,1.0,70.0,0.0,1,0,recorded,1855
1649279866,2.0,2.0,2.0,2.53296,0.0,6750000.0,598549877.0,598549983.0,598549983.0,598549984.0,598549984.0,598549984.0,598549986.0,598549994.0,598549914.0,598549960.0,109.0,108.0,37.0,83.0,1.0,0.0,82.0,0.0,1,0,recorded,1856
1649282746,,,,,,,,,,,,,,,,,,,,,,,,,0,1,dropped_only,1857
1649285626,,,,,,,,,,,,,,,,,,,,,,,,,0,1,dropped_only,1858
1649288506,2.0,2.0,2.0,2.53296,0.0,6750000.0,598549975.0,598549995.0,598549986.0,598549995.0,598549995.0,598549996.0,598549996.0,598550001.0,598550010.0,598550056.0,21.0,11.0,35.0,81.0,9.0,1.0,71.0,0.0,1,0,recorded,1859
1649291386,2.0,2.0,2.0,2.53296,0.0,6750000.0,598550010.0,598550100.0,598550099.0,598550100.0,598550100.0,598550101.0,598550101.0,598550111.0,598550042.0,598550088.0,91.0,89.0,32.0,78.0,1.0,1.0,76.0,0.0,1,0,recorded,1860
1649294266,,,,,,,,,,,,,,,,,,,,,,,,,0,1,dropped_only,1861
1649298586,2.0,2.0,2.0,2.53296,0.0,6750000.0,598550089.0,598550112.0,598550103.0,598550112.0,598550113.0,598550113.0,598550114.0,598550122.0,598550122.0,598550168.0,25.0,16.0,33.0,79.0,9.0,0.0,70.0,0.0,1,0,recorded,1862
1649301466,2.0,2.0,2.0,2.53296,0.0,6750000.0,598550119.0,598550216.0,598550215.0,598550216.0,598550216.0,598550217.0,598550218.0,598550227.0,598550154.0,598550200.0,99.0,97.0,35.0,81.0,1.0,1.0,79.0,0.0,1,0,recorded,1863
1649304346,,,,,,,,,,,,,,,,,,,,,,,,,0,1,dropped_only,1864
1649307226,2.0,2.0,2.0,2.53296,0.0,6750000.0,598550188.0,598550228.0,598550218.0,598550228.0,598550228.0,598550229.0,598550229.0,598550232.0,598550218.0,598550264.0,41.0,30.0,30.0,76.0,10.0,1.0,65.0,0.0,1,0,recorded,1865
1649310106,2.0,2.0,2.0,2.53296,0.0,6750000.0,598550221.0,598550330.0,598550329.0,598550330.0,598550330.0,598550330.0,598550331.0,598550339.0,598550250.0,598550296.0,110.0,109.0,29.0,75.0,1.0,0.0,74.0,0.0,1,0,recorded,1866
1649312986,,,,,,,,,,,,,,,,,,,,,,,,,0,1,dropped_only,1867
1649315866,,,,,,,,,,,,,,,,,,,,,,,,,0,1,dropped_only,1868
1649318746,2.0,2.0,2.0,2.53296,0.0,6750000.0,598550319.0,598550342.0,598550333.0,598550342.0,598550342.0,598550342.0,598550343.0,598550346.0,598550346.0,598550392.0,24.0,15.0,27.0,73.0,9.0,0.0,64.0,0.0,1,0,recorded,1869
1649321626,2.0,2.0,2.0,2.53296,0.0,6750000.0,598550342.0,598550450.0,598550449.0,598550450.0,598550450.0,598550450.0,598550451.0,598550460.0,598550378.0,598550424.0,109.0,108.0,36.0,82.0,1.0,0.0,81.0,0.0,1,0,recorded,1870
1649324506,,,,,,,,,,,,,,,,,,,,,,,,,0,1,dropped_only,1871
1649327476,,,,,,,,,,,,,,,,,,,,,,,,,0,1,dropped_only,1872
1649330356,2.0,2.0,2.0,2.53296,0.0,6750000.0,598550445.0,598550461.0,598550453.0,598550461.0,598550461.0,598550462.0,598550462.0,598550465.0,598550475.0,598550521.0,17.0,8.0,30.0,76.0,8.0,1.0,67.0,0.0,1,0,recorded,1873
1649333326,2.0,2.0,2.0,2.53296,0.0,6750000.0,598550473.0,598550564.0,598550564.0,598550565.0,598550565.0,598550565.0,598550566.0,598550572.0,598550508.0,598550554.0,93.0,92.0,35.0,81.0,1.0,0.0,80.0,0.0,1,0,recorded,1874
1649337466,,,,,,,,,,,,,,,,,,,,,,,,,0,1,dropped_only,1875
1649340346,2.0,2.0,2.0,3.41797,0.0,6750000.0,598550551.0,598550573.0,598550567.0,598550573.0,598550573.0,598550573.0,598550573.0,598550577.0,598550586.0,598550632.0,22.0,16.0,35.0,81.0,6.0,0.0,75.0,0.0,1,0,recorded,1876
1649343226,2.0,2.0,2.0,3.41797,0.0,6750000.0,598550583.0,598550686.0,598550686.0,598550687.0,598550687.0,598550687.0,598550688.0,598550698.0,598550618.0,598550664.0,105.0,104.0,35.0,81.0,1.0,0.0,80.0,0.0,1,0,recorded,1877
1649346106,,,,,,,,,,,,,,,,,,,,,,,,,0,1,dropped_only,1878
1649348986,2.0,2.0,2.0,3.41797,0.0,6750000.0,598550649.0,598550699.0,598550689.0,598550699.0,598550699.0,598550700.0,598550701.0,598550704.0,598550682.0,598550728.0,52.0,41.0,33.0,79.0,10.0,1.0,68.0,0.0,1,0,recorded,1879
1649351866,2.0,2.0,2.0,3.41797,0.0,6750000.0,598550682.0,598550798.0,598550797.0,598550798.0,598550798.0,598550798.0,598550799.0,598550807.0,598550714.0,598550760.0,117.0,116.0,32.0,78.0,1.0,0.0,77.0,0.0,1,0,recorded,1880
1649354746,,,,,,,,,,,,,,,,,,,,,,,,,0,1,dropped_only,1881
1649357716,,,,,,,,,,,,,,,,,,,,,,,,,0,1,dropped_only,1882
1649360506,2.0,2.0,2.0,3.41797,0.0,6750000.0,598550775.0,598550809.0,598550800.0,598550809.0,598550809.0,598550810.0,598550810.0,598550813.0,598550810.0,598550856.0,35.0,25.0,35.0,81.0,9.0,1.0,71.0,0.0,1,0,recorded,1883
1649363386,2.0,2.0,2.0,3.41797,0.0,6750000.0,598550815.0,598550915.0,598550914.0,598550915.0,598550916.0,598550916.0,598550918.0,598550929.0,598550842.0,598550888.0,103.0,102.0,27.0,73.0,1.0,0.0,72.0,0.0,1,0,recorded,1884
1649366266,,,,,,,,,,,,,,,,,,,,,,,,,0,1,dropped_only,1885
1649369146,2.0,2.0,2.0,3.41797,0.0,6750000.0,598550869.0,598550931.0,598550918.0,598550931.0,598550931.0,598550931.0,598550932.0,598550934.0,598550906.0,598550952.0,63.0,50.0,37.0,83.0,13.0,0.0,70.0,0.0,1,0,recorded,1886
1649373466,2.0,2.0,2.0,3.41797,0.0,6750000.0,598550924.0,598551031.0,598551031.0,598551031.0,598551032.0,598551032.0,598551032.0,598551042.0,598550954.0,598551000.0,108.0,108.0,30.0,76.0,0.0,0.0,76.0,0.0,1,0,recorded,1887
1649376346,,,,,,,,,,,,,,,,,,,,,,,,,0,1,dropped_only,1888
1649379226,,,,,,,,,,,,,,,,,,,,,,,,,0,1,dropped_only,1889
1649382106,2.0,2.0,2.0,3.41797,0.0,6750000.0,598551026.0,598551043.0,598551036.0,598551044.0,598551044.0,598551044.0,598551044.0,598551049.0,598551050.0,598551096.0,18.0,10.0,24.0,70.0,8.0,0.0,62.0,0.0,1,0,recorded,1890
1649385076,2.0,2.0,2.0,3.41797,0.0,6750000.0,598551048.0,598551152.0,598551152.0,598551153.0,598551153.0,598551153.0,598551154.0,598551161.0,598551083.0,598551129.0,106.0,105.0,35.0,81.0,1.0,0.0,80.0,0.0,1,0,recorded,1891
1649387956,,,,,,,,,,,,,,,,,,,,,,,,,0,1,dropped_only,1892
1649390836,,,,,,,,,,,,,,,,,,,,,,,,,0,1,dropped_only,1893
1649393626,2.0,2.0,2.0,3.41797,0.0,6750000.0,598551145.0,598551163.0,598551156.0,598551163.0,598551163.0,598551163.0,598551163.0,598551168.0,598551178.0,598551224.0,18.0,11.0,33.0,79.0,7.0,0.0,72.0,0.0,1,0,recorded,1894
1649396596,2.0,2.0,2.0,3.41797,0.0,6750000.0,598551177.0,598551269.0,598551269.0,598551270.0,598551270.0,598551270.0,598551271.0,598551285.0,598551211.0,598551257.0,94.0,93.0,34.0,80.0,1.0,0.0,79.0,0.0,1,0,recorded,1895
1649399386,,,,,,,,,,,,,,,,,,,,,,,,,0,1,dropped_only,1896
1649402266,2.0,2.0,2.0,3.06702,0.0,6750000.0,598551239.0,598551287.0,598551272.0,598551288.0,598551288.0,598551288.0,598551289.0,598551291.0,598551274.0,598551320.0,50.0,34.0,35.0,81.0,16.0,0.0,65.0,0.0,1,0,recorded,1897
1649405146,2.0,2.0,2.0,3.06702,0.0,6750000.0,598551271.0,598551386.0,598551386.0,598551386.0,598551387.0,598551387.0,598551388.0,598551396.0,598551306.0,598551352.0,117.0,117.0,35.0,81.0,0.0,0.0,81.0,0.0,1,0,recorded,1898
1649409466,,,,,,,,,,,,,,,,,,,,,,,,,0,1,dropped_only,1899
1649412346,2.0,2.0,2.0,3.06702,0.0,6750000.0,598551348.0,598551398.0,598551390.0,598551398.0,598551398.0,598551398.0,598551398.0,598551400.0,598551386.0,598551432.0,50.0,42.0,38.0,84.0,8.0,0.0,76.0,0.0,1,0,recorded,1900
1649415226,2.0,2.0,2.0,3.06702,0.0,6750000.0,598551383.0,598551499.0,598551499.0,598551499.0,598551499.0,598551500.0,598551501.0,598551504.0,598551418.0,598551464.0,118.0,117.0,35.0,81.0,0.0,1.0,80.0,0.0,1,0,recorded,1901
1649418106,,,,,,,,,,,,,,,,,,,,,,,,,0,1,dropped_only,1902
1649420986,,,,,,,,,,,,,,,,,,,,,,,,,0,1,dropped_only,1903
1649423866,2.0,2.0,2.0,3.06702,0.0,6750000.0,598551479.0,598551506.0,598551501.0,598551506.0,598551506.0,598551506.0,598551507.0,598551509.0,598551514.0,598551560.0,28.0,23.0,35.0,81.0,5.0,0.0,76.0,0.0,1,0,recorded,1904
1649426746,2.0,2.0,2.0,3.06702,0.0,6750000.0,598551511.0,598551617.0,598551617.0,598551617.0,598551617.0,598551618.0,598551619.0,598551628.0,598551546.0,598551592.0,108.0,107.0,35.0,81.0,0.0,1.0,80.0,0.0,1,0,recorded,1905
1649429626,,,,,,,,,,,,,,,,,,,,,,,,,0,1,dropped_only,1906
1649432506,,,,,,,,,,,,,,,,,,,,,,,,,0,1,dropped_only,1907
1649435386,2.0,2.0,2.0,3.06702,0.0,6750000.0,598551608.0,598551631.0,598551620.0,598551631.0,598551631.0,598551632.0,598551632.0,598551634.0,598551642.0,598551688.0,24.0,12.0,34.0,80.0,11.0,1.0,68.0,0.0,1,0,recorded,1908
1649438266,2.0,2.0,2.0,3.06702,0.0,6750000.0,598551641.0,598551732.0,598551731.0,598551732.0,598551732.0,598551733.0,598551733.0,598551741.0,598551674.0,598551720.0,92.0,90.0,33.0,79.0,1.0,1.0,77.0,0.0,1,0,recorded,1909
1649441236,,,,,,,,,,,,,,,,,,,,,,,,,0,1,dropped_only,1910
1649445646,2.0,2.0,2.0,3.06702,0.0,6750000.0,598551721.0,598551742.0,598551735.0,598551743.0,598551743.0,598551743.0,598551744.0,598551745.0,598551756.0,598551802.0,23.0,15.0,35.0,81.0,8.0,0.0,73.0,0.0,1,0,recorded,1911
1649448436,2.0,2.0,2.0,3.06702,0.0,6750000.0,598551752.0,598551854.0,598551853.0,598551854.0,598551854.0,598551854.0,598551855.0,598551861.0,598551787.0,598551833.0,103.0,102.0,35.0,81.0,1.0,0.0,80.0,0.0,1,0,recorded,1912
1649451226,,,,,,,,,,,,,,,,,,,,,,,,,0,1,dropped_only,1913
1649454106,2.0,2.0,2.0,3.06702,0.0,6750000.0,598551813.0,598551862.0,598551855.0,598551862.0,598551862.0,598551863.0,598551863.0,598551865.0,598551850.0,598551896.0,50.0,42.0,37.0,83.0,7.0,1.0,75.0,0.0,1,0,recorded,1914
1649456986,2.0,2.0,2.0,3.06702,0.0,6750000.0,598551853.0,598551972.0,598551971.0,598551972.0,598551973.0,598551973.0,598551975.0,598551982.0,598551882.0,598551928.0,122.0,121.0,29.0,75.0,1.0,0.0,74.0,0.0,1,0,recorded,1915
1649459866,,,,,,,,,,,,,,,,,,,,,,,,,0,1,dropped_only,1916
1649462746,,,,,,,,,,,,,,,,,,,,,,,,,0,1,dropped_only,1917
1649465626,2.0,2.0,2.0,3.06702,0.0,6750000.0,598551944.0,598551984.0,598551976.0,598551984.0,598551984.0,598551984.0,598551985.0,598551988.0,598551978.0,598552024.0,41.0,33.0,34.0,80.0,8.0,0.0,72.0,0.0,1,0,recorded,1918
1649468596,2.0,2.0,2.0,3.06702,0.0,6750000.0,598551977.0,598552089.0,598552089.0,598552089.0,598552089.0,598552090.0,598552091.0,598552097.0,598552011.0,598552057.0,114.0,113.0,34.0,80.0,0.0,1.0,79.0,0.0,1,0,recorded,1919
1649471386,,,,,,,,,,,,,,,,,,,,,,,,,0,1,dropped_only,1920
1649474266,,,,,,,,,,,,,,,,,,,,,,,,,0,1,dropped_only,1921
1649477146,2.0,2.0,2.0,3.06702,0.0,6750000.0,598552069.0,598552099.0,598552093.0,598552099.0,598552099.0,598552099.0,598552100.0,598552102.0,598552106.0,598552152.0,31.0,25.0,37.0,83.0,6.0,0.0,77.0,0.0,1,0,recorded,1922
1649481466,2.0,2.0,2.0,3.06702,0.0,6750000.0,598552129.0,598552204.0,598552204.0,598552204.0,598552204.0,598552205.0,598552207.0,598552216.0,598552154.0,598552200.0,78.0,77.0,25.0,71.0,0.0,1.0,70.0,0.0,1,0,recorded,1923
1649484346,,,,,,,,,,,,,,,,,,,,,,,,,0,1,dropped_only,1924
1649487316,2.0,2.0,2.0,3.06702,0.0,6750000.0,598552191.0,598552218.0,598552208.0,598552218.0,598552218.0,598552218.0,598552219.0,598552222.0,598552219.0,598552265.0,28.0,18.0,28.0,74.0,10.0,0.0,64.0,0.0,1,0,recorded,1925
1649490106,2.0,2.0,2.0,3.06702,0.0,6750000.0,598552213.0,598552318.0,598552318.0,598552319.0,598552319.0,598552319.0,598552320.0,598552329.0,598552250.0,598552296.0,107.0,106.0,37.0,83.0,1.0,0.0,82.0,0.0,1,0,recorded,1926
1649492986,,,,,,,,,,,,,,,,,,,,,,,,,0,1,dropped_only,1927
1649495866,,,,,,,,,,,,,,,,,,,,,,,,,0,1,dropped_only,1928
1649498746,2.0,2.0,2.0,2.59399,0.0,6750000.0,598552312.0,598552331.0,598552322.0,598552331.0,598552331.0,598552331.0,598552332.0,598552335.0,598552346.0,598552392.0,20.0,11.0,34.0,80.0,9.0,0.0,71.0,0.0,1,0,recorded,1929
1649501626,2.0,2.0,2.0,2.59399,0.0,6750000.0,598552342.0,598552431.0,598552430.0,598552431.0,598552431.0,598552432.0,598552433.0,598552441.0,598552378.0,598552424.0,91.0,89.0,36.0,82.0,1.0,1.0,80.0,0.0,1,0,recorded,1930
1649504596,,,,,,,,,,,,,,,,,,,,,,,,,0,1,dropped_only,1931
1649507566,2.0,2.0,2.0,2.59399,0.0,6750000.0,598552414.0,598552442.0,598552435.0,598552443.0,598552443.0,598552443.0,598552443.0,598552446.0,598552444.0,598552490.0,29.0,21.0,30.0,76.0,8.0,0.0,68.0,0.0,1,0,recorded,1932
1649510356,2.0,2.0,2.0,2.59399,0.0,6750000.0,598552441.0,598552548.0,598552547.0,598552548.0,598552548.0,598552549.0,598552550.0,598552556.0,598552475.0,598552521.0,109.0,107.0,34.0,80.0,1.0,1.0,78.0,0.0,1,0,recorded,1933
1649513146,,,,,,,,,,,,,,,,,,,,,,,,,0,1,dropped_only,1934
1649517466,2.0,2.0,2.0,2.59399,0.0,6750000.0,598552518.0,598552558.0,598552552.0,598552558.0,598552558.0,598552558.0,598552559.0,598552560.0,598552554.0,598552600.0,41.0,35.0,36.0,82.0,6.0,0.0,76.0,0.0,1,0,recorded,1935
1649520346,2.0,2.0,2.0,2.59399,0.0,6750000.0,598552551.0,598552662.0,598552661.0,598552662.0,598552662.0,598552663.0,598552665.0,598552668.0,598552586.0,598552632.0,114.0,112.0,35.0,81.0,1.0,1.0,79.0,0.0,1,0,recorded,1936
1649523226,,,,,,,,,,,,,,,,,,,,,,,,,0,1,dropped_only,1937
1649526106,,,,,,,,,,,,,,,,,,,,,,,,,0,1,dropped_only,1938
1649528986,2.0,2.0,2.0,2.59399,0.0,6750000.0,598552653.0,598552672.0,598552666.0,598552672.0,598552672.0,598552673.0,598552673.0,598552678.0,598552682.0,598552728.0,20.0,13.0,29.0,75.0,6.0,1.0,68.0,0.0,1,0,recorded,1939
1649531866,2.0,2.0,2.0,2.59399,0.0,6750000.0,598552682.0,598552787.0,598552787.0,598552787.0,598552788.0,598552788.0,598552789.0,598552795.0,598552714.0,598552760.0,107.0,107.0,32.0,78.0,0.0,0.0,78.0,0.0,1,0,recorded,1940
1649534746,,,,,,,,,,,,,,,,,,,,,,,,,0,1,dropped_only,1941
1649537626,,,,,,,,,,,,,,,,,,,,,,,,,0,1,dropped_only,1942
1649540506,2.0,2.0,2.0,2.59399,0.0,6750000.0,598552774.0,598552796.0,598552792.0,598552797.0,598552797.0,598552797.0,598552797.0,598552799.0,598552810.0,598552856.0,23.0,18.0,36.0,82.0,5.0,0.0,77.0,0.0,1,0,recorded,1943
1649543386,2.0,2.0,2.0,2.59399,0.0,6750000.0,598552804.0,598552904.0,598552903.0,598552904.0,598552904.0,598552905.0,598552906.0,598552911.0,598552842.0,598552888.0,102.0,100.0,38.0,84.0,1.0,1.0,82.0,0.0,1,0,recorded,1944
1649546266,,,,,,,,,,,,,,,,,,,,,,,,,0,1,dropped_only,1945
1649549146,2.0,2.0,2.0,2.59399,0.0,6750000.0,598552868.0,598552913.0,598552905.0,598552913.0,598552913.0,598552914.0,598552914.0,598552915.0,598552906.0,598552952.0,46.0,37.0,38.0,84.0,8.0,1.0,75.0,0.0,1,0,recorded,1946
1649553466,2.0,2.0,2.0,2.59399,0.0,6750000.0,598552919.0,598553022.0,598553022.0,598553023.0,598553023.0,598553023.0,598553024.0,598553032.0,598552954.0,598553000.0,105.0,104.0,35.0,81.0,1.0,0.0,80.0,0.0,1,0,recorded,1947
1649556346,,,,,,,,,,,,,,,,,,,,,,,,,0,1,dropped_only,1948
1649559226,,,,,,,,,,,,,,,,,,,,,,,,,0,1,dropped_only,1949
1649562106,2.0,2.0,2.0,2.59399,0.0,6750000.0,598553014.0,598553035.0,598553026.0,598553034.0,598553034.0,598553035.0,598553035.0,598553037.0,598553050.0,598553096.0,21.0,12.0,36.0,82.0,8.0,1.0,73.0,0.0,1,0,recorded,1950
1649564986,2.0,2.0,2.0,2.59399,0.0,6750000.0,598553050.0,598553139.0,598553139.0,598553140.0,598553140.0,598553140.0,598553141.0,598553152.0,598553082.0,598553128.0,91.0,90.0,32.0,78.0,1.0,0.0,77.0,0.0,1,0,recorded,1951
1649567866,,,,,,,,,,,,,,,,,,,,,,,,,0,1,dropped_only,1952
1649570926,2.0,2.0,2.0,2.59399,0.0,6750000.0,598553115.0,598553155.0,598553143.0,598553155.0,598553156.0,598553156.0,598553156.0,598553158.0,598553148.0,598553194.0,41.0,29.0,33.0,79.0,12.0,0.0,67.0,0.0,1,0,recorded,1953
1649573806,2.0,2.0,2.0,2.59399,0.0,6750000.0,598553156.0,598553256.0,598553256.0,598553256.0,598553257.0,598553257.0,598553258.0,598553269.0,598553180.0,598553226.0,102.0,102.0,24.0,70.0,0.0,0.0,70.0,0.0,1,0,recorded,1954
1649576686,,,,,,,,,,,,,,,,,,,,,,,,,0,1,dropped_only,1955
1649579476,,,,,,,,,,,,,,,,,,,,,,,,,0,1,dropped_only,1956
1649582266,2.0,2.0,2.0,2.59399,0.0,6750000.0,598553238.0,598553272.0,598553261.0,598553272.0,598553272.0,598553272.0,598553273.0,598553274.0,598553274.0,598553320.0,35.0,24.0,36.0,82.0,11.0,0.0,71.0,0.0,1,0,recorded,1957
1649585146,2.0,2.0,2.0,2.59399,0.0,6750000.0,598553271.0,598553371.0,598553370.0,598553371.0,598553371.0,598553372.0,598553372.0,598553381.0,598553306.0,598553352.0,101.0,99.0,35.0,81.0,1.0,1.0,79.0,0.0,1,0,recorded,1958
1649588026,,,,,,,,,,,,,,,,,,,,,,,,,0,1,dropped_only,1959
1649592346,2.0,2.0,2.0,2.59399,0.0,6750000.0,598553359.0,598553382.0,598553373.0,598553382.0,598553383.0,598553383.0,598553383.0,598553387.0,598553386.0,598553432.0,24.0,15.0,27.0,73.0,9.0,0.0,64.0,0.0,1,0,recorded,1960
1649595226,2.0,2.0,2.0,2.59399,0.0,6750000.0,598553381.0,598553485.0,598553485.0,598553486.0,598553486.0,598553486.0,598553487.0,598553494.0,598553418.0,598553464.0,106.0,105.0,37.0,83.0,1.0,0.0,82.0,0.0,1,0,recorded,1961
1649598106,,,,,,,,,,,,,,,,,,,,,,,,,0,1,dropped_only,1962
1649600986,,,,,,,,,,,,,,,,,,,,,,,,,0,1,dropped_only,1963
1649603866,2.0,2.0,2.0,2.39563,0.0,6750000.0,598553477.0,598553499.0,598553489.0,598553496.0,598553496.0,598553496.0,598553497.0,598553499.0,598553514.0,598553560.0,20.0,13.0,37.0,83.0,7.0,0.0,76.0,0.0,1,0,recorded,1964
1649606746,2.0,2.0,2.0,2.39563,0.0,6750000.0,598553511.0,598553597.0,598553596.0,598553597.0,598553597.0,598553598.0,598553598.0,598553608.0,598553546.0,598553592.0,87.0,85.0,35.0,81.0,1.0,1.0,79.0,0.0,1,0,recorded,1965
1649609626,,,,,,,,,,,,,,,,,,,,,,,,,0,1,dropped_only,1966
1649612506,2.0,2.0,2.0,2.39563,0.0,6750000.0,598553580.0,598553610.0,598553599.0,598553610.0,598553610.0,598553611.0,598553611.0,598553615.0,598553610.0,598553656.0,31.0,19.0,30.0,76.0,11.0,1.0,64.0,0.0,1,0,recorded,1967
1649615386,2.0,2.0,2.0,2.39563,0.0,6750000.0,598553606.0,598553719.0,598553718.0,598553719.0,598553719.0,598553720.0,598553721.0,598553727.0,598553642.0,598553688.0,115.0,113.0,36.0,82.0,1.0,1.0,80.0,0.0,1,0,recorded,1968
1649618266,,,,,,,,,,,,,,,,,,,,,,,,,0,1,dropped_only,1969
1649621146,2.0,2.0,2.0,2.39563,0.0,6750000.0,598553675.0,598553729.0,598553721.0,598553729.0,598553729.0,598553730.0,598553730.0,598553734.0,598553706.0,598553752.0,55.0,46.0,31.0,77.0,8.0,1.0,68.0,0.0,1,0,recorded,1970
1649625466,2.0,2.0,2.0,2.39563,0.0,6750000.0,598553717.0,598553833.0,598553833.0,598553834.0,598553834.0,598553835.0,598553835.0,598553841.0,598553754.0,598553800.0,118.0,116.0,37.0,83.0,1.0,1.0,81.0,0.0,1,0,recorded,1971
1649628346,,,,,,,,,,,,,,,,,,,,,,,,,0,1,dropped_only,1972
1649631226,,,,,,,,,,,,,,,,,,,,,,,,,0,1,dropped_only,1973
1649634196,2.0,2.0,2.0,2.39563,0.0,6750000.0,598553820.0,598553844.0,598553838.0,598553844.0,598553844.0,598553844.0,598553844.0,598553847.0,598553851.0,598553897.0,24.0,18.0,31.0,77.0,6.0,0.0,71.0,0.0,1,0,recorded,1974
1649637076,2.0,2.0,2.0,2.39563,0.0,6750000.0,598553852.0,598553953.0,598553953.0,598553953.0,598553953.0,598553954.0,598553954.0,598553965.0,598553883.0,598553929.0,102.0,101.0,31.0,77.0,0.0,1.0,76.0,0.0,1,0,recorded,1975
1649639956,,,,,,,,,,,,,,,,,,,,,,,,,0,1,dropped_only,1976
1649642746,2.0,2.0,2.0,2.39563,0.0,6750000.0,598553921.0,598553967.0,598553955.0,598553967.0,598553967.0,598553967.0,598553968.0,598553971.0,598553946.0,598553992.0,47.0,35.0,25.0,71.0,12.0,0.0,59.0,0.0,1,0,recorded,1977
1649645626,2.0,2.0,2.0,2.39563,0.0,6750000.0,598553951.0,598554064.0,598554063.0,598554064.0,598554064.0,598554065.0,598554065.0,598554074.0,598553978.0,598554024.0,114.0,112.0,27.0,73.0,1.0,1.0,71.0,0.0,1,0,recorded,1978
1649648506,,,,,,,,,,,,,,,,,,,,,,,,,0,1,dropped_only,1979
1649651386,,,,,,,,,,,,,,,,,,,,,,,,,0,1,dropped_only,1980
1649654266,2.0,2.0,2.0,2.39563,0.0,6750000.0,598554049.0,598554076.0,598554069.0,598554076.0,598554076.0,598554077.0,598554077.0,598554081.0,598554074.0,598554120.0,28.0,20.0,25.0,71.0,7.0,1.0,63.0,0.0,1,0,recorded,1981
1649657146,2.0,2.0,2.0,2.39563,0.0,6750000.0,598554071.0,598554184.0,598554184.0,598554184.0,598554184.0,598554185.0,598554185.0,598554191.0,598554106.0,598554152.0,114.0,113.0,35.0,81.0,0.0,1.0,80.0,0.0,1,0,recorded,1982
1649660026,,,,,,,,,,,,,,,,,,,,,,,,,0,1,dropped_only,1983
1649664346,2.0,2.0,2.0,2.39563,0.0,6750000.0,598554153.0,598554192.0,598554187.0,598554192.0,598554192.0,598554193.0,598554193.0,598554198.0,598554186.0,598554232.0,40.0,34.0,33.0,79.0,5.0,1.0,73.0,0.0,1,0,recorded,1984
1649667226,2.0,2.0,2.0,2.39563,0.0,6750000.0,598554188.0,598554303.0,598554302.0,598554303.0,598554303.0,598554304.0,598554304.0,598554312.0,598554218.0,598554264.0,116.0,114.0,30.0,76.0,1.0,1.0,74.0,0.0,1,0,recorded,1985
1649670106,,,,,,,,,,,,,,,,,,,,,,,,,0,1,dropped_only,1986
1649672986,,,,,,,,,,,,,,,,,,,,,,,,,0,1,dropped_only,1987
1649675866,2.0,2.0,2.0,2.39563,0.0,6750000.0,598554279.0,598554313.0,598554307.0,598554313.0,598554314.0,598554314.0,598554314.0,598554317.0,598554314.0,598554360.0,35.0,29.0,35.0,81.0,6.0,0.0,75.0,0.0,1,0,recorded,1988
1649678836,2.0,2.0,2.0,2.39563,0.0,6750000.0,598554309.0,598554420.0,598554419.0,598554420.0,598554420.0,598554421.0,598554422.0,598554430.0,598554347.0,598554393.0,113.0,111.0,38.0,84.0,1.0,1.0,82.0,0.0,1,0,recorded,1989
1649681626,,,,,,,,,,,,,,,,,,,,,,,,,0,1,dropped_only,1990
1649684506,,,,,,,,,,,,,,,,,,,,,,,,,0,1,dropped_only,1991
1649687386,2.0,2.0,2.0,3.89099,0.0,6750000.0,598554410.0,598554432.0,598554423.0,598554432.0,598554432.0,598554432.0,598554433.0,598554436.0,598554442.0,598554488.0,23.0,14.0,32.0,78.0,9.0,0.0,69.0,0.0,1,0,recorded,1992
1649690266,2.0,2.0,2.0,3.89099,0.0,6750000.0,598554438.0,598554535.0,598554534.0,598554535.0,598554535.0,598554536.0,598554537.0,598554546.0,598554474.0,598554520.0,99.0,97.0,36.0,82.0,1.0,1.0,80.0,0.0,1,0,recorded,1993
1649693146,,,,,,,,,,,,,,,,,,,,,,,,,0,1,dropped_only,1994
1649696206,2.0,2.0,2.0,3.89099,0.0,6750000.0,598554509.0,598554549.0,598554537.0,598554549.0,598554549.0,598554549.0,598554550.0,598554553.0,598554540.0,598554586.0,41.0,29.0,31.0,77.0,12.0,0.0,65.0,0.0,1,0,recorded,1995
1649700526,2.0,2.0,2.0,3.89099,0.0,6750000.0,598554559.0,598554653.0,598554653.0,598554653.0,598554653.0,598554654.0,598554654.0,598554665.0,598554588.0,598554634.0,95.0,94.0,29.0,75.0,0.0,1.0,74.0,0.0,1,0,recorded,1996
1649703406,,,,,,,,,,,,,,,,,,,,,,,,,0,1,dropped_only,1997
1649706106,,,,,,,,,,,,,,,,,,,,,,,,,0,1,dropped_only,1998
1649708986,2.0,2.0,2.0,3.89099,0.0,6750000.0,598554646.0,598554667.0,598554657.0,598554667.0,598554667.0,598554667.0,598554668.0,598554670.0,598554682.0,598554728.0,22.0,12.0,36.0,82.0,10.0,0.0,72.0,0.0,1,0,recorded,1999
1649711866,2.0,2.0,2.0,3.89099,0.0,6750000.0,598554681.0,598554766.0,598554766.0,598554766.0,598554767.0,598554767.0,598554768.0,598554779.0,598554714.0,598554760.0,87.0,87.0,33.0,79.0,0.0,0.0,79.0,0.0,1,0,recorded,2000
1649714746,,,,,,,,,,,,,,,,,,,,,,,,,0,1,dropped_only,2001
1649717626,2.0,2.0,2.0,3.89099,0.0,6750000.0,598554744.0,598554781.0,598554768.0,598554781.0,598554781.0,598554781.0,598554781.0,598554784.0,598554778.0,598554824.0,37.0,24.0,34.0,80.0,13.0,0.0,67.0,0.0,1,0,recorded,2002
1649720506,2.0,2.0,2.0,3.89099,0.0,6750000.0,598554779.0,598554884.0,598554884.0,598554884.0,598554885.0,598554885.0,598554886.0,598554898.0,598554810.0,598554856.0,107.0,107.0,31.0,77.0,0.0,0.0,77.0,0.0,1,0,recorded,2003
1649723386,,,,,,,,,,,,,,,,,,,,,,,,,0,1,dropped_only,2004
1649726266,,,,,,,,,,,,,,,,,,,,,,,,,0,1,dropped_only,2005
1649729146,2.0,2.0,2.0,3.89099,0.0,6750000.0,598554881.0,598554900.0,598554888.0,598554901.0,598554901.0,598554901.0,598554901.0,598554906.0,598554906.0,598554952.0,20.0,7.0,25.0,71.0,13.0,0.0,58.0,0.0,1,0,recorded,2006
1649732026,2.0,2.0,2.0,3.89099,0.0,6750000.0,598554905.0,598555002.0,598555002.0,598555002.0,598555002.0,598555003.0,598555004.0,598555011.0,598554938.0,598554984.0,99.0,98.0,33.0,79.0,0.0,1.0,78.0,0.0,1,0,recorded,2007
1649736346,,,,,,,,,,,,,,,,,,,,,,,,,0,1,dropped_only,2008
1649739226,2.0,2.0,2.0,3.89099,0.0,6750000.0,598554986.0,598555012.0,598555005.0,598555012.0,598555013.0,598555013.0,598555013.0,598555016.0,598555018.0,598555064.0,27.0,20.0,32.0,78.0,7.0,0.0,71.0,0.0,1,0,recorded,2009
1649742106,2.0,2.0,2.0,3.89099,0.0,6750000.0,598555015.0,598555123.0,598555123.0,598555123.0,598555123.0,598555124.0,598555125.0,598555136.0,598555050.0,598555096.0,110.0,109.0,35.0,81.0,0.0,1.0,80.0,0.0,1,0,recorded,2010
1649744986,,,,,,,,,,,,,,,,,,,,,,,,,0,1,dropped_only,2011
1649747866,,,,,,,,,,,,,,,,,,,,,,,,,0,1,dropped_only,2012
1649750746,2.0,2.0,2.0,4.48608,0.0,6750000.0,598555112.0,598555138.0,598555127.0,598555138.0,598555138.0,598555139.0,598555139.0,598555142.0,598555146.0,598555192.0,27.0,15.0,34.0,80.0,11.0,1.0,68.0,0.0,1,0,recorded,2013
1649753806,2.0,2.0,2.0,4.48608,0.0,6750000.0,598555156.0,598555234.0,598555234.0,598555234.0,598555234.0,598555235.0,598555236.0,598555248.0,598555180.0,598555226.0,80.0,79.0,24.0,70.0,0.0,1.0,69.0,0.0,1,0,recorded,2014
1649756686,,,,,,,,,,,,,,,,,,,,,,,,,0,1,dropped_only,2015
1649759566,2.0,2.0,2.0,4.48608,0.0,6750000.0,598555210.0,598555250.0,598555237.0,598555250.0,598555250.0,598555250.0,598555251.0,598555253.0,598555244.0,598555290.0,41.0,28.0,34.0,80.0,13.0,0.0,67.0,0.0,1,0,recorded,2016
1649762266,2.0,2.0,2.0,4.48608,0.0,6750000.0,598555239.0,598555352.0,598555352.0,598555353.0,598555353.0,598555353.0,598555354.0,598555364.0,598555274.0,598555320.0,115.0,114.0,35.0,81.0,1.0,0.0,80.0,0.0,1,0,recorded,2017
1649765146,,,,,,,,,,,,,,,,,,,,,,,,,0,1,dropped_only,2018
1649768026,2.0,2.0,2.0,4.48608,0.0,6750000.0,598555302.0,598555366.0,598555354.0,598555366.0,598555366.0,598555367.0,598555367.0,598555370.0,598555338.0,598555384.0,65.0,52.0,36.0,82.0,12.0,1.0,69.0,0.0,1,0,recorded,2019
1649772346,2.0,2.0,2.0,4.48608,0.0,6750000.0,598555351.0,598555463.0,598555462.0,598555463.0,598555463.0,598555464.0,598555464.0,598555473.0,598555386.0,598555432.0,113.0,111.0,35.0,81.0,1.0,1.0,79.0,0.0,1,0,recorded,2020
1649775226,,,,,,,,,,,,,,,,,,,,,,,,,0,1,dropped_only,2021
1649778106,,,,,,,,,,,,,,,,,,,,,,,,,0,1,dropped_only,2022
1649780986,2.0,2.0,2.0,4.48608,0.0,6750000.0,598555446.0,598555475.0,598555466.0,598555475.0,598555475.0,598555476.0,598555476.0,598555478.0,598555482.0,598555528.0,30.0,20.0,36.0,82.0,9.0,1.0,72.0,0.0,1,0,recorded,2023
1649783866,2.0,2.0,2.0,4.48608,0.0,6750000.0,598555487.0,598555587.0,598555586.0,598555587.0,598555587.0,598555588.0,598555588.0,598555599.0,598555514.0,598555560.0,101.0,99.0,27.0,73.0,1.0,1.0,71.0,0.0,1,0,recorded,2024
1649786746,,,,,,,,,,,,,,,,,,,,,,,,,0,1,dropped_only,2025
1649789626,,,,,,,,,,,,,,,,,,,,,,,,,0,1,dropped_only,2026
1649792506,2.0,2.0,2.0,4.48608,0.0,6750000.0,598555574.0,598555600.0,598555588.0,598555601.0,598555601.0,598555601.0,598555601.0,598555604.0,598555610.0,598555656.0,27.0,14.0,36.0,82.0,13.0,0.0,69.0,0.0,1,0,recorded,2027
1649795386,2.0,2.0,2.0,4.48608,0.0,6750000.0,598555611.0,598555702.0,598555701.0,598555702.0,598555702.0,598555703.0,598555704.0,598555716.0,598555642.0,598555688.0,93.0,91.0,31.0,77.0,1.0,1.0,75.0,0.0,1,0,recorded,2028
1649798266,,,,,,,,,,,,,,,,,,,,,,,,,0,1,dropped_only,2029
1649801146,2.0,2.0,2.0,4.11987,0.0,6750000.0,598555671.0,598555718.0,598555705.0,598555718.0,598555718.0,598555718.0,598555719.0,598555721.0,598555706.0,598555752.0,48.0,35.0,35.0,81.0,13.0,0.0,68.0,0.0,1,0,recorded,2030
1649804116,2.0,2.0,2.0,4.11987,0.0,6750000.0,598555703.0,598555819.0,598555819.0,598555820.0,598555820.0,598555821.0,598555821.0,598555831.0,598555739.0,598555785.0,118.0,116.0,36.0,82.0,1.0,1.0,80.0,0.0,1,0,recorded,2031
1649808436,,,,,,,,,,,,,,,,,,,,,,,,,0,1,dropped_only,2032
1649811226,2.0,2.0,2.0,4.11987,0.0,6750000.0,598555785.0,598555833.0,598555822.0,598555833.0,598555833.0,598555834.0,598555834.0,598555836.0,598555818.0,598555864.0,49.0,37.0,33.0,79.0,11.0,1.0,67.0,0.0,1,0,recorded,2033
1649814196,2.0,2.0,2.0,4.11987,0.0,6750000.0,598555815.0,598555930.0,598555930.0,598555931.0,598555931.0,598555932.0,598555933.0,598555935.0,598555851.0,598555897.0,118.0,116.0,36.0,82.0,1.0,1.0,80.0,0.0,1,0,recorded,2034
1649816986,,,,,,,,,,,,,,,,,,,,,,,,,0,1,dropped_only,2035
1649820046,,,,,,,,,,,,,,,,,,,,,,,,,0,1,dropped_only,2036
1649822926,2.0,2.0,2.0,4.11987,0.0,6750000.0,598555911.0,598555937.0,598555934.0,598555937.0,598555937.0,598555937.0,598555938.0,598555939.0,598555948.0,598555994.0,27.0,24.0,37.0,83.0,3.0,0.0,80.0,0.0,1,0,recorded,2037
1649825806,2.0,2.0,2.0,4.11987,0.0,6750000.0,598555947.0,598556046.0,598556046.0,598556047.0,598556047.0,598556047.0,598556048.0,598556054.0,598555980.0,598556026.0,101.0,100.0,33.0,79.0,1.0,0.0,78.0,0.0,1,0,recorded,2038
1649828596,,,,,,,,,,,,,,,,,,,,,,,,,0,1,dropped_only,2039
1649831476,,,,,,,,,,,,,,,,,,,,,,,,,0,1,dropped_only,2040
1649834356,2.0,2.0,2.0,4.11987,0.0,6750000.0,598556040.0,598556058.0,598556049.0,598556056.0,598556056.0,598556056.0,598556056.0,598556058.0,598556075.0,598556121.0,16.0,9.0,35.0,81.0,7.0,0.0,74.0,0.0,1,0,recorded,2041
1649837146,2.0,2.0,2.0,4.11987,0.0,6750000.0,598556069.0,598556161.0,598556160.0,598556161.0,598556161.0,598556162.0,598556163.0,598556171.0,598556106.0,598556152.0,94.0,92.0,37.0,83.0,1.0,1.0,81.0,0.0,1,0,recorded,2042
1649840206,,,,,,,,,,,,,,,,,,,,,,,,,0,1,dropped_only,2043
1649844346,2.0,2.0,2.0,4.11987,0.0,6750000.0,598556155.0,598556173.0,598556163.0,598556173.0,598556173.0,598556174.0,598556174.0,598556176.0,598556186.0,598556232.0,19.0,8.0,31.0,77.0,10.0,1.0,66.0,0.0,1,0,recorded,2044
1649847226,2.0,2.0,2.0,4.11987,0.0,6750000.0,598556183.0,598556285.0,598556285.0,598556286.0,598556286.0,598556286.0,598556287.0,598556295.0,598556218.0,598556264.0,104.0,103.0,35.0,81.0,1.0,0.0,80.0,0.0,1,0,recorded,2045
1649850106,,,,,,,,,,,,,,,,,,,,,,,,,0,1,dropped_only,2046
1649852986,,,,,,,,,,,,,,,,,,,,,,,,,0,1,dropped_only,2047
1649855956,2.0,2.0,2.0,4.11987,0.0,6750000.0,598556280.0,598556299.0,598556290.0,598556297.0,598556297.0,598556298.0,598556298.0,598556301.0,598556315.0,598556361.0,18.0,10.0,35.0,81.0,7.0,1.0,73.0,0.0,1,0,recorded,2048
1649858836,2.0,2.0,2.0,4.11987,0.0,6750000.0,598556313.0,598556403.0,598556403.0,598556404.0,598556404.0,598556405.0,598556405.0,598556417.0,598556347.0,598556393.0,92.0,90.0,34.0,80.0,1.0,1.0,78.0,0.0,1,0,recorded,2049
1649861626,,,,,,,,,,,,,,,,,,,,,,,,,0,1,dropped_only,2050
1649864506,2.0,2.0,2.0,4.11987,0.0,6750000.0,598556376.0,598556419.0,598556407.0,598556419.0,598556419.0,598556420.0,598556420.0,598556422.0,598556410.0,598556456.0,44.0,31.0,34.0,80.0,12.0,1.0,67.0,0.0,1,0,recorded,2051
1649867386,2.0,2.0,2.0,4.11987,0.0,6750000.0,598556412.0,598556521.0,598556521.0,598556521.0,598556522.0,598556522.0,598556523.0,598556535.0,598556442.0,598556488.0,111.0,111.0,30.0,76.0,0.0,0.0,76.0,0.0,1,0,recorded,2052
1649870266,,,,,,,,,,,,,,,,,,,,,,,,,0,1,dropped_only,2053
1649873236,,,,,,,,,,,,,,,,,,,,,,,,,0,1,dropped_only,2054
1649876116,2.0,2.0,2.0,4.11987,0.0,6750000.0,598556509.0,598556537.0,598556525.0,598556537.0,598556537.0,598556538.0,598556538.0,598556542.0,598556539.0,598556585.0,29.0,16.0,30.0,76.0,12.0,1.0,63.0,0.0,1,0,recorded,2055
1649880346,2.0,2.0,2.0,4.11987,0.0,6750000.0,598556549.0,598556630.0,598556630.0,598556631.0,598556631.0,598556631.0,598556632.0,598556639.0,598556586.0,598556632.0,83.0,82.0,37.0,83.0,1.0,0.0,82.0,0.0,1,0,recorded,2056
1649883226,,,,,,,,,,,,,,,,,,,,,,,,,0,1,dropped_only,2057
1649886196,2.0,2.0,2.0,4.11987,0.0,6750000.0,598556617.0,598556640.0,598556632.0,598556640.0,598556640.0,598556641.0,598556641.0,598556643.0,598556651.0,598556697.0,24.0,15.0,34.0,80.0,8.0,1.0,71.0,0.0,1,0,recorded,2058
1649889076,2.0,2.0,2.0,4.11987,0.0,6750000.0,598556647.0,598556754.0,598556754.0,598556754.0,598556754.0,598556755.0,598556755.0,598556763.0,598556683.0,598556729.0,108.0,107.0,36.0,82.0,0.0,1.0,81.0,0.0,1,0,recorded,2059
1649891956,,,,,,,,,,,,,,,,,,,,,,,,,0,1,dropped_only,2060
1649894836,,,,,,,,,,,,,,,,,,,,,,,,,0,1,dropped_only,2061
1649897716,2.0,2.0,2.0,4.11987,0.0,6750000.0,598556747.0,598556764.0,598556759.0,598556764.0,598556765.0,598556765.0,598556765.0,598556770.0,598556779.0,598556825.0,18.0,13.0,32.0,78.0,5.0,0.0,73.0,0.0,1,0,recorded,2062
1649900596,2.0,2.0,2.0,2.24304,0.0,6750000.0,598556774.0,598556871.0,598556870.0,598556871.0,598556871.0,598556872.0,598556873.0,598556875.0,598556811.0,598556857.0,99.0,97.0,37.0,83.0,1.0,1.0,81.0,0.0,1,0,recorded,2063
1649903476,,,,,,,,,,,,,,,,,,,,,,,,,0,1,dropped_only,2064
1649906266,2.0,2.0,2.0,2.24304,0.0,6750000.0,598556840.0,598556880.0,598556876.0,598556880.0,598556881.0,598556881.0,598556881.0,598556883.0,598556874.0,598556920.0,41.0,37.0,34.0,80.0,4.0,0.0,76.0,0.0,1,0,recorded,2065
1649909236,2.0,2.0,2.0,2.24304,0.0,6750000.0,598556882.0,598556991.0,598556991.0,598556992.0,598556992.0,598556992.0,598556993.0,598556998.0,598556907.0,598556953.0,111.0,110.0,25.0,71.0,1.0,0.0,70.0,0.0,1,0,recorded,2066
1649912116,,,,,,,,,,,,,,,,,,,,,,,,,0,1,dropped_only,2067
1649916346,2.0,2.0,2.0,2.24304,0.0,6750000.0,598556951.0,598557000.0,598556995.0,598557000.0,598557000.0,598557000.0,598557000.0,598557003.0,598556986.0,598557032.0,49.0,44.0,35.0,81.0,5.0,0.0,76.0,0.0,1,0,recorded,2068
1649919316,2.0,2.0,2.0,2.24304,0.0,6750000.0,598556996.0,598557106.0,598557105.0,598557106.0,598557106.0,598557107.0,598557108.0,598557119.0,598557019.0,598557065.0,112.0,110.0,23.0,69.0,1.0,1.0,67.0,0.0,1,0,recorded,2069
1649922196,,,,,,,,,,,,,,,,,,,,,,,,,0,1,dropped_only,2070
1649924986,,,,,,,,,,,,,,,,,,,,,,,,,0,1,dropped_only,2071
1649927866,2.0,2.0,2.0,2.24304,0.0,6750000.0,598557077.0,598557121.0,598557111.0,598557122.0,598557122.0,598557122.0,598557122.0,598557124.0,598557114.0,598557160.0,45.0,34.0,37.0,83.0,11.0,0.0,72.0,0.0,1,0,recorded,2072
1649930746,2.0,2.0,2.0,2.24304,0.0,6750000.0,598557112.0,598557220.0,598557220.0,598557221.0,598557221.0,598557222.0,598557222.0,598557232.0,598557146.0,598557192.0,110.0,108.0,34.0,80.0,1.0,1.0,78.0,0.0,1,0,recorded,2073
1649933716,,,,,,,,,,,,,,,,,,,,,,,,,0,1,dropped_only,2074
1649936506,,,,,,,,,,,,,,,,,,,,,,,,,0,1,dropped_only,2075
1649939476,2.0,2.0,2.0,2.24304,0.0,6750000.0,598557211.0,598557234.0,598557225.0,598557234.0,598557234.0,598557235.0,598557235.0,598557237.0,598557243.0,598557289.0,24.0,14.0,32.0,78.0,9.0,1.0,68.0,0.0,1,0,recorded,2076
1649942356,2.0,2.0,2.0,2.24304,0.0,6750000.0,598557242.0,598557334.0,598557334.0,598557334.0,598557334.0,598557335.0,598557336.0,598557346.0,598557275.0,598557321.0,94.0,93.0,33.0,79.0,0.0,1.0,78.0,0.0,1,0,recorded,2077
1649945236,,,,,,,,,,,,,,,,,,,,,,,,,0,1,dropped_only,2078
1649948206,2.0,2.0,2.0,2.24304,0.0,6750000.0,598557314.0,598557348.0,598557337.0,598557348.0,598557348.0,598557348.0,598557349.0,598557353.0,598557340.0,598557386.0,35.0,24.0,26.0,72.0,11.0,0.0,61.0,0.0,1,0,recorded,2079
1649952526,2.0,2.0,2.0,2.24304,0.0,6750000.0,598557355.0,598557448.0,598557447.0,598557448.0,598557449.0,598557449.0,598557450.0,598557457.0,598557388.0,598557434.0,95.0,94.0,33.0,79.0,1.0,0.0,78.0,0.0,1,0,recorded,2080
1649955316,,,,,,,,,,,,,,,,,,,,,,,,,0,1,dropped_only,2081
1649958196,2.0,2.0,2.0,2.24304,0.0,6750000.0,598557418.0,598557459.0,598557452.0,598557459.0,598557459.0,598557459.0,598557460.0,598557462.0,598557451.0,598557497.0,42.0,35.0,33.0,79.0,7.0,0.0,72.0,0.0,1,0,recorded,2082
1649961076,2.0,2.0,2.0,2.24304,0.0,6750000.0,598557453.0,598557566.0,598557565.0,598557566.0,598557566.0,598557567.0,598557567.0,598557579.0,598557483.0,598557529.0,114.0,112.0,30.0,76.0,1.0,1.0,74.0,0.0,1,0,recorded,2083
1649963956,,,,,,,,,,,,,,,,,,,,,,,,,0,1,dropped_only,2084
1649966836,,,,,,,,,,,,,,,,,,,,,,,,,0,1,dropped_only,2085
1649969626,2.0,2.0,2.0,2.24304,0.0,6750000.0,598557541.0,598557580.0,598557569.0,598557580.0,598557580.0,598557581.0,598557581.0,598557583.0,598557578.0,598557624.0,40.0,28.0,37.0,83.0,11.0,1.0,71.0,0.0,1,0,recorded,2086
1649972506,2.0,2.0,2.0,2.24304,0.0,6750000.0,598557579.0,598557691.0,598557691.0,598557692.0,598557692.0,598557692.0,598557693.0,598557705.0,598557610.0,598557656.0,114.0,113.0,31.0,77.0,1.0,0.0,76.0,0.0,1,0,recorded,2087
1649975386,,,,,,,,,,,,,,,,,,,,,,,,,0,1,dropped_only,2088
1649978266,,,,,,,,,,,,,,,,,,,,,,,,,0,1,dropped_only,2089
1649981236,2.0,2.0,2.0,2.24304,0.0,6750000.0,598557673.0,598557707.0,598557695.0,598557707.0,598557707.0,598557707.0,598557707.0,598557709.0,598557707.0,598557753.0,34.0,22.0,34.0,80.0,12.0,0.0,68.0,0.0,1,0,recorded,2090
1649984116,2.0,2.0,2.0,2.24304,0.0,6750000.0,598557703.0,598557809.0,598557809.0,598557810.0,598557810.0,598557810.0,598557811.0,598557819.0,598557739.0,598557785.0,108.0,107.0,36.0,82.0,1.0,0.0,81.0,0.0,1,0,recorded,2091
1649988346,,,,,,,,,,,,,,,,,,,,,,,,,0,1,dropped_only,2092
1649991226,2.0,2.0,2.0,2.24304,0.0,6750000.0,598557789.0,598557821.0,598557811.0,598557821.0,598557821.0,598557821.0,598557821.0,598557823.0,598557818.0,598557864.0,32.0,22.0,29.0,75.0,10.0,0.0,65.0,0.0,1,0,recorded,2093
1649994106,2.0,2.0,2.0,2.24304,0.0,6750000.0,598557817.0,598557932.0,598557932.0,598557933.0,598557933.0,598557934.0,598557935.0,598557946.0,598557850.0,598557896.0,118.0,116.0,33.0,79.0,1.0,1.0,77.0,0.0,1,0,recorded,2094
1649996986,,,,,,,,,,,,,,,,,,,,,,,,,0,1,dropped_only,2095
1649999866,,,,,,,,,,,,,,,,,,,,,,,,,0,1,dropped_only,2096
1650002746,2.0,2.0,2.0,2.24304,0.0,6750000.0,598557910.0,598557948.0,598557939.0,598557948.0,598557948.0,598557949.0,598557949.0,598557950.0,598557946.0,598557992.0,39.0,29.0,36.0,82.0,9.0,1.0,72.0,0.0,1,0,recorded,2097
1650005806,2.0,2.0,2.0,2.24304,0.0,6750000.0,598557953.0,598558051.0,598558051.0,598558051.0,598558051.0,598558052.0,598558052.0,598558064.0,598557980.0,598558026.0,99.0,98.0,27.0,73.0,0.0,1.0,72.0,0.0,1,0,recorded,2098
1650008596,,,,,,,,,,,,,,,,,,,,,,,,,0,1,dropped_only,2099
1650011476,,,,,,,,,,,,,,,,,,,,,,,,,0,1,dropped_only,2100
1650014356,2.0,2.0,2.0,2.24304,0.0,6750000.0,598558037.0,598558066.0,598558056.0,598558066.0,598558066.0,598558067.0,598558067.0,598558068.0,598558075.0,598558121.0,30.0,19.0,38.0,84.0,10.0,1.0,73.0,0.0,1,0,recorded,2101
1650017236,2.0,2.0,2.0,2.24304,0.0,6750000.0,598558072.0,598558171.0,598558170.0,598558171.0,598558172.0,598558172.0,598558173.0,598558182.0,598558107.0,598558153.0,101.0,100.0,35.0,81.0,1.0,0.0,80.0,0.0,1,0,recorded,2102
1650020026,,,,,,,,,,,,,,,,,,,,,,,,,0,1,dropped_only,2103
1650024346,2.0,2.0,2.0,2.24304,0.0,6750000.0,598558148.0,598558184.0,598558173.0,598558184.0,598558184.0,598558184.0,598558185.0,598558186.0,598558186.0,598558232.0,37.0,26.0,38.0,84.0,11.0,0.0,73.0,0.0,1,0,recorded,2104
1650027226,2.0,2.0,2.0,2.24304,0.0,6750000.0,598558191.0,598558289.0,598558289.0,598558289.0,598558290.0,598558290.0,598558291.0,598558302.0,598558218.0,598558264.0,100.0,100.0,27.0,73.0,0.0,0.0,73.0,0.0,1,0,recorded,2105
1650030106,,,,,,,,,,,,,,,,,,,,,,,,,0,1,dropped_only,2106
1650032986,,,,,,,,,,,,,,,,,,,,,,,,,0,1,dropped_only,2107
1650035866,2.0,2.0,2.0,3.37219,0.0,6750000.0,598558284.0,598558304.0,598558294.0,598558304.0,598558304.0,598558304.0,598558305.0,598558309.0,598558314.0,598558360.0,21.0,11.0,30.0,76.0,10.0,0.0,66.0,0.0,1,0,recorded,2108
1650038836,2.0,2.0,2.0,3.37219,0.0,6750000.0,598558310.0,598558413.0,598558412.0,598558413.0,598558413.0,598558414.0,598558415.0,598558421.0,598558347.0,598558393.0,105.0,103.0,37.0,83.0,1.0,1.0,81.0,0.0,1,0,recorded,2109
1650041626,,,,,,,,,,,,,,,,,,,,,,,,,0,1,dropped_only,2110
1650044506,2.0,2.0,2.0,3.37219,0.0,6750000.0,598558380.0,598558423.0,598558415.0,598558423.0,598558423.0,598558423.0,598558424.0,598558428.0,598558410.0,598558456.0,44.0,36.0,30.0,76.0,8.0,0.0,68.0,0.0,1,0,recorded,2111
1650047386,2.0,2.0,2.0,3.37219,0.0,6750000.0,598558408.0,598558527.0,598558527.0,598558527.0,598558527.0,598558528.0,598558529.0,598558536.0,598558442.0,598558488.0,121.0,120.0,34.0,80.0,0.0,1.0,79.0,0.0,1,0,recorded,2112
1650050266,,,,,,,,,,,,,,,,,,,,,,,,,0,1,dropped_only,2113
1650053236,,,,,,,,,,,,,,,,,,,,,,,,,0,1,dropped_only,2114
1650056116,2.0,2.0,2.0,3.37219,0.0,6750000.0,598558505.0,598558538.0,598558532.0,598558538.0,598558538.0,598558538.0,598558539.0,598558541.0,598558539.0,598558585.0,34.0,28.0,34.0,80.0,6.0,0.0,74.0,0.0,1,0,recorded,2115
1650058906,2.0,2.0,2.0,3.37219,0.0,6750000.0,598558537.0,598558654.0,598558653.0,598558654.0,598558654.0,598558654.0,598558655.0,598558667.0,598558570.0,598558616.0,118.0,117.0,33.0,79.0,1.0,0.0,78.0,0.0,1,0,recorded,2116
1650063316,,,,,,,,,,,,,,,,,,,,,,,,,0,1,dropped_only,2117
1650066106,,,,,,,,,,,,,,,,,,,,,,,,,0,1,dropped_only,2118
1650068986,2.0,2.0,2.0,3.37219,0.0,6750000.0,598558646.0,598558669.0,598558658.0,598558669.0,598558669.0,598558669.0,598558670.0,598558671.0,598558682.0,598558728.0,24.0,13.0,36.0,82.0,11.0,0.0,71.0,0.0,1,0,recorded,2119
1650071866,2.0,2.0,2.0,3.37219,0.0,6750000.0,598558677.0,598558771.0,598558770.0,598558771.0,598558771.0,598558772.0,598558772.0,598558781.0,598558714.0,598558760.0,95.0,93.0,37.0,83.0,1.0,1.0,81.0,0.0,1,0,recorded,2120
1650074746,,,,,,,,,,,,,,,,,,,,,,,,,0,1,dropped_only,2121
1650077806,2.0,2.0,2.0,3.37219,0.0,6750000.0,598558748.0,598558783.0,598558773.0,598558783.0,598558783.0,598558783.0,598558783.0,598558785.0,598558780.0,598558826.0,35.0,25.0,32.0,78.0,10.0,0.0,68.0,0.0,1,0,recorded,2122
1650080686,2.0,2.0,2.0,3.37219,0.0,6750000.0,598558779.0,598558890.0,598558889.0,598558890.0,598558890.0,598558891.0,598558892.0,598558902.0,598558812.0,598558858.0,113.0,111.0,33.0,79.0,1.0,1.0,77.0,0.0,1,0,recorded,2123
1650083476,,,,,,,,,,,,,,,,,,,,,,,,,0,1,dropped_only,2124
1650086356,,,,,,,,,,,,,,,,,,,,,,,,,0,1,dropped_only,2125
1650089236,2.0,2.0,2.0,3.37219,0.0,6750000.0,598558870.0,598558904.0,598558894.0,598558905.0,598558905.0,598558905.0,598558905.0,598558907.0,598558907.0,598558953.0,35.0,24.0,37.0,83.0,11.0,0.0,72.0,0.0,1,0,recorded,2126
1650092026,2.0,2.0,2.0,3.37219,0.0,6750000.0,598558909.0,598559004.0,598559004.0,598559005.0,598559005.0,598559006.0,598559007.0,598559019.0,598558938.0,598558984.0,98.0,96.0,29.0,75.0,1.0,1.0,73.0,0.0,1,0,recorded,2127
1650096346,,,,,,,,,,,,,,,,,,,,,,,,,0,1,dropped_only,2128
1650099226,2.0,2.0,2.0,3.37219,0.0,6750000.0,598558992.0,598559020.0,598559008.0,598559021.0,598559021.0,598559021.0,598559022.0,598559026.0,598559018.0,598559064.0,30.0,17.0,26.0,72.0,13.0,0.0,59.0,0.0,1,0,recorded,2129
1650102106,2.0,2.0,2.0,3.37219,0.0,6750000.0,598559011.0,598559117.0,598559117.0,598559117.0,598559118.0,598559118.0,598559119.0,598559123.0,598559050.0,598559096.0,108.0,108.0,39.0,85.0,0.0,0.0,85.0,0.0,1,0,recorded,2130
1650104986,,,,,,,,,,,,,,,,,,,,,,,,,0,1,dropped_only,2131
1650107866,,,,,,,,,,,,,,,,,,,,,,,,,0,1,dropped_only,2132
1650110746,2.0,2.0,2.0,3.5553,0.0,6750000.0,598559109.0,598559130.0,598559120.0,598559126.0,598559126.0,598559126.0,598559127.0,598559134.0,598559146.0,598559192.0,18.0,12.0,37.0,83.0,6.0,0.0,77.0,0.0,1,0,recorded,2133
1650113626,2.0,2.0,2.0,3.5553,0.0,6750000.0,598559147.0,598559231.0,598559231.0,598559232.0,598559232.0,598559232.0,598559233.0,598559244.0,598559178.0,598559224.0,86.0,85.0,31.0,77.0,1.0,0.0,76.0,0.0,1,0,recorded,2134
1650116506,,,,,,,,,,,,,,,,,,,,,,,,,0,1,dropped_only,2135
1650119386,2.0,2.0,2.0,3.5553,0.0,6750000.0,598559214.0,598559246.0,598559233.0,598559246.0,598559247.0,598559247.0,598559247.0,598559251.0,598559242.0,598559288.0,33.0,20.0,28.0,74.0,13.0,0.0,61.0,0.0,1,0,recorded,2136
1650122356,2.0,2.0,2.0,3.5553,0.0,6750000.0,598559237.0,598559356.0,598559355.0,598559356.0,598559356.0,598559357.0,598559357.0,598559364.0,598559275.0,598559321.0,120.0,118.0,38.0,84.0,1.0,1.0,82.0,0.0,1,0,recorded,2137
1650125236,,,,,,,,,,,,,,,,,,,,,,,,,0,1,dropped_only,2138
1650128116,,,,,,,,,,,,,,,,,,,,,,,,,0,1,dropped_only,2139
1650130996,2.0,2.0,2.0,3.5553,0.0,6750000.0,598559333.0,598559365.0,598559361.0,598559365.0,598559366.0,598559366.0,598559366.0,598559370.0,598559371.0,598559417.0,33.0,29.0,38.0,84.0,4.0,0.0,80.0,0.0,1,0,recorded,2140
1650135316,2.0,2.0,2.0,3.5553,0.0,6750000.0,598559385.0,598559476.0,598559476.0,598559476.0,598559476.0,598559477.0,598559477.0,598559484.0,598559419.0,598559465.0,92.0,91.0,34.0,80.0,0.0,1.0,79.0,0.0,1,0,recorded,2141
1650138106,,,,,,,,,,,,,,,,,,,,,,,,,0,1,dropped_only,2142
1650141076,2.0,2.0,2.0,3.5553,0.0,6750000.0,598559449.0,598559486.0,598559479.0,598559486.0,598559487.0,598559487.0,598559487.0,598559489.0,598559483.0,598559529.0,38.0,31.0,34.0,80.0,7.0,0.0,73.0,0.0,1,0,recorded,2143
1650143956,2.0,2.0,2.0,3.5553,0.0,6750000.0,598559486.0,598559593.0,598559592.0,598559593.0,598559593.0,598559594.0,598559594.0,598559606.0,598559515.0,598559561.0,108.0,106.0,29.0,75.0,1.0,1.0,73.0,0.0,1,0,recorded,2144
1650146836,,,,,,,,,,,,,,,,,,,,,,,,,0,1,dropped_only,2145
1650149716,,,,,,,,,,,,,,,,,,,,,,,,,0,1,dropped_only,2146
1650152596,2.0,2.0,2.0,3.5553,0.0,6750000.0,598559577.0,598559607.0,598559596.0,598559608.0,598559608.0,598559608.0,598559608.0,598559610.0,598559611.0,598559657.0,31.0,19.0,34.0,80.0,12.0,0.0,68.0,0.0,1,0,recorded,2147
1650155476,2.0,2.0,2.0,3.5553,0.0,6750000.0,598559616.0,598559713.0,598559713.0,598559713.0,598559713.0,598559714.0,598559714.0,598559727.0,598559643.0,598559689.0,98.0,97.0,27.0,73.0,0.0,1.0,72.0,0.0,1,0,recorded,2148
1650158356,,,,,,,,,,,,,,,,,,,,,,,,,0,1,dropped_only,2149
1650161146,2.0,2.0,2.0,3.5553,0.0,6750000.0,598559669.0,598559728.0,598559716.0,598559728.0,598559728.0,598559729.0,598559729.0,598559731.0,598559706.0,598559752.0,60.0,47.0,37.0,83.0,12.0,1.0,70.0,0.0,1,0,recorded,2150
1650164026,2.0,2.0,2.0,3.5553,0.0,6750000.0,598559712.0,598559836.0,598559836.0,598559836.0,598559836.0,598559837.0,598559838.0,598559850.0,598559738.0,598559784.0,126.0,125.0,26.0,72.0,0.0,1.0,71.0,0.0,1,0,recorded,2151
1650168346,,,,,,,,,,,,,,,,,,,,,,,,,0,1,dropped_only,2152
1650171316,,,,,,,,,,,,,,,,,,,,,,,,,0,1,dropped_only,2153
1650174196,2.0,2.0,2.0,3.26538,0.0,6750000.0,598559813.0,598559851.0,598559841.0,598559851.0,598559851.0,598559852.0,598559852.0,598559854.0,598559851.0,598559897.0,39.0,28.0,38.0,84.0,10.0,1.0,73.0,0.0,1,0,recorded,2154
1650177076,2.0,2.0,2.0,3.26538,0.0,6750000.0,598559848.0,598559955.0,598559954.0,598559955.0,598559955.0,598559955.0,598559956.0,598559968.0,598559883.0,598559929.0,108.0,107.0,35.0,81.0,1.0,0.0,80.0,0.0,1,0,recorded,2155
1650179866,,,,,,,,,,,,,,,,,,,,,,,,,0,1,dropped_only,2156
1650182746,,,,,,,,,,,,,,,,,,,,,,,,,0,1,dropped_only,2157
1650185626,2.0,2.0,2.0,3.26538,0.0,6750000.0,598559951.0,598559969.0,598559958.0,598559970.0,598559970.0,598559970.0,598559971.0,598559975.0,598559978.0,598560024.0,20.0,8.0,27.0,73.0,12.0,0.0,61.0,0.0,1,0,recorded,2158
1650188506,2.0,2.0,2.0,3.26538,0.0,6750000.0,598559973.0,598560072.0,598560072.0,598560073.0,598560073.0,598560073.0,598560075.0,598560082.0,598560010.0,598560056.0,102.0,101.0,37.0,83.0,1.0,0.0,82.0,0.0,1,0,recorded,2159
1650191476,,,,,,,,,,,,,,,,,,,,,,,,,0,1,dropped_only,2160
1650194266,2.0,2.0,2.0,3.26538,0.0,6750000.0,598560039.0,598560084.0,598560074.0,598560084.0,598560084.0,598560084.0,598560085.0,598560087.0,598560074.0,598560120.0,46.0,36.0,35.0,81.0,10.0,0.0,71.0,0.0,1,0,recorded,2161
1650197236,2.0,2.0,2.0,3.26538,0.0,6750000.0,598560076.0,598560189.0,598560188.0,598560189.0,598560189.0,598560190.0,598560190.0,598560201.0,598560107.0,598560153.0,114.0,112.0,31.0,77.0,1.0,1.0,75.0,0.0,1,0,recorded,2162
1650200116,,,,,,,,,,,,,,,,,,,,,,,,,0,1,dropped_only,2163
1650202996,,,,,,,,,,,,,,,,,,,,,,,,,0,1,dropped_only,2164
1650207316,2.0,2.0,2.0,3.26538,0.0,6750000.0,598560183.0,598560203.0,598560193.0,598560203.0,598560203.0,598560203.0,598560204.0,598560205.0,598560219.0,598560265.0,21.0,11.0,36.0,82.0,10.0,0.0,72.0,0.0,1,0,recorded,2165
1650210196,2.0,2.0,2.0,3.26538,0.0,6750000.0,598560216.0,598560307.0,598560306.0,598560307.0,598560307.0,598560308.0,598560308.0,598560317.0,598560251.0,598560297.0,92.0,90.0,35.0,81.0,1.0,1.0,79.0,0.0,1,0,recorded,2166
1650213076,,,,,,,,,,,,,,,,,,,,,,,,,0,1,dropped_only,2167
1650215866,2.0,2.0,2.0,3.26538,0.0,6750000.0,598560280.0,598560320.0,598560310.0,598560320.0,598560320.0,598560320.0,598560320.0,598560323.0,598560314.0,598560360.0,40.0,30.0,34.0,80.0,10.0,0.0,70.0,0.0,1,0,recorded,2168
1650218746,2.0,2.0,2.0,3.26538,0.0,6750000.0,598560312.0,598560419.0,598560418.0,598560419.0,598560419.0,598560420.0,598560420.0,598560432.0,598560346.0,598560392.0,108.0,106.0,34.0,80.0,1.0,1.0,78.0,0.0,1,0,recorded,2169
1650221626,,,,,,,,,,,,,,,,,,,,,,,,,0,1,dropped_only,2170
1650224506,,,,,,,,,,,,,,,,,,,,,,,,,0,1,dropped_only,2171
1650227476,2.0,2.0,2.0,3.26538,0.0,6750000.0,598560413.0,598560434.0,598560420.0,598560434.0,598560434.0,598560434.0,598560435.0,598560436.0,598560443.0,598560489.0,22.0,8.0,30.0,76.0,14.0,0.0,62.0,0.0,1,0,recorded,2172
1650230266,2.0,2.0,2.0,3.26538,0.0,6750000.0,598560439.0,598560532.0,598560531.0,598560532.0,598560532.0,598560533.0,598560534.0,598560543.0,598560474.0,598560520.0,95.0,93.0,35.0,81.0,1.0,1.0,79.0,0.0,1,0,recorded,2173
1650233146,,,,,,,,,,,,,,,,,,,,,,,,,0,1,dropped_only,2174
1650236026,2.0,2.0,2.0,3.26538,0.0,6750000.0,598560504.0,598560544.0,598560534.0,598560545.0,598560545.0,598560545.0,598560545.0,598560547.0,598560538.0,598560584.0,41.0,30.0,34.0,80.0,11.0,0.0,69.0,0.0,1,0,recorded,2175
1650238996,2.0,2.0,2.0,3.26538,0.0,6750000.0,598560536.0,598560645.0,598560645.0,598560646.0,598560646.0,598560646.0,598560647.0,598560655.0,598560571.0,598560617.0,111.0,110.0,35.0,81.0,1.0,0.0,80.0,0.0,1,0,recorded,2176
1650243316,,,,,,,,,,,,,,,,,,,,,,,,,0,1,dropped_only,2177
1650246196,2.0,2.0,2.0,3.26538,0.0,6750000.0,598560615.0,598560656.0,598560648.0,598560656.0,598560657.0,598560657.0,598560658.0,598560665.0,598560651.0,598560697.0,43.0,35.0,36.0,82.0,8.0,0.0,74.0,0.0,1,0,recorded,2178
1650248986,2.0,2.0,2.0,3.26538,0.0,6750000.0,598560648.0,598560768.0,598560768.0,598560769.0,598560769.0,598560769.0,598560770.0,598560779.0,598560682.0,598560728.0,122.0,121.0,34.0,80.0,1.0,0.0,79.0,0.0,1,0,recorded,2179
1650251866,,,,,,,,,,,,,,,,,,,,,,,,,0,1,dropped_only,2180
1650254836,,,,,,,,,,,,,,,,,,,,,,,,,0,1,dropped_only,2181
1650257626,2.0,2.0,2.0,3.26538,0.0,6750000.0,598560741.0,598560780.0,598560773.0,598560781.0,598560781.0,598560781.0,598560781.0,598560783.0,598560778.0,598560824.0,40.0,32.0,37.0,83.0,8.0,0.0,75.0,0.0,1,0,recorded,2182
1650260506,2.0,2.0,2.0,3.26538,0.0,6750000.0,598560779.0,598560885.0,598560884.0,598560885.0,598560885.0,598560886.0,598560886.0,598560894.0,598560810.0,598560856.0,107.0,105.0,31.0,77.0,1.0,1.0,75.0,0.0,1,0,recorded,2183
1650263476,,,,,,,,,,,,,,,,,,,,,,,,,0,1,dropped_only,2184
1650266356,,,,,,,,,,,,,,,,,,,,,,,,,0,1,dropped_only,2185
1650269416,2.0,2.0,2.0,3.26538,0.0,6750000.0,598560879.0,598560896.0,598560888.0,598560896.0,598560896.0,598560897.0,598560897.0,598560900.0,598560909.0,598560955.0,18.0,9.0,30.0,76.0,8.0,1.0,67.0,0.0,1,0,recorded,2186
1650272296,2.0,2.0,2.0,3.26538,0.0,6750000.0,598560908.0,598561004.0,598561004.0,598561005.0,598561005.0,598561005.0,598561006.0,598561016.0,598560941.0,598560987.0,98.0,97.0,33.0,79.0,1.0,0.0,78.0,0.0,1,0,recorded,2187
1650274996,,,,,,,,,,,,,,,,,,,,,,,,,0,1,dropped_only,2188
1650279316,2.0,2.0,2.0,3.67737,0.0,6750000.0,598560986.0,598561017.0,598561006.0,598561018.0,598561018.0,598561018.0,598561019.0,598561022.0,598561019.0,598561065.0,33.0,21.0,33.0,79.0,12.0,0.0,67.0,0.0,1,0,recorded,2189
1650282106,2.0,2.0,2.0,3.67737,0.0,6750000.0,598561014.0,598561121.0,598561121.0,598561121.0,598561121.0,598561122.0,598561123.0,598561133.0,598561050.0,598561096.0,109.0,108.0,36.0,82.0,0.0,1.0,81.0,0.0,1,0,recorded,2190
1650284986,,,,,,,,,,,,,,,,,,,,,,,,,0,1,dropped_only,2191
1650287866,2.0,2.0,2.0,3.67737,0.0,6750000.0,598561080.0,598561134.0,598561122.0,598561134.0,598561134.0,598561134.0,598561135.0,598561138.0,598561114.0,598561160.0,55.0,43.0,34.0,80.0,12.0,0.0,68.0,0.0,1,0,recorded,2192
1650290746,2.0,2.0,2.0,3.67737,0.0,6750000.0,598561119.0,598561234.0,598561233.0,598561234.0,598561234.0,598561235.0,598561236.0,598561247.0,598561146.0,598561192.0,117.0,115.0,27.0,73.0,1.0,1.0,71.0,0.0,1,0,recorded,2193
1650293626,,,,,,,,,,,,,,,,,,,,,,,,,0,1,dropped_only,2194
1650296506,,,,,,,,,,,,,,,,,,,,,,,,,0,1,dropped_only,2195
1650299386,2.0,2.0,2.0,3.67737,0.0,6750000.0,598561210.0,598561249.0,598561236.0,598561249.0,598561249.0,598561250.0,598561250.0,598561254.0,598561242.0,598561288.0,40.0,26.0,32.0,78.0,13.0,1.0,64.0,0.0,1,0,recorded,2196
1650302266,2.0,2.0,2.0,3.67737,0.0,6750000.0,598561237.0,598561350.0,598561349.0,598561350.0,598561350.0,598561351.0,598561351.0,598561358.0,598561274.0,598561320.0,114.0,112.0,37.0,83.0,1.0,1.0,81.0,0.0,1,0,recorded,2197
1650305146,,,,,,,,,,,,,,,,,,,,,,,,,0,1,dropped_only,2198
1650308026,,,,,,,,,,,,,,,,,,,,,,,,,0,1,dropped_only,2199
1650310906,2.0,2.0,2.0,3.67737,0.0,6750000.0,598561344.0,598561360.0,598561355.0,598561360.0,598561360.0,598561360.0,598561361.0,598561366.0,598561370.0,598561416.0,17.0,12.0,26.0,72.0,5.0,0.0,67.0,0.0,1,0,recorded,2200
1650315226,2.0,2.0,2.0,3.67737,0.0,6750000.0,598561385.0,598561460.0,598561460.0,598561461.0,598561461.0,598561461.0,598561462.0,598561469.0,598561418.0,598561464.0,77.0,76.0,33.0,79.0,1.0,0.0,78.0,0.0,1,0,recorded,2201
1650318106,,,,,,,,,,,,,,,,,,,,,,,,,0,1,dropped_only,2202
1650320986,2.0,2.0,2.0,3.67737,0.0,6750000.0,598561454.0,598561471.0,598561463.0,598561471.0,598561471.0,598561471.0,598561471.0,598561476.0,598561482.0,598561528.0,17.0,9.0,28.0,74.0,8.0,0.0,66.0,0.0,1,0,recorded,2203
1650323866,2.0,2.0,2.0,3.67737,0.0,6750000.0,598561477.0,598561573.0,598561572.0,598561573.0,598561573.0,598561574.0,598561574.0,598561581.0,598561514.0,598561560.0,97.0,95.0,37.0,83.0,1.0,1.0,81.0,0.0,1,0,recorded,2204
1650326746,,,,,,,,,,,,,,,,,,,,,,,,,0,1,dropped_only,2205
1650329626,2.0,2.0,2.0,3.67737,0.0,6750000.0,598561555.0,598561583.0,598561576.0,598561583.0,598561584.0,598561584.0,598561584.0,598561588.0,598561578.0,598561624.0,29.0,22.0,23.0,69.0,7.0,0.0,62.0,0.0,1,0,recorded,2206
1650332596,2.0,2.0,2.0,3.67737,0.0,6750000.0,598561577.0,598561682.0,598561682.0,598561683.0,598561683.0,598561683.0,598561684.0,598561691.0,598561611.0,598561657.0,107.0,106.0,34.0,80.0,1.0,0.0,79.0,0.0,1,0,recorded,2207
1650335386,,,,,,,,,,,,,,,,,,,,,,,,,0,1,dropped_only,2208
1650338266,2.0,2.0,2.0,3.67737,0.0,6750000.0,598561643.0,598561693.0,598561685.0,598561694.0,598561694.0,598561695.0,598561695.0,598561698.0,598561674.0,598561720.0,52.0,42.0,31.0,77.0,9.0,1.0,67.0,0.0,1,0,recorded,2209
1650341326,2.0,2.0,2.0,3.67737,0.0,6750000.0,598561684.0,598561791.0,598561791.0,598561792.0,598561792.0,598561792.0,598561793.0,598561803.0,598561708.0,598561754.0,109.0,108.0,24.0,70.0,1.0,0.0,69.0,0.0,1,0,recorded,2210
1650344206,,,,,,,,,,,,,,,,,,,,,,,,,0,1,dropped_only,2211
1650347086,,,,,,,,,,,,,,,,,,,,,,,,,0,1,dropped_only,2212
1650351406,2.0,2.0,2.0,3.67737,0.0,6750000.0,598561786.0,598561806.0,598561794.0,598561806.0,598561806.0,598561806.0,598561806.0,598561809.0,598561820.0,598561866.0,20.0,8.0,34.0,80.0,12.0,0.0,68.0,0.0,1,0,recorded,2213
1650354106,2.0,2.0,2.0,3.67737,0.0,6750000.0,598561814.0,598561907.0,598561907.0,598561908.0,598561908.0,598561909.0,598561911.0,598561920.0,598561850.0,598561896.0,97.0,95.0,36.0,82.0,1.0,1.0,80.0,0.0,1,0,recorded,2214
1650357076,,,,,,,,,,,,,,,,,,,,,,,,,0,1,dropped_only,2215
1650359866,2.0,2.0,2.0,3.67737,0.0,6750000.0,598561879.0,598561922.0,598561911.0,598561922.0,598561922.0,598561922.0,598561923.0,598561924.0,598561914.0,598561960.0,44.0,33.0,35.0,81.0,11.0,0.0,70.0,0.0,1,0,recorded,2216
1650362746,2.0,2.0,2.0,3.67737,0.0,6750000.0,598561910.0,598562018.0,598562017.0,598562018.0,598562018.0,598562019.0,598562019.0,598562026.0,598561946.0,598561992.0,109.0,107.0,36.0,82.0,1.0,1.0,80.0,0.0,1,0,recorded,2217
1650365626,,,,,,,,,,,,,,,,,,,,,,,,,0,1,dropped_only,2218
1650368596,,,,,,,,,,,,,,,,,,,,,,,,,0,1,dropped_only,2219
1650371386,2.0,2.0,2.0,3.67737,0.0,6750000.0,598562007.0,598562028.0,598562022.0,598562028.0,598562028.0,598562028.0,598562028.0,598562031.0,598562042.0,598562088.0,21.0,15.0,35.0,81.0,6.0,0.0,75.0,0.0,1,0,recorded,2220
1650374266,2.0,2.0,2.0,3.67737,0.0,6750000.0,598562040.0,598562133.0,598562133.0,598562133.0,598562133.0,598562134.0,598562134.0,598562145.0,598562074.0,598562120.0,94.0,93.0,34.0,80.0,0.0,1.0,79.0,0.0,1,0,recorded,2221
1650377146,,,,,,,,,,,,,,,,,,,,,,,,,0,1,dropped_only,2222
1650380116,2.0,2.0,2.0,3.67737,0.0,6750000.0,598562110.0,598562147.0,598562136.0,598562147.0,598562147.0,598562148.0,598562148.0,598562152.0,598562139.0,598562185.0,38.0,26.0,29.0,75.0,11.0,1.0,63.0,0.0,1,0,recorded,2223
1650382906,2.0,2.0,2.0,3.67737,0.0,6750000.0,598562140.0,598562242.0,598562241.0,598562242.0,598562242.0,598562243.0,598562244.0,598562251.0,598562170.0,598562216.0,104.0,102.0,30.0,76.0,1.0,1.0,74.0,0.0,1,0,recorded,2224
1650385786,,,,,,,,,,,,,,,,,,,,,,,,,0,1,dropped_only,2225
1650390106,2.0,2.0,2.0,3.67737,0.0,6750000.0,598562214.0,598562253.0,598562244.0,598562253.0,598562253.0,598562253.0,598562254.0,598562255.0,598562250.0,598562296.0,40.0,31.0,36.0,82.0,9.0,0.0,73.0,0.0,1,0,recorded,2226
1650392986,2.0,2.0,2.0,3.67737,0.0,6750000.0,598562249.0,598562366.0,598562365.0,598562366.0,598562366.0,598562367.0,598562367.0,598562375.0,598562282.0,598562328.0,118.0,116.0,33.0,79.0,1.0,1.0,77.0,0.0,1,0,recorded,2227
1650395866,,,,,,,,,,,,,,,,,,,,,,,,,0,1,dropped_only,2228
1650398746,,,,,,,,,,,,,,,,,,,,,,,,,0,1,dropped_only,2229
1650401626,2.0,2.0,2.0,1.98364,0.0,6750000.0,598562345.0,598562378.0,598562370.0,598562378.0,598562378.0,598562379.0,598562379.0,598562382.0,598562378.0,598562424.0,34.0,25.0,33.0,79.0,8.0,1.0,70.0,0.0,1,0,recorded,2230
1650404506,2.0,2.0,2.0,1.98364,0.0,6750000.0,598562376.0,598562482.0,598562481.0,598562482.0,598562482.0,598562483.0,598562483.0,598562492.0,598562410.0,598562456.0,107.0,105.0,34.0,80.0,1.0,1.0,78.0,0.0,1,0,recorded,2231
1650407476,,,,,,,,,,,,,,,,,,,,,,,,,0,1,dropped_only,2232
1650410356,,,,,,,,,,,,,,,,,,,,,,,,,0,1,dropped_only,2233
1650413326,2.0,2.0,2.0,1.98364,0.0,6750000.0,598562474.0,598562493.0,598562484.0,598562494.0,598562494.0,598562494.0,598562494.0,598562496.0,598562508.0,598562554.0,20.0,10.0,34.0,80.0,10.0,0.0,70.0,0.0,1,0,recorded,2234
1650416116,2.0,2.0,2.0,1.98364,0.0,6750000.0,598562506.0,598562603.0,598562602.0,598562603.0,598562603.0,598562603.0,598562604.0,598562613.0,598562539.0,598562585.0,98.0,97.0,33.0,79.0,1.0,0.0,78.0,0.0,1,0,recorded,2235
1650419086,,,,,,,,,,,,,,,,,,,,,,,,,0,1,dropped_only,2236
1650421786,2.0,2.0,2.0,1.98364,0.0,6750000.0,598562564.0,598562615.0,598562606.0,598562615.0,598562616.0,598562616.0,598562616.0,598562618.0,598562602.0,598562648.0,52.0,43.0,38.0,84.0,9.0,0.0,75.0,0.0,1,0,recorded,2237
1650426106,2.0,2.0,2.0,1.98364,0.0,6750000.0,598562618.0,598562717.0,598562717.0,598562717.0,598562718.0,598562718.0,598562719.0,598562726.0,598562650.0,598562696.0,101.0,101.0,32.0,78.0,0.0,0.0,78.0,0.0,1,0,recorded,2238
1650428986,,,,,,,,,,,,,,,,,,,,,,,,,0,1,dropped_only,2239
1650431866,,,,,,,,,,,,,,,,,,,,,,,,,0,1,dropped_only,2240
1650434746,2.0,2.0,2.0,1.98364,0.0,6750000.0,598562708.0,598562731.0,598562720.0,598562728.0,598562728.0,598562728.0,598562728.0,598562730.0,598562746.0,598562792.0,20.0,12.0,38.0,84.0,8.0,0.0,76.0,0.0,1,0,recorded,2241
1650437626,2.0,2.0,2.0,1.98364,0.0,6750000.0,598562744.0,598562834.0,598562834.0,598562834.0,598562835.0,598562835.0,598562836.0,598562840.0,598562778.0,598562824.0,92.0,92.0,34.0,80.0,0.0,0.0,80.0,0.0,1,0,recorded,2242
1650440506,,,,,,,,,,,,,,,,,,,,,,,,,0,1,dropped_only,2243
1650443386,2.0,2.0,2.0,1.98364,0.0,6750000.0,598562805.0,598562842.0,598562840.0,598562842.0,598562842.0,598562842.0,598562843.0,598562845.0,598562842.0,598562888.0,38.0,36.0,37.0,83.0,2.0,0.0,81.0,0.0,1,0,recorded,2244
1650446266,2.0,2.0,2.0,2.59399,0.0,6750000.0,598562840.0,598562951.0,598562950.0,598562951.0,598562951.0,598562952.0,598562953.0,598562960.0,598562874.0,598562920.0,113.0,111.0,34.0,80.0,1.0,1.0,78.0,0.0,1,0,recorded,2245
1650449146,,,,,,,,,,,,,,,,,,,,,,,,,0,1,dropped_only,2246
1650452026,,,,,,,,,,,,,,,,,,,,,,,,,0,1,dropped_only,2247
1650454996,2.0,2.0,2.0,2.59399,0.0,6750000.0,598562939.0,598562962.0,598562955.0,598562962.0,598562962.0,598562963.0,598562963.0,598562965.0,598562971.0,598563017.0,24.0,16.0,32.0,78.0,7.0,1.0,70.0,0.0,1,0,recorded,2248
1650457786,2.0,2.0,2.0,2.59399,0.0,6750000.0,598562970.0,598563068.0,598563067.0,598563068.0,598563068.0,598563069.0,598563070.0,598563082.0,598563002.0,598563048.0,100.0,98.0,32.0,78.0,1.0,1.0,76.0,0.0,1,0,recorded,2249
1650462106,,,,,,,,,,,,,,,,,,,,,,,,,0,1,dropped_only,2250
1650464986,2.0,2.0,2.0,2.59399,0.0,6750000.0,598563048.0,598563084.0,598563071.0,598563084.0,598563085.0,598563085.0,598563085.0,598563088.0,598563082.0,598563128.0,37.0,24.0,34.0,80.0,13.0,0.0,67.0,0.0,1,0,recorded,2251
1650467956,2.0,2.0,2.0,2.59399,0.0,6750000.0,598563088.0,598563183.0,598563183.0,598563183.0,598563184.0,598563184.0,598563185.0,598563195.0,598563115.0,598563161.0,97.0,97.0,27.0,73.0,0.0,0.0,73.0,0.0,1,0,recorded,2252
1650471016,,,,,,,,,,,,,,,,,,,,,,,,,0,1,dropped_only,2253
1650473806,2.0,2.0,2.0,2.59399,0.0,6750000.0,598563148.0,598563197.0,598563185.0,598563197.0,598563197.0,598563197.0,598563198.0,598563200.0,598563180.0,598563226.0,50.0,38.0,32.0,78.0,12.0,0.0,66.0,0.0,1,0,recorded,2254
1650476686,2.0,2.0,2.0,2.59399,0.0,6750000.0,598563182.0,598563292.0,598563291.0,598563292.0,598563292.0,598563292.0,598563293.0,598563305.0,598563212.0,598563258.0,111.0,110.0,30.0,76.0,1.0,0.0,75.0,0.0,1,0,recorded,2255
1650479476,,,,,,,,,,,,,,,,,,,,,,,,,0,1,dropped_only,2256
1650482266,,,,,,,,,,,,,,,,,,,,,,,,,0,1,dropped_only,2257
1650485146,2.0,2.0,2.0,2.59399,0.0,6750000.0,598563278.0,598563307.0,598563294.0,598563307.0,598563307.0,598563307.0,598563308.0,598563312.0,598563306.0,598563352.0,30.0,17.0,28.0,74.0,13.0,0.0,61.0,0.0,1,0,recorded,2258
1650488116,2.0,2.0,2.0,2.59399,0.0,6750000.0,598563308.0,598563405.0,598563404.0,598563405.0,598563405.0,598563406.0,598563407.0,598563414.0,598563339.0,598563385.0,99.0,97.0,31.0,77.0,1.0,1.0,75.0,0.0,1,0,recorded,2259
1650490906,,,,,,,,,,,,,,,,,,,,,,,,,0,1,dropped_only,2260
1650493786,2.0,2.0,2.0,2.59399,0.0,6750000.0,598563365.0,598563416.0,598563408.0,598563416.0,598563416.0,598563417.0,598563417.0,598563419.0,598563402.0,598563448.0,52.0,43.0,37.0,83.0,8.0,1.0,74.0,0.0,1,0,recorded,2261
1650498106,2.0,2.0,2.0,2.59399,0.0,6750000.0,598563421.0,598563522.0,598563522.0,598563523.0,598563523.0,598563523.0,598563524.0,598563536.0,598563450.0,598563496.0,103.0,102.0,29.0,75.0,1.0,0.0,74.0,0.0,1,0,recorded,2262
1650500986,,,,,,,,,,,,,,,,,,,,,,,,,0,1,dropped_only,2263
1650503866,,,,,,,,,,,,,,,,,,,,,,,,,0,1,dropped_only,2264
1650506746,2.0,2.0,2.0,2.59399,0.0,6750000.0,598563510.0,598563538.0,598563524.0,598563538.0,598563538.0,598563539.0,598563539.0,598563540.0,598563546.0,598563592.0,29.0,14.0,36.0,82.0,14.0,1.0,67.0,0.0,1,0,recorded,2265
1650509626,2.0,2.0,2.0,2.59399,0.0,6750000.0,598563543.0,598563632.0,598563632.0,598563633.0,598563633.0,598563634.0,598563635.0,598563644.0,598563578.0,598563624.0,92.0,90.0,35.0,81.0,1.0,1.0,79.0,0.0,1,0,recorded,2266
1650512506,,,,,,,,,,,,,,,,,,,,,,,,,0,1,dropped_only,2267
1650515386,2.0,2.0,2.0,2.59399,0.0,6750000.0,598563608.0,598563646.0,598563634.0,598563646.0,598563646.0,598563646.0,598563647.0,598563648.0,598563642.0,598563688.0,39.0,27.0,34.0,80.0,12.0,0.0,68.0,0.0,1,0,recorded,2268
1650518356,2.0,2.0,2.0,2.59399,0.0,6750000.0,598563644.0,598563750.0,598563749.0,598563750.0,598563750.0,598563751.0,598563752.0,598563763.0,598563675.0,598563721.0,108.0,106.0,31.0,77.0,1.0,1.0,75.0,0.0,1,0,recorded,2269
1650521236,,,,,,,,,,,,,,,,,,,,,,,,,0,1,dropped_only,2270
1650524116,,,,,,,,,,,,,,,,,,,,,,,,,0,1,dropped_only,2271
1650526906,2.0,2.0,2.0,2.59399,0.0,6750000.0,598563735.0,598563765.0,598563753.0,598563765.0,598563765.0,598563765.0,598563766.0,598563768.0,598563770.0,598563816.0,31.0,19.0,35.0,81.0,12.0,0.0,69.0,0.0,1,0,recorded,2272
1650529786,2.0,2.0,2.0,2.59399,0.0,6750000.0,598563768.0,598563861.0,598563861.0,598563861.0,598563861.0,598563862.0,598563863.0,598563874.0,598563802.0,598563848.0,95.0,94.0,34.0,80.0,0.0,1.0,79.0,0.0,1,0,recorded,2273
1650534106,,,,,,,,,,,,,,,,,,,,,,,,,0,1,dropped_only,2274
1650536986,2.0,2.0,2.0,2.59399,0.0,6750000.0,598563852.0,598563876.0,598563863.0,598563876.0,598563876.0,598563876.0,598563877.0,598563881.0,598563882.0,598563928.0,25.0,12.0,30.0,76.0,13.0,0.0,63.0,0.0,1,0,recorded,2275
1650539866,2.0,2.0,2.0,2.59399,0.0,6750000.0,598563878.0,598563980.0,598563980.0,598563980.0,598563980.0,598563981.0,598563982.0,598563989.0,598563914.0,598563960.0,104.0,103.0,36.0,82.0,0.0,1.0,81.0,0.0,1,0,recorded,2276
1650542746,,,,,,,,,,,,,,,,,,,,,,,,,0,1,dropped_only,2277
1650545716,2.0,2.0,2.0,2.59399,0.0,6750000.0,598563949.0,598563991.0,598563982.0,598563992.0,598563992.0,598563992.0,598563992.0,598563995.0,598563979.0,598564025.0,43.0,33.0,30.0,76.0,10.0,0.0,66.0,0.0,1,0,recorded,2278
1650548686,2.0,2.0,2.0,2.59399,0.0,6750000.0,598563983.0,598564088.0,598564087.0,598564088.0,598564088.0,598564089.0,598564089.0,598564101.0,598564012.0,598564058.0,106.0,104.0,29.0,75.0,1.0,1.0,73.0,0.0,1,0,recorded,2279
1650551566,,,,,,,,,,,,,,,,,,,,,,,,,0,1,dropped_only,2280
1650554266,,,,,,,,,,,,,,,,,,,,,,,,,0,1,dropped_only,2281
1650557146,2.0,2.0,2.0,2.19727,0.0,6750000.0,598564072.0,598564103.0,598564090.0,598564103.0,598564103.0,598564103.0,598564103.0,598564105.0,598564106.0,598564152.0,31.0,18.0,34.0,80.0,13.0,0.0,67.0,0.0,1,0,recorded,2282
1650560026,2.0,2.0,2.0,2.19727,0.0,6750000.0,598564105.0,598564207.0,598564206.0,598564207.0,598564208.0,598564208.0,598564209.0,598564219.0,598564138.0,598564184.0,104.0,103.0,33.0,79.0,1.0,0.0,78.0,0.0,1,0,recorded,2283
1650562906,,,,,,,,,,,,,,,,,,,,,,,,,0,1,dropped_only,2284
1650565786,2.0,2.0,2.0,2.19727,0.0,6750000.0,598564166.0,598564221.0,598564209.0,598564221.0,598564221.0,598564221.0,598564221.0,598564225.0,598564202.0,598564248.0,55.0,43.0,36.0,82.0,12.0,0.0,70.0,0.0,1,0,recorded,2285
1650570106,2.0,2.0,2.0,2.19727,0.0,6750000.0,598564214.0,598564321.0,598564321.0,598564321.0,598564322.0,598564322.0,598564323.0,598564332.0,598564250.0,598564296.0,109.0,109.0,36.0,82.0,0.0,0.0,82.0,0.0,1,0,recorded,2286
1650572986,,,,,,,,,,,,,,,,,,,,,,,,,0,1,dropped_only,2287
1650575866,,,,,,,,,,,,,,,,,,,,,,,,,0,1,dropped_only,2288
1650578746,2.0,2.0,2.0,2.19727,0.0,6750000.0,598564312.0,598564334.0,598564324.0,598564334.0,598564334.0,598564334.0,598564334.0,598564337.0,598564346.0,598564392.0,22.0,12.0,34.0,80.0,10.0,0.0,70.0,0.0,1,0,recorded,2289
1650581626,2.0,2.0,2.0,2.19727,0.0,6750000.0,598564342.0,598564437.0,598564436.0,598564437.0,598564437.0,598564438.0,598564440.0,598564448.0,598564378.0,598564424.0,98.0,96.0,36.0,82.0,1.0,1.0,80.0,0.0,1,0,recorded,2290
1650584506,,,,,,,,,,,,,,,,,,,,,,,,,0,1,dropped_only,2291
1650587386,2.0,2.0,2.0,2.19727,0.0,6750000.0,598564407.0,598564450.0,598564439.0,598564450.0,598564450.0,598564450.0,598564450.0,598564454.0,598564442.0,598564488.0,43.0,32.0,35.0,81.0,11.0,0.0,70.0,0.0,1,0,recorded,2292
1650590266,2.0,2.0,2.0,2.19727,0.0,6750000.0,598564441.0,598564553.0,598564552.0,598564553.0,598564553.0,598564554.0,598564554.0,598564564.0,598564474.0,598564520.0,113.0,111.0,33.0,79.0,1.0,1.0,77.0,0.0,1,0,recorded,2293
1650593236,,,,,,,,,,,,,,,,,,,,,,,,,0,1,dropped_only,2294
1650596026,,,,,,,,,,,,,,,,,,,,,,,,,0,1,dropped_only,2295
1650598996,2.0,2.0,2.0,2.19727,0.0,6750000.0,598564535.0,598564567.0,598564555.0,598564567.0,598564567.0,598564567.0,598564568.0,598564570.0,598564571.0,598564617.0,33.0,21.0,36.0,82.0,12.0,0.0,70.0,0.0,1,0,recorded,2296
1650601786,2.0,2.0,2.0,2.19727,0.0,6750000.0,598564568.0,598564671.0,598564670.0,598564671.0,598564671.0,598564672.0,598564672.0,598564682.0,598564602.0,598564648.0,104.0,102.0,34.0,80.0,1.0,1.0,78.0,0.0,1,0,recorded,2297
1650606106,,,,,,,,,,,,,,,,,,,,,,,,,0,1,dropped_only,2298
1650608986,2.0,2.0,2.0,2.19727,0.0,6750000.0,598564648.0,598564683.0,598564672.0,598564683.0,598564683.0,598564684.0,598564684.0,598564687.0,598564682.0,598564728.0,36.0,24.0,34.0,80.0,11.0,1.0,68.0,0.0,1,0,recorded,2299
1650611866,2.0,2.0,2.0,2.19727,0.0,6750000.0,598564680.0,598564788.0,598564788.0,598564788.0,598564789.0,598564789.0,598564790.0,598564800.0,598564714.0,598564760.0,110.0,110.0,34.0,80.0,0.0,0.0,80.0,0.0,1,0,recorded,2300
1650614836,,,,,,,,,,,,,,,,,,,,,,,,,0,1,dropped_only,2301
1650617716,,,,,,,,,,,,,,,,,,,,,,,,,0,1,dropped_only,2302
1650620596,2.0,2.0,2.0,2.19727,0.0,6750000.0,598564777.0,598564801.0,598564793.0,598564801.0,598564802.0,598564802.0,598564802.0,598564804.0,598564811.0,598564857.0,25.0,17.0,34.0,80.0,8.0,0.0,72.0,0.0,1,0,recorded,2303
1650623476,2.0,2.0,2.0,2.19727,0.0,6750000.0,598564808.0,598564910.0,598564910.0,598564911.0,598564911.0,598564912.0,598564913.0,598564922.0,598564843.0,598564889.0,105.0,103.0,35.0,81.0,1.0,1.0,79.0,0.0,1,0,recorded,2304
1650626356,,,,,,,,,,,,,,,,,,,,,,,,,0,1,dropped_only,2305
1650629146,,,,,,,,,,,,,,,,,,,,,,,,,0,1,dropped_only,2306
1650632026,2.0,2.0,2.0,2.19727,0.0,6750000.0,598564906.0,598564924.0,598564912.0,598564924.0,598564924.0,598564924.0,598564925.0,598564927.0,598564938.0,598564984.0,19.0,7.0,32.0,78.0,12.0,0.0,66.0,0.0,1,0,recorded,2307
1650634996,2.0,2.0,2.0,2.19727,0.0,6750000.0,598564935.0,598565028.0,598565027.0,598565028.0,598565028.0,598565029.0,598565029.0,598565039.0,598564971.0,598565017.0,94.0,92.0,36.0,82.0,1.0,1.0,80.0,0.0,1,0,recorded,2308
1650637786,,,,,,,,,,,,,,,,,,,,,,,,,0,1,dropped_only,2309
1650642106,2.0,2.0,2.0,2.19727,0.0,6750000.0,598565017.0,598565041.0,598565030.0,598565041.0,598565041.0,598565041.0,598565042.0,598565044.0,598565050.0,598565096.0,25.0,14.0,33.0,79.0,11.0,0.0,68.0,0.0,1,0,recorded,2310
1650644986,2.0,2.0,2.0,2.19727,0.0,6750000.0,598565047.0,598565150.0,598565149.0,598565150.0,598565150.0,598565151.0,598565151.0,598565160.0,598565082.0,598565128.0,104.0,102.0,35.0,81.0,1.0,1.0,79.0,0.0,1,0,recorded,2311
1650647866,,,,,,,,,,,,,,,,,,,,,,,,,0,1,dropped_only,2312
1650650746,,,,,,,,,,,,,,,,,,,,,,,,,0,1,dropped_only,2313
1650653626,2.0,2.0,2.0,2.19727,0.0,6750000.0,598565145.0,598565164.0,598565152.0,598565161.0,598565162.0,598565162.0,598565162.0,598565164.0,598565178.0,598565224.0,17.0,8.0,33.0,79.0,9.0,0.0,70.0,0.0,1,0,recorded,2314
1650656506,2.0,2.0,2.0,2.19727,0.0,6750000.0,598565172.0,598565268.0,598565268.0,598565268.0,598565268.0,598565269.0,598565270.0,598565279.0,598565210.0,598565256.0,98.0,97.0,38.0,84.0,0.0,1.0,83.0,0.0,1,0,recorded,2315
1650659386,,,,,,,,,,,,,,,,,,,,,,,,,0,1,dropped_only,2316
1650662266,2.0,2.0,2.0,2.19727,0.0,6750000.0,598565240.0,598565281.0,598565269.0,598565281.0,598565281.0,598565281.0,598565282.0,598565284.0,598565274.0,598565320.0,42.0,30.0,34.0,80.0,12.0,0.0,68.0,0.0,1,0,recorded,2317
1650665146,2.0,2.0,2.0,2.19727,0.0,6750000.0,598565276.0,598565385.0,598565385.0,598565386.0,598565386.0,598565386.0,598565387.0,598565398.0,598565306.0,598565352.0,111.0,110.0,30.0,76.0,1.0,0.0,75.0,0.0,1,0,recorded,2318
1650668026,,,,,,,,,,,,,,,,,,,,,,,,,0,1,dropped_only,2319
1650670906,,,,,,,,,,,,,,,,,,,,,,,,,0,1,dropped_only,2320
1650673786,2.0,2.0,2.0,2.19727,0.0,6750000.0,598565365.0,598565399.0,598565387.0,598565400.0,598565400.0,598565400.0,598565400.0,598565403.0,598565402.0,598565448.0,35.0,22.0,37.0,83.0,13.0,0.0,70.0,0.0,1,0,recorded,2321
1650678106,2.0,2.0,2.0,2.19727,0.0,6750000.0,598565413.0,598565500.0,598565499.0,598565500.0,598565500.0,598565501.0,598565502.0,598565510.0,598565450.0,598565496.0,89.0,87.0,37.0,83.0,1.0,1.0,81.0,0.0,1,0,recorded,2322
1650680986,,,,,,,,,,,,,,,,,,,,,,,,,0,1,dropped_only,2323
1650683866,2.0,2.0,2.0,2.59399,0.0,6750000.0,598565486.0,598565512.0,598565501.0,598565512.0,598565512.0,598565513.0,598565513.0,598565515.0,598565514.0,598565560.0,27.0,15.0,28.0,74.0,11.0,1.0,62.0,0.0,1,0,recorded,2324
1650686836,2.0,2.0,2.0,2.59399,0.0,6750000.0,598565516.0,598565626.0,598565625.0,598565626.0,598565626.0,598565627.0,598565628.0,598565637.0,598565547.0,598565593.0,112.0,110.0,31.0,77.0,1.0,1.0,75.0,0.0,1,0,recorded,2325
1650689716,,,,,,,,,,,,,,,,,,,,,,,,,0,1,dropped_only,2326
1650692596,,,,,,,,,,,,,,,,,,,,,,,,,0,1,dropped_only,2327
1650695476,2.0,2.0,2.0,2.59399,0.0,6750000.0,598565606.0,598565639.0,598565628.0,598565639.0,598565639.0,598565639.0,598565639.0,598565642.0,598565643.0,598565689.0,33.0,22.0,37.0,83.0,11.0,0.0,72.0,0.0,1,0,recorded,2328
1650698266,2.0,2.0,2.0,2.59399,0.0,6750000.0,598565641.0,598565743.0,598565742.0,598565743.0,598565743.0,598565744.0,598565744.0,598565753.0,598565674.0,598565720.0,103.0,101.0,33.0,79.0,1.0,1.0,77.0,0.0,1,0,recorded,2329
1650701146,,,,,,,,,,,,,,,,,,,,,,,,,0,1,dropped_only,2330
1650704026,2.0,2.0,2.0,2.59399,0.0,6750000.0,598565703.0,598565755.0,598565744.0,598565755.0,598565756.0,598565756.0,598565756.0,598565759.0,598565738.0,598565784.0,53.0,42.0,35.0,81.0,11.0,0.0,70.0,0.0,1,0,recorded,2331
1650706996,2.0,2.0,2.0,2.59399,0.0,6750000.0,598565739.0,598565865.0,598565864.0,598565865.0,598565865.0,598565866.0,598565866.0,598565876.0,598565771.0,598565817.0,127.0,125.0,32.0,78.0,1.0,1.0,76.0,0.0,1,0,recorded,2332
1650709786,,,,,,,,,,,,,,,,,,,,,,,,,0,1,dropped_only,2333
1650712666,,,,,,,,,,,,,,,,,,,,,,,,,0,1,dropped_only,2334
1650716986,2.0,2.0,2.0,2.59399,0.0,6750000.0,598565850.0,598565877.0,598565870.0,598565877.0,598565877.0,598565877.0,598565878.0,598565881.0,598565882.0,598565928.0,28.0,21.0,32.0,78.0,7.0,0.0,71.0,0.0,1,0,recorded,2335
1650719866,2.0,2.0,2.0,2.59399,0.0,6750000.0,598565880.0,598565981.0,598565981.0,598565981.0,598565982.0,598565982.0,598565983.0,598565993.0,598565914.0,598565960.0,103.0,103.0,34.0,80.0,0.0,0.0,80.0,0.0,1,0,recorded,2336
1650722746,,,,,,,,,,,,,,,,,,,,,,,,,0,1,dropped_only,2337
1650725626,,,,,,,,,,,,,,,,,,,,,,,,,0,1,dropped_only,2338
1650728506,2.0,2.0,2.0,2.59399,0.0,6750000.0,598565975.0,598565996.0,598565983.0,598565996.0,598565996.0,598565997.0,598565997.0,598565999.0,598566010.0,598566056.0,22.0,8.0,35.0,81.0,13.0,1.0,67.0,0.0,1,0,recorded,2339
1650731386,2.0,2.0,2.0,2.59399,0.0,6750000.0,598566005.0,598566100.0,598566099.0,598566100.0,598566100.0,598566100.0,598566101.0,598566111.0,598566042.0,598566088.0,96.0,95.0,37.0,83.0,1.0,0.0,82.0,0.0,1,0,recorded,2340
1650734266,,,,,,,,,,,,,,,,,,,,,,,,,0,1,dropped_only,2341
1650737236,2.0,2.0,2.0,2.57874,0.0,6750000.0,598566085.0,598566113.0,598566101.0,598566113.0,598566113.0,598566114.0,598566114.0,598566117.0,598566107.0,598566153.0,29.0,16.0,22.0,68.0,12.0,1.0,55.0,0.0,1,0,recorded,2342
1650740206,2.0,2.0,2.0,2.57874,0.0,6750000.0,598566109.0,598566211.0,598566211.0,598566212.0,598566212.0,598566213.0,598566213.0,598566222.0,598566140.0,598566186.0,104.0,102.0,31.0,77.0,1.0,1.0,75.0,0.0,1,0,recorded,2343
1650742996,,,,,,,,,,,,,,,,,,,,,,,,,0,1,dropped_only,2344
1650745876,,,,,,,,,,,,,,,,,,,,,,,,,0,1,dropped_only,2345
1650748756,2.0,2.0,2.0,2.57874,0.0,6750000.0,598566202.0,598566224.0,598566214.0,598566224.0,598566224.0,598566224.0,598566224.0,598566227.0,598566235.0,598566281.0,22.0,12.0,33.0,79.0,10.0,0.0,69.0,0.0,1,0,recorded,2346
1650752986,2.0,2.0,2.0,2.57874,0.0,6750000.0,598566248.0,598566331.0,598566330.0,598566331.0,598566331.0,598566332.0,598566332.0,598566344.0,598566282.0,598566328.0,84.0,82.0,34.0,80.0,1.0,1.0,78.0,0.0,1,0,recorded,2347
1650755866,,,,,,,,,,,,,,,,,,,,,,,,,0,1,dropped_only,2348
1650758746,2.0,2.0,2.0,2.57874,0.0,6750000.0,598566311.0,598566345.0,598566333.0,598566346.0,598566346.0,598566346.0,598566347.0,598566349.0,598566346.0,598566392.0,36.0,23.0,35.0,81.0,13.0,0.0,68.0,0.0,1,0,recorded,2349
1650761626,2.0,2.0,2.0,2.57874,0.0,6750000.0,598566352.0,598566452.0,598566451.0,598566452.0,598566452.0,598566452.0,598566453.0,598566465.0,598566378.0,598566424.0,101.0,100.0,26.0,72.0,1.0,0.0,71.0,0.0,1,0,recorded,2350
1650764506,,,,,,,,,,,,,,,,,,,,,,,,,0,1,dropped_only,2351
1650767386,,,,,,,,,,,,,,,,,,,,,,,,,0,1,dropped_only,2352
1650770266,2.0,2.0,2.0,2.57874,0.0,6750000.0,598566449.0,598566467.0,598566453.0,598566467.0,598566467.0,598566467.0,598566467.0,598566472.0,598566474.0,598566520.0,18.0,4.0,25.0,71.0,14.0,0.0,57.0,0.0,1,0,recorded,2353
1650773146,2.0,2.0,2.0,2.57874,0.0,6750000.0,598566471.0,598566576.0,598566576.0,598566576.0,598566576.0,598566577.0,598566578.0,598566587.0,598566506.0,598566552.0,107.0,106.0,35.0,81.0,0.0,1.0,80.0,0.0,1,0,recorded,2354
1650776026,,,,,,,,,,,,,,,,,,,,,,,,,0,1,dropped_only,2355
1650778906,,,,,,,,,,,,,,,,,,,,,,,,,0,1,dropped_only,2356
1650781786,2.0,2.0,2.0,2.57874,0.0,6750000.0,598566572.0,598566589.0,598566580.0,598566589.0,598566589.0,598566589.0,598566590.0,598566593.0,598566602.0,598566648.0,18.0,9.0,30.0,76.0,9.0,0.0,67.0,0.0,1,0,recorded,2357
1650784666,2.0,2.0,2.0,2.57874,0.0,6750000.0,598566598.0,598566693.0,598566693.0,598566693.0,598566694.0,598566694.0,598566695.0,598566706.0,598566634.0,598566680.0,97.0,97.0,36.0,82.0,0.0,0.0,82.0,0.0,1,0,recorded,2358
1650788986,,,,,,,,,,,,,,,,,,,,,,,,,0,1,dropped_only,2359
1650791866,2.0,2.0,2.0,2.57874,0.0,6750000.0,598566680.0,598566707.0,598566697.0,598566707.0,598566707.0,598566708.0,598566708.0,598566710.0,598566714.0,598566760.0,28.0,17.0,34.0,80.0,10.0,1.0,69.0,0.0,1,0,recorded,2360
1650794746,2.0,2.0,2.0,2.57874,0.0,6750000.0,598566714.0,598566818.0,598566818.0,598566818.0,598566818.0,598566819.0,598566819.0,598566829.0,598566746.0,598566792.0,105.0,104.0,32.0,78.0,0.0,1.0,77.0,0.0,1,0,recorded,2361
1650797806,,,,,,,,,,,,,,,,,,,,,,,,,0,1,dropped_only,2362
1650800596,,,,,,,,,,,,,,,,,,,,,,,,,0,1,dropped_only,2363
1650803476,2.0,2.0,2.0,2.57874,0.0,6750000.0,598566811.0,598566831.0,598566822.0,598566831.0,598566831.0,598566831.0,598566832.0,598566835.0,598566843.0,598566889.0,21.0,12.0,32.0,78.0,9.0,0.0,69.0,0.0,1,0,recorded,2364
1650806356,2.0,2.0,2.0,3.86047,0.0,6750000.0,598566845.0,598566937.0,598566937.0,598566937.0,598566937.0,598566938.0,598566939.0,598566950.0,598566875.0,598566921.0,94.0,93.0,30.0,76.0,0.0,1.0,75.0,0.0,1,0,recorded,2365
1650809236,,,,,,,,,,,,,,,,,,,,,,,,,0,1,dropped_only,2366
1650812026,2.0,2.0,2.0,3.86047,0.0,6750000.0,598566906.0,598566951.0,598566941.0,598566952.0,598566952.0,598566952.0,598566952.0,598566955.0,598566938.0,598566984.0,46.0,35.0,32.0,78.0,11.0,0.0,67.0,0.0,1,0,recorded,2367
1650814906,2.0,2.0,2.0,3.86047,0.0,6750000.0,598566936.0,598567059.0,598567059.0,598567059.0,598567060.0,598567060.0,598567061.0,598567072.0,598566970.0,598567016.0,125.0,125.0,34.0,80.0,0.0,0.0,80.0,0.0,1,0,recorded,2368
1650817876,,,,,,,,,,,,,,,,,,,,,,,,,0,1,dropped_only,2369
1650820756,,,,,,,,,,,,,,,,,,,,,,,,,0,1,dropped_only,2370
1650824986,2.0,2.0,2.0,3.86047,0.0,6750000.0,598567052.0,598567075.0,598567064.0,598567075.0,598567075.0,598567075.0,598567076.0,598567080.0,598567082.0,598567128.0,24.0,13.0,30.0,76.0,11.0,0.0,65.0,0.0,1,0,recorded,2371
1650827866,2.0,2.0,2.0,3.86047,0.0,6750000.0,598567081.0,598567176.0,598567176.0,598567176.0,598567176.0,598567177.0,598567178.0,598567186.0,598567114.0,598567160.0,97.0,96.0,33.0,79.0,0.0,1.0,78.0,0.0,1,0,recorded,2372
1650830746,,,,,,,,,,,,,,,,,,,,,,,,,0,1,dropped_only,2373
1650833716,2.0,2.0,2.0,3.86047,0.0,6750000.0,598567151.0,598567188.0,598567179.0,598567188.0,598567188.0,598567188.0,598567189.0,598567192.0,598567179.0,598567225.0,38.0,29.0,28.0,74.0,9.0,0.0,65.0,0.0,1,0,recorded,2374
1650836596,2.0,2.0,2.0,3.86047,0.0,6750000.0,598567178.0,598567295.0,598567295.0,598567296.0,598567296.0,598567297.0,598567297.0,598567307.0,598567211.0,598567257.0,119.0,117.0,33.0,79.0,1.0,1.0,77.0,0.0,1,0,recorded,2375
1650839476,,,,,,,,,,,,,,,,,,,,,,,,,0,1,dropped_only,2376
1650842446,,,,,,,,,,,,,,,,,,,,,,,,,0,1,dropped_only,2377
1650845236,2.0,2.0,2.0,3.86047,0.0,6750000.0,598567271.0,598567309.0,598567299.0,598567309.0,598567309.0,598567309.0,598567310.0,598567312.0,598567307.0,598567353.0,39.0,29.0,36.0,82.0,10.0,0.0,72.0,0.0,1,0,recorded,2378
1650848116,2.0,2.0,2.0,3.86047,0.0,6750000.0,598567304.0,598567414.0,598567414.0,598567414.0,598567414.0,598567415.0,598567415.0,598567424.0,598567339.0,598567385.0,111.0,110.0,35.0,81.0,0.0,1.0,80.0,0.0,1,0,recorded,2379
1650850996,,,,,,,,,,,,,,,,,,,,,,,,,0,1,dropped_only,2380
1650853876,,,,,,,,,,,,,,,,,,,,,,,,,0,1,dropped_only,2381
1650856666,2.0,2.0,2.0,3.86047,0.0,6750000.0,598567401.0,598567426.0,598567418.0,598567426.0,598567426.0,598567427.0,598567427.0,598567431.0,598567434.0,598567480.0,26.0,17.0,33.0,79.0,8.0,1.0,70.0,0.0,1,0,recorded,2382
1650860986,2.0,2.0,2.0,3.86047,0.0,6750000.0,598567445.0,598567536.0,598567536.0,598567536.0,598567537.0,598567537.0,598567538.0,598567546.0,598567482.0,598567528.0,93.0,93.0,37.0,83.0,0.0,0.0,83.0,0.0,1,0,recorded,2383
1650863956,,,,,,,,,,,,,,,,,,,,,,,,,0,1,dropped_only,2384
1650866926,2.0,2.0,2.0,3.60107,0.0,6750000.0,598567519.0,598567548.0,598567538.0,598567548.0,598567548.0,598567548.0,598567549.0,598567553.0,598567548.0,598567594.0,30.0,20.0,29.0,75.0,10.0,0.0,65.0,0.0,1,0,recorded,2385
1650869806,2.0,2.0,2.0,3.60107,0.0,6750000.0,598567544.0,598567653.0,598567653.0,598567653.0,598567654.0,598567654.0,598567655.0,598567664.0,598567580.0,598567626.0,111.0,111.0,36.0,82.0,0.0,0.0,82.0,0.0,1,0,recorded,2386
1650872596,,,,,,,,,,,,,,,,,,,,,,,,,0,1,dropped_only,2387
1650875476,,,,,,,,,,,,,,,,,,,,,,,,,0,1,dropped_only,2388
1650878356,2.0,2.0,2.0,3.60107,0.0,6750000.0,598567645.0,598567666.0,598567657.0,598567666.0,598567666.0,598567667.0,598567667.0,598567670.0,598567675.0,598567721.0,22.0,12.0,30.0,76.0,9.0,1.0,66.0,0.0,1,0,recorded,2389
1650881236,2.0,2.0,2.0,3.60107,0.0,6750000.0,598567674.0,598567774.0,598567774.0,598567775.0,598567775.0,598567776.0,598567777.0,598567786.0,598567707.0,598567753.0,103.0,101.0,33.0,79.0,1.0,1.0,77.0,0.0,1,0,recorded,2390
1650884116,,,,,,,,,,,,,,,,,,,,,,,,,0,1,dropped_only,2391
1650886996,2.0,2.0,2.0,3.60107,0.0,6750000.0,598567735.0,598567787.0,598567776.0,598567788.0,598567788.0,598567788.0,598567789.0,598567791.0,598567771.0,598567817.0,54.0,42.0,36.0,82.0,12.0,0.0,70.0,0.0,1,0,recorded,2392
1650889876,2.0,2.0,2.0,3.60107,0.0,6750000.0,598567772.0,598567885.0,598567885.0,598567885.0,598567886.0,598567886.0,598567887.0,598567898.0,598567803.0,598567849.0,115.0,115.0,31.0,77.0,0.0,0.0,77.0,0.0,1,0,recorded,2393
1650892756,,,,,,,,,,,,,,,,,,,,,,,,,0,1,dropped_only,2394
1650896986,,,,,,,,,,,,,,,,,,,,,,,,,0,1,dropped_only,2395
1650899866,2.0,2.0,2.0,3.60107,0.0,6750000.0,598567881.0,598567901.0,598567890.0,598567901.0,598567901.0,598567902.0,598567902.0,598567904.0,598567914.0,598567960.0,21.0,9.0,33.0,79.0,11.0,1.0,67.0,0.0,1,0,recorded,2396
1650902746,2.0,2.0,2.0,3.60107,0.0,6750000.0,598567912.0,598568004.0,598568004.0,598568004.0,598568005.0,598568006.0,598568006.0,598568017.0,598567946.0,598567992.0,94.0,93.0,34.0,80.0,0.0,1.0,79.0,0.0,1,0,recorded,2397
1650905716,,,,,,,,,,,,,,,,,,,,,,,,,0,1,dropped_only,2398
1650908506,2.0,2.0,2.0,3.60107,0.0,6750000.0,598567974.0,598568019.0,598568007.0,598568019.0,598568020.0,598568020.0,598568020.0,598568023.0,598568010.0,598568056.0,46.0,34.0,36.0,82.0,12.0,0.0,70.0,0.0,1,0,recorded,2399
1650911386,2.0,2.0,2.0,3.60107,0.0,6750000.0,598568008.0,598568114.0,598568114.0,598568114.0,598568114.0,598568115.0,598568115.0,598568124.0,598568042.0,598568088.0,107.0,106.0,34.0,80.0,0.0,1.0,79.0,0.0,1,0,recorded,2400
1650914266,,,,,,,,,,,,,,,,,,,,,,,,,0,1,dropped_only,2401
1650917146,,,,,,,,,,,,,,,,,,,,,,,,,0,1,dropped_only,2402
1650920026,2.0,2.0,2.0,3.60107,0.0,6750000.0,598568104.0,598568126.0,598568117.0,598568126.0,598568126.0,598568127.0,598568127.0,598568130.0,598568138.0,598568184.0,23.0,13.0,34.0,80.0,9.0,1.0,70.0,0.0,1,0,recorded,2403
1650922906,2.0,2.0,2.0,3.60107,0.0,6750000.0,598568136.0,598568234.0,598568234.0,598568235.0,598568235.0,598568235.0,598568236.0,598568247.0,598568170.0,598568216.0,100.0,99.0,34.0,80.0,1.0,0.0,79.0,0.0,1,0,recorded,2404
1650925966,,,,,,,,,,,,,,,,,,,,,,,,,0,1,dropped_only,2405
1650928936,2.0,2.0,2.0,3.60107,0.0,6750000.0,598568207.0,598568249.0,598568238.0,598568249.0,598568249.0,598568249.0,598568250.0,598568253.0,598568237.0,598568283.0,43.0,32.0,30.0,76.0,11.0,0.0,65.0,0.0,1,0,recorded,2406
1650933076,2.0,2.0,2.0,3.60107,0.0,6750000.0,598568252.0,598568352.0,598568351.0,598568352.0,598568352.0,598568353.0,598568353.0,598568363.0,598568283.0,598568329.0,101.0,99.0,31.0,77.0,1.0,1.0,75.0,0.0,1,0,recorded,2407
1650935956,,,,,,,,,,,,,,,,,,,,,,,,,0,1,dropped_only,2408
1650938746,2.0,2.0,2.0,3.60107,0.0,6750000.0,598568314.0,598568364.0,598568355.0,598568364.0,598568364.0,598568365.0,598568365.0,598568367.0,598568346.0,598568392.0,51.0,41.0,32.0,78.0,9.0,1.0,68.0,0.0,1,0,recorded,2409
1650941716,2.0,2.0,2.0,3.60107,0.0,6750000.0,598568348.0,598568474.0,598568474.0,598568474.0,598568475.0,598568475.0,598568476.0,598568487.0,598568379.0,598568425.0,128.0,128.0,31.0,77.0,0.0,0.0,77.0,0.0,1,0,recorded,2410
1650944506,,,,,,,,,,,,,,,,,,,,,,,,,0,1,dropped_only,2411
1650947476,,,,,,,,,,,,,,,,,,,,,,,,,0,1,dropped_only,2412
1650950356,2.0,2.0,2.0,3.60107,0.0,6750000.0,598568440.0,598568489.0,598568478.0,598568489.0,598568489.0,598568489.0,598568489.0,598568492.0,598568475.0,598568521.0,49.0,38.0,35.0,81.0,11.0,0.0,70.0,0.0,1,0,recorded,2413
1650953236,2.0,2.0,2.0,3.60107,0.0,6750000.0,598568485.0,598568591.0,598568591.0,598568592.0,598568592.0,598568593.0,598568593.0,598568605.0,598568507.0,598568553.0,108.0,106.0,22.0,68.0,1.0,1.0,66.0,0.0,1,0,recorded,2414
1650956116,,,,,,,,,,,,,,,,,,,,,,,,,0,1,dropped_only,2415
1650958996,,,,,,,,,,,,,,,,,,,,,,,,,0,1,dropped_only,2416
1650961876,2.0,2.0,2.0,3.60107,0.0,6750000.0,598568570.0,598568606.0,598568594.0,598568607.0,598568607.0,598568607.0,598568607.0,598568610.0,598568603.0,598568649.0,37.0,24.0,33.0,79.0,13.0,0.0,66.0,0.0,1,0,recorded,2417
1650964756,2.0,2.0,2.0,3.60107,0.0,6750000.0,598568603.0,598568711.0,598568710.0,598568711.0,598568711.0,598568712.0,598568713.0,598568724.0,598568635.0,598568681.0,110.0,108.0,32.0,78.0,1.0,1.0,76.0,0.0,1,0,recorded,2418
1650968986,,,,,,,,,,,,,,,,,,,,,,,,,0,1,dropped_only,2419
1650971866,2.0,2.0,2.0,3.60107,0.0,6750000.0,598568682.0,598568726.0,598568714.0,598568726.0,598568726.0,598568726.0,598568727.0,598568730.0,598568714.0,598568760.0,45.0,33.0,32.0,78.0,12.0,0.0,66.0,0.0,1,0,recorded,2420
1650974836,2.0,2.0,2.0,4.50134,0.0,6750000.0,598568717.0,598568827.0,598568827.0,598568827.0,598568827.0,598568828.0,598568828.0,598568840.0,598568747.0,598568793.0,111.0,110.0,30.0,76.0,0.0,1.0,75.0,0.0,1,0,recorded,2421
1650977716,,,,,,,,,,,,,,,,,,,,,,,,,0,1,dropped_only,2422
1650980596,,,,,,,,,,,,,,,,,,,,,,,,,0,1,dropped_only,2423
1650983476,2.0,2.0,2.0,4.50134,0.0,6750000.0,598568809.0,598568841.0,598568834.0,598568841.0,598568841.0,598568842.0,598568842.0,598568846.0,598568843.0,598568889.0,33.0,25.0,34.0,80.0,7.0,1.0,72.0,0.0,1,0,recorded,2424
1650986266,2.0,2.0,2.0,4.50134,0.0,6750000.0,598568840.0,598568945.0,598568945.0,598568945.0,598568946.0,598568946.0,598568947.0,598568956.0,598568874.0,598568920.0,107.0,107.0,34.0,80.0,0.0,0.0,80.0,0.0,1,0,recorded,2425
1650989326,,,,,,,,,,,,,,,,,,,,,,,,,0,1,dropped_only,2426
1650992116,,,,,,,,,,,,,,,,,,,,,,,,,0,1,dropped_only,2427
1650994996,2.0,2.0,2.0,4.50134,0.0,6750000.0,598568937.0,598568957.0,598568948.0,598568957.0,598568958.0,598568958.0,598568958.0,598568961.0,598568971.0,598569017.0,21.0,12.0,34.0,80.0,9.0,0.0,71.0,0.0,1,0,recorded,2428
1650997876,2.0,2.0,2.0,4.50134,0.0,6750000.0,598568968.0,598569061.0,598569061.0,598569061.0,598569062.0,598569063.0,598569064.0,598569075.0,598569003.0,598569049.0,96.0,95.0,35.0,81.0,0.0,1.0,80.0,0.0,1,0,recorded,2429
1651000756,,,,,,,,,,,,,,,,,,,,,,,,,0,1,dropped_only,2430
1651005076,2.0,2.0,2.0,4.50134,0.0,6750000.0,598569049.0,598569077.0,598569064.0,598569077.0,598569078.0,598569078.0,598569078.0,598569081.0,598569083.0,598569129.0,29.0,16.0,34.0,80.0,13.0,0.0,67.0,0.0,1,0,recorded,2431
1651007956,2.0,2.0,2.0,4.50134,0.0,6750000.0,598569084.0,598569179.0,598569179.0,598569179.0,598569180.0,598569180.0,598569181.0,598569192.0,598569115.0,598569161.0,97.0,97.0,31.0,77.0,0.0,0.0,77.0,0.0,1,0,recorded,2432
1651010746,,,,,,,,,,,,,,,,,,,,,,,,,0,1,dropped_only,2433
1651013626,,,,,,,,,,,,,,,,,,,,,,,,,0,1,dropped_only,2434
1651016596,2.0,2.0,2.0,4.50134,0.0,6346020.0,598569175.0,598569196.0,598569184.0,598569194.0,598569194.0,598569194.0,598569194.0,598569197.0,598569211.0,598569257.0,19.0,9.0,36.0,82.0,10.0,0.0,72.0,0.0,1,0,recorded,2435
1651019476,2.0,2.0,2.0,4.50134,0.0,6346020.0,598569209.0,598569294.0,598569293.0,598569294.0,598569294.0,598569294.0,598569295.0,598569306.0,598569243.0,598569289.0,86.0,85.0,34.0,80.0,1.0,0.0,79.0,0.0,1,0,recorded,2436
1651022356,,,,,,,,,,,,,,,,,,,,,,,,,0,1,dropped_only,2437
1651025236,2.0,2.0,2.0,4.50134,0.0,6346020.0,598569277.0,598569308.0,598569296.0,598569308.0,598569308.0,598569309.0,598569309.0,598569313.0,598569307.0,598569353.0,32.0,19.0,30.0,76.0,12.0,1.0,63.0,0.0,1,0,recorded,2438
1651028116,2.0,2.0,2.0,4.50134,0.0,6346020.0,598569311.0,598569415.0,598569415.0,598569415.0,598569416.0,598569416.0,598569417.0,598569426.0,598569339.0,598569385.0,106.0,106.0,28.0,74.0,0.0,0.0,74.0,0.0,1,0,recorded,2439
1651030996,,,,,,,,,,,,,,,,,,,,,,,,,0,1,dropped_only,2440
1651033876,,,,,,,,,,,,,,,,,,,,,,,,,0,1,dropped_only,2441
1651036666,2.0,2.0,2.0,4.50134,0.0,6346020.0,598569406.0,598569428.0,598569419.0,598569428.0,598569428.0,598569428.0,598569429.0,598569431.0,598569434.0,598569480.0,23.0,14.0,28.0,74.0,9.0,0.0,65.0,0.0,1,0,recorded,2442
1651040986,2.0,2.0,2.0,4.50134,0.0,6346020.0,598569445.0,598569534.0,598569533.0,598569534.0,598569535.0,598569535.0,598569536.0,598569545.0,598569482.0,598569528.0,91.0,90.0,37.0,83.0,1.0,0.0,82.0,0.0,1,0,recorded,2443
1651043866,,,,,,,,,,,,,,,,,,,,,,,,,0,1,dropped_only,2444
1651046836,2.0,2.0,2.0,4.50134,0.0,6346020.0,598569516.0,598569547.0,598569536.0,598569547.0,598569547.0,598569547.0,598569548.0,598569550.0,598569547.0,598569593.0,32.0,21.0,31.0,77.0,11.0,0.0,66.0,0.0,1,0,recorded,2445
1651049896,2.0,2.0,2.0,4.50134,0.0,6346020.0,598569553.0,598569649.0,598569649.0,598569649.0,598569649.0,598569650.0,598569651.0,598569662.0,598569581.0,598569627.0,98.0,97.0,28.0,74.0,0.0,1.0,73.0,0.0,1,0,recorded,2446
1651052776,,,,,,,,,,,,,,,,,,,,,,,,,0,1,dropped_only,2447
1651055566,2.0,2.0,2.0,4.50134,0.0,6346020.0,598569610.0,598569664.0,598569651.0,598569664.0,598569664.0,598569664.0,598569664.0,598569667.0,598569644.0,598569690.0,54.0,41.0,34.0,80.0,13.0,0.0,67.0,0.0,1,0,recorded,2448
1651058266,2.0,2.0,2.0,4.50134,0.0,6346020.0,598569646.0,598569765.0,598569765.0,598569765.0,598569766.0,598569766.0,598569767.0,598569778.0,598569674.0,598569720.0,121.0,121.0,28.0,74.0,0.0,0.0,74.0,0.0,1,0,recorded,2449
1651061146,,,,,,,,,,,,,,,,,,,,,,,,,0,1,dropped_only,2450
1651064026,,,,,,,,,,,,,,,,,,,,,,,,,0,1,dropped_only,2451
1651066906,2.0,2.0,2.0,4.50134,0.0,6346020.0,598569733.0,598569780.0,598569774.0,598569780.0,598569780.0,598569781.0,598569781.0,598569783.0,598569770.0,598569816.0,48.0,41.0,37.0,83.0,6.0,1.0,76.0,0.0,1,0,recorded,2452
1651069786,2.0,2.0,2.0,4.50134,0.0,6346020.0,598569772.0,598569885.0,598569884.0,598569885.0,598569885.0,598569886.0,598569887.0,598569898.0,598569802.0,598569848.0,115.0,113.0,30.0,76.0,1.0,1.0,74.0,0.0,1,0,recorded,2453
1651072666,,,,,,,,,,,,,,,,,,,,,,,,,0,1,dropped_only,2454
1651077076,2.0,2.0,2.0,4.50134,0.0,6346020.0,598569852.0,598569900.0,598569888.0,598569901.0,598569901.0,598569901.0,598569902.0,598569905.0,598569883.0,598569929.0,50.0,37.0,31.0,77.0,13.0,0.0,64.0,0.0,1,0,recorded,2455
1651079866,2.0,2.0,2.0,4.50134,0.0,6346020.0,598569887.0,598570002.0,598570002.0,598570002.0,598570003.0,598570003.0,598570004.0,598570013.0,598569914.0,598569960.0,117.0,117.0,27.0,73.0,0.0,0.0,73.0,0.0,1,0,recorded,2456
1651082836,,,,,,,,,,,,,,,,,,,,,,,,,0,1,dropped_only,2457
1651085716,,,,,,,,,,,,,,,,,,,,,,,,,0,1,dropped_only,2458
1651088596,2.0,2.0,2.0,2.73132,0.0,6346020.0,598569982.0,598570015.0,598570005.0,598570015.0,598570015.0,598570015.0,598570016.0,598570019.0,598570011.0,598570057.0,34.0,24.0,29.0,75.0,10.0,0.0,65.0,0.0,1,0,recorded,2459
1651091476,2.0,2.0,2.0,2.73132,0.0,6346020.0,598570007.0,598570118.0,598570117.0,598570118.0,598570118.0,598570119.0,598570120.0,598570129.0,598570043.0,598570089.0,113.0,111.0,36.0,82.0,1.0,1.0,80.0,0.0,1,0,recorded,2460
1651094356,,,,,,,,,,,,,,,,,,,,,,,,,0,1,dropped_only,2461
1651097236,,,,,,,,,,,,,,,,,,,,,,,,,0,1,dropped_only,2462
1651100116,2.0,2.0,2.0,2.73132,0.0,6346020.0,598570111.0,598570131.0,598570122.0,598570131.0,598570131.0,598570131.0,598570132.0,598570135.0,598570139.0,598570185.0,21.0,12.0,28.0,74.0,9.0,0.0,65.0,0.0,1,0,recorded,2463
1651103086,2.0,2.0,2.0,2.73132,0.0,6346020.0,598570139.0,598570226.0,598570226.0,598570227.0,598570227.0,598570227.0,598570229.0,598570238.0,598570172.0,598570218.0,90.0,89.0,33.0,79.0,1.0,0.0,78.0,0.0,1,0,recorded,2464
1651105876,,,,,,,,,,,,,,,,,,,,,,,,,0,1,dropped_only,2465
1651108846,2.0,2.0,2.0,2.73132,0.0,6750000.0,598570200.0,598570239.0,598570230.0,598570239.0,598570240.0,598570240.0,598570241.0,598570243.0,598570236.0,598570282.0,41.0,32.0,36.0,82.0,9.0,0.0,73.0,0.0,1,0,recorded,2466
1651113076,2.0,2.0,2.0,2.73132,0.0,6750000.0,598570248.0,598570351.0,598570350.0,598570351.0,598570351.0,598570352.0,598570353.0,598570364.0,598570283.0,598570329.0,105.0,103.0,35.0,81.0,1.0,1.0,79.0,0.0,1,0,recorded,2467
1651116046,,,,,,,,,,,,,,,,,,,,,,,,,0,1,dropped_only,2468
1651118746,,,,,,,,,,,,,,,,,,,,,,,,,0,1,dropped_only,2469
1651121626,2.0,2.0,2.0,2.73132,0.0,6750000.0,598570346.0,598570365.0,598570354.0,598570365.0,598570366.0,598570366.0,598570366.0,598570369.0,598570378.0,598570424.0,20.0,9.0,32.0,78.0,11.0,0.0,67.0,0.0,1,0,recorded,2470
1651124596,2.0,2.0,2.0,2.73132,0.0,6750000.0,598570403.0,598570467.0,598570467.0,598570468.0,598570468.0,598570469.0,598570470.0,598570480.0,598570411.0,598570457.0,67.0,65.0,8.0,54.0,1.0,1.0,52.0,0.0,1,0,recorded,2471
1651127566,,,,,,,,,,,,,,,,,,,,,,,,,0,1,dropped_only,2472
1651130446,2.0,2.0,2.0,2.73132,0.0,6750000.0,598570453.0,598570482.0,598570470.0,598570482.0,598570483.0,598570483.0,598570484.0,598570487.0,598570476.0,598570522.0,31.0,19.0,23.0,69.0,12.0,0.0,57.0,0.0,1,0,recorded,2473
1651133236,2.0,2.0,2.0,2.73132,0.0,6750000.0,598570478.0,598570587.0,598570587.0,598570587.0,598570588.0,598570588.0,598570589.0,598570598.0,598570507.0,598570553.0,111.0,111.0,29.0,75.0,0.0,0.0,75.0,0.0,1,0,recorded,2474
1651136116,,,,,,,,,,,,,,,,,,,,,,,,,0,1,dropped_only,2475
1651138996,,,,,,,,,,,,,,,,,,,,,,,,,0,1,dropped_only,2476
1651141876,2.0,2.0,2.0,2.73132,0.0,6750000.0,598570567.0,598570600.0,598570592.0,598570600.0,598570600.0,598570601.0,598570601.0,598570604.0,598570603.0,598570649.0,34.0,25.0,36.0,82.0,8.0,1.0,73.0,0.0,1,0,recorded,2477
1651144756,2.0,2.0,2.0,2.73132,0.0,6750000.0,598570611.0,598570701.0,598570701.0,598570702.0,598570702.0,598570702.0,598570704.0,598570715.0,598570635.0,598570681.0,93.0,92.0,24.0,70.0,1.0,0.0,69.0,0.0,1,0,recorded,2478
1651147726,,,,,,,,,,,,,,,,,,,,,,,,,0,1,dropped_only,2479
1651151956,2.0,2.0,2.0,2.73132,0.0,6750000.0,598570682.0,598570717.0,598570704.0,598570717.0,598570717.0,598570717.0,598570718.0,598570721.0,598570715.0,598570761.0,36.0,23.0,33.0,79.0,13.0,0.0,66.0,0.0,1,0,recorded,2480
1651154836,2.0,2.0,2.0,2.73132,0.0,6750000.0,598570710.0,598570817.0,598570817.0,598570818.0,598570818.0,598570819.0,598570820.0,598570829.0,598570747.0,598570793.0,110.0,108.0,37.0,83.0,1.0,1.0,81.0,0.0,1,0,recorded,2481
1651157716,,,,,,,,,,,,,,,,,,,,,,,,,0,1,dropped_only,2482
1651160596,,,,,,,,,,,,,,,,,,,,,,,,,0,1,dropped_only,2483
1651163476,2.0,2.0,2.0,2.73132,0.0,6750000.0,598570810.0,598570832.0,598570821.0,598570832.0,598570832.0,598570833.0,598570833.0,598570837.0,598570843.0,598570889.0,23.0,11.0,33.0,79.0,11.0,1.0,67.0,0.0,1,0,recorded,2484
1651166356,2.0,2.0,2.0,2.73132,0.0,6750000.0,598570841.0,598570929.0,598570928.0,598570929.0,598570929.0,598570930.0,598570932.0,598570941.0,598570875.0,598570921.0,91.0,89.0,34.0,80.0,1.0,1.0,78.0,0.0,1,0,recorded,2485
1651169236,,,,,,,,,,,,,,,,,,,,,,,,,0,1,dropped_only,2486
1651172116,2.0,2.0,2.0,2.73132,0.0,6750000.0,598570907.0,598570943.0,598570931.0,598570944.0,598570944.0,598570944.0,598570945.0,598570948.0,598570939.0,598570985.0,38.0,25.0,32.0,78.0,13.0,0.0,65.0,0.0,1,0,recorded,2487
1651174906,2.0,2.0,2.0,2.73132,0.0,6750000.0,598570937.0,598571049.0,598571048.0,598571050.0,598571050.0,598571051.0,598571052.0,598571063.0,598570970.0,598571016.0,115.0,112.0,33.0,79.0,2.0,1.0,76.0,0.0,1,0,recorded,2488
1651177786,,,,,,,,,,,,,,,,,,,,,,,,,0,1,dropped_only,2489
1651180666,,,,,,,,,,,,,,,,,,,,,,,,,0,1,dropped_only,2490
1651183636,2.0,2.0,2.0,2.73132,0.0,6750000.0,598571032.0,598571066.0,598571053.0,598571066.0,598571067.0,598571067.0,598571067.0,598571070.0,598571067.0,598571113.0,35.0,22.0,35.0,81.0,13.0,0.0,68.0,0.0,1,0,recorded,2491
1651187866,2.0,2.0,2.0,2.73132,0.0,6750000.0,598571081.0,598571166.0,598571165.0,598571166.0,598571166.0,598571167.0,598571168.0,598571179.0,598571114.0,598571160.0,87.0,85.0,33.0,79.0,1.0,1.0,77.0,0.0,1,0,recorded,2492
1651190746,,,,,,,,,,,,,,,,,,,,,,,,,0,1,dropped_only,2493
1651193626,2.0,2.0,2.0,2.73132,0.0,6750000.0,598571146.0,598571181.0,598571169.0,598571181.0,598571181.0,598571182.0,598571182.0,598571186.0,598571178.0,598571224.0,36.0,23.0,32.0,78.0,12.0,1.0,65.0,0.0,1,0,recorded,2494
1651196506,2.0,2.0,2.0,2.73132,0.0,6750000.0,598571178.0,598571285.0,598571285.0,598571286.0,598571286.0,598571286.0,598571287.0,598571290.0,598571210.0,598571256.0,109.0,108.0,32.0,78.0,1.0,0.0,77.0,0.0,1,0,recorded,2495
1651199386,,,,,,,,,,,,,,,,,,,,,,,,,0,1,dropped_only,2496
1651202266,,,,,,,,,,,,,,,,,,,,,,,,,0,1,dropped_only,2497
1651205146,2.0,2.0,2.0,2.73132,0.0,6750000.0,598571273.0,598571292.0,598571289.0,598571292.0,598571293.0,598571293.0,598571293.0,598571297.0,598571306.0,598571352.0,20.0,17.0,33.0,79.0,3.0,0.0,76.0,0.0,1,0,recorded,2498
1651208026,2.0,2.0,2.0,2.73132,0.0,6750000.0,598571301.0,598571402.0,598571402.0,598571402.0,598571402.0,598571403.0,598571404.0,598571413.0,598571338.0,598571384.0,103.0,102.0,37.0,83.0,0.0,1.0,82.0,0.0,1,0,recorded,2499
1651210906,,,,,,,,,,,,,,,,,,,,,,,,,0,1,dropped_only,2500
1651213966,2.0,2.0,2.0,1.87683,0.0,6750000.0,598571369.0,598571414.0,598571406.0,598571414.0,598571415.0,598571415.0,598571415.0,598571418.0,598571404.0,598571450.0,46.0,38.0,35.0,81.0,8.0,0.0,73.0,0.0,1,0,recorded,2501
1651216756,2.0,2.0,2.0,1.87683,0.0,6750000.0,598571406.0,598571516.0,598571515.0,598571516.0,598571516.0,598571516.0,598571517.0,598571528.0,598571435.0,598571481.0,111.0,110.0,29.0,75.0,1.0,0.0,74.0,0.0,1,0,recorded,2502
1651219636,,,,,,,,,,,,,,,,,,,,,,,,,0,1,dropped_only,2503
1651223866,,,,,,,,,,,,,,,,,,,,,,,,,0,1,dropped_only,2504
1651226746,2.0,2.0,2.0,1.87683,0.0,6750000.0,598571511.0,598571532.0,598571518.0,598571530.0,598571530.0,598571531.0,598571531.0,598571534.0,598571546.0,598571592.0,20.0,7.0,35.0,81.0,12.0,1.0,68.0,0.0,1,0,recorded,2505
1651229626,2.0,2.0,2.0,1.87683,0.0,6750000.0,598571546.0,598571630.0,598571629.0,598571630.0,598571630.0,598571631.0,598571631.0,598571642.0,598571578.0,598571624.0,85.0,83.0,32.0,78.0,1.0,1.0,76.0,0.0,1,0,recorded,2506
1651232596,,,,,,,,,,,,,,,,,,,,,,,,,0,1,dropped_only,2507
1651235386,2.0,2.0,2.0,1.87683,0.0,6750000.0,598571607.0,598571645.0,598571632.0,598571645.0,598571645.0,598571645.0,598571646.0,598571648.0,598571642.0,598571688.0,39.0,26.0,35.0,81.0,13.0,0.0,68.0,0.0,1,0,recorded,2508
1651238266,2.0,2.0,2.0,1.87683,0.0,6750000.0,598571645.0,598571742.0,598571741.0,598571742.0,598571742.0,598571742.0,598571743.0,598571754.0,598571674.0,598571720.0,98.0,97.0,29.0,75.0,1.0,0.0,74.0,0.0,1,0,recorded,2509
1651241146,,,,,,,,,,,,,,,,,,,,,,,,,0,1,dropped_only,2510
1651244026,2.0,2.0,2.0,1.87683,0.0,6750000.0,598571706.0,598571756.0,598571745.0,598571756.0,598571756.0,598571756.0,598571757.0,598571760.0,598571738.0,598571784.0,51.0,40.0,32.0,78.0,11.0,0.0,67.0,0.0,1,0,recorded,2511
1651246906,2.0,2.0,2.0,1.87683,0.0,6750000.0,598571739.0,598571856.0,598571855.0,598571856.0,598571856.0,598571857.0,598571858.0,598571869.0,598571770.0,598571816.0,119.0,117.0,31.0,77.0,1.0,1.0,75.0,0.0,1,0,recorded,2512
1651249786,,,,,,,,,,,,,,,,,,,,,,,,,0,1,dropped_only,2513
1651252666,,,,,,,,,,,,,,,,,,,,,,,,,0,1,dropped_only,2514
1651255636,2.0,2.0,2.0,1.87683,0.0,6750000.0,598571832.0,598571871.0,598571859.0,598571871.0,598571871.0,598571872.0,598571872.0,598571875.0,598571867.0,598571913.0,40.0,27.0,35.0,81.0,12.0,1.0,68.0,0.0,1,0,recorded,2515
1651259866,2.0,2.0,2.0,1.87683,0.0,6750000.0,598571881.0,598571967.0,598571967.0,598571967.0,598571967.0,598571968.0,598571969.0,598571980.0,598571914.0,598571960.0,88.0,87.0,33.0,79.0,0.0,1.0,78.0,0.0,1,0,recorded,2516
1651262746,,,,,,,,,,,,,,,,,,,,,,,,,0,1,dropped_only,2517
1651265626,2.0,2.0,2.0,1.87683,0.0,6750000.0,598571953.0,598571982.0,598571969.0,598571983.0,598571983.0,598571984.0,598571985.0,598571988.0,598571978.0,598572024.0,32.0,17.0,25.0,71.0,14.0,1.0,56.0,0.0,1,0,recorded,2518
1651268596,2.0,2.0,2.0,1.87683,0.0,6750000.0,598571979.0,598572096.0,598572095.0,598572096.0,598572096.0,598572096.0,598572097.0,598572107.0,598572011.0,598572057.0,118.0,117.0,32.0,78.0,1.0,0.0,77.0,0.0,1,0,recorded,2519
1651271386,,,,,,,,,,,,,,,,,,,,,,,,,0,1,dropped_only,2520
1651274266,,,,,,,,,,,,,,,,,,,,,,,,,0,1,dropped_only,2521
1651277146,2.0,2.0,2.0,1.87683,0.0,6750000.0,598572078.0,598572108.0,598572100.0,598572108.0,598572109.0,598572109.0,598572109.0,598572113.0,598572106.0,598572152.0,31.0,23.0,28.0,74.0,8.0,0.0,66.0,0.0,1,0,recorded,2522
1651280026,2.0,2.0,2.0,1.87683,0.0,6750000.0,598572101.0,598572213.0,598572212.0,598572213.0,598572213.0,598572213.0,598572214.0,598572223.0,598572138.0,598572184.0,113.0,112.0,37.0,83.0,1.0,0.0,82.0,0.0,1,0,recorded,2523
1651282996,,,,,,,,,,,,,,,,,,,,,,,,,0,1,dropped_only,2524
1651285786,,,,,,,,,,,,,,,,,,,,,,,,,0,1,dropped_only,2525
1651288666,2.0,2.0,2.0,1.87683,0.0,6750000.0,598572201.0,598572225.0,598572217.0,598572225.0,598572225.0,598572226.0,598572226.0,598572229.0,598572234.0,598572280.0,25.0,16.0,33.0,79.0,8.0,1.0,70.0,0.0,1,0,recorded,2526
1651291546,2.0,2.0,2.0,1.87683,0.0,6750000.0,598572230.0,598572338.0,598572338.0,598572338.0,598572339.0,598572339.0,598572340.0,598572350.0,598572266.0,598572312.0,110.0,110.0,36.0,82.0,0.0,0.0,82.0,0.0,1,0,recorded,2527
1651295866,,,,,,,,,,,,,,,,,,,,,,,,,0,1,dropped_only,2528
1651298746,2.0,2.0,2.0,1.87683,0.0,6750000.0,598572314.0,598572351.0,598572340.0,598572351.0,598572352.0,598572352.0,598572352.0,598572356.0,598572346.0,598572392.0,38.0,27.0,32.0,78.0,11.0,0.0,67.0,0.0,1,0,recorded,2529
1651301716,2.0,2.0,2.0,1.87683,0.0,6750000.0,598572348.0,598572453.0,598572453.0,598572453.0,598572453.0,598572454.0,598572454.0,598572464.0,598572379.0,598572425.0,106.0,105.0,31.0,77.0,0.0,1.0,76.0,0.0,1,0,recorded,2530
1651304506,,,,,,,,,,,,,,,,,,,,,,,,,0,1,dropped_only,2531
1651307386,,,,,,,,,,,,,,,,,,,,,,,,,0,1,dropped_only,2532
1651310266,2.0,2.0,2.0,1.87683,0.0,6750000.0,598572444.0,598572465.0,598572456.0,598572465.0,598572466.0,598572466.0,598572466.0,598572470.0,598572474.0,598572520.0,22.0,13.0,30.0,76.0,9.0,0.0,67.0,0.0,1,0,recorded,2533
1651313146,2.0,2.0,2.0,1.87683,0.0,6750000.0,598572479.0,598572575.0,598572574.0,598572575.0,598572575.0,598572575.0,598572576.0,598572586.0,598572506.0,598572552.0,97.0,96.0,27.0,73.0,1.0,0.0,72.0,0.0,1,0,recorded,2534
1651316026,,,,,,,,,,,,,,,,,,,,,,,,,0,1,dropped_only,2535
1651318906,2.0,2.0,2.0,1.87683,0.0,6750000.0,598572544.0,598572588.0,598572577.0,598572588.0,598572588.0,598572588.0,598572589.0,598572592.0,598572570.0,598572616.0,45.0,34.0,26.0,72.0,11.0,0.0,61.0,0.0,1,0,recorded,2536
1651321966,2.0,2.0,2.0,1.87683,0.0,6750000.0,598572576.0,598572693.0,598572693.0,598572694.0,598572695.0,598572695.0,598572697.0,598572707.0,598572604.0,598572650.0,121.0,120.0,28.0,74.0,1.0,0.0,73.0,0.0,1,0,recorded,2537
1651324846,,,,,,,,,,,,,,,,,,,,,,,,,0,1,dropped_only,2538
1651327726,,,,,,,,,,,,,,,,,,,,,,,,,0,1,dropped_only,2539
1651331866,2.0,2.0,2.0,1.87683,0.0,6750000.0,598572683.0,598572708.0,598572698.0,598572709.0,598572709.0,598572709.0,598572710.0,598572712.0,598572714.0,598572760.0,27.0,16.0,31.0,77.0,11.0,0.0,66.0,0.0,1,0,recorded,2540
1651334746,2.0,2.0,2.0,3.95203,0.0,6750000.0,598572711.0,598572814.0,598572814.0,598572814.0,598572814.0,598572815.0,598572815.0,598572825.0,598572746.0,598572792.0,104.0,103.0,35.0,81.0,0.0,1.0,80.0,0.0,1,0,recorded,2541
1651337626,,,,,,,,,,,,,,,,,,,,,,,,,0,1,dropped_only,2542
1651340506,,,,,,,,,,,,,,,,,,,,,,,,,0,1,dropped_only,2543
1651343386,2.0,2.0,2.0,3.95203,0.0,6750000.0,598572807.0,598572828.0,598572819.0,598572827.0,598572827.0,598572828.0,598572828.0,598572831.0,598572842.0,598572888.0,21.0,12.0,35.0,81.0,8.0,1.0,72.0,0.0,1,0,recorded,2544
1651346266,2.0,2.0,2.0,3.95203,0.0,6750000.0,598572842.0,598572934.0,598572934.0,598572934.0,598572934.0,598572935.0,598572936.0,598572946.0,598572874.0,598572920.0,94.0,93.0,32.0,78.0,0.0,1.0,77.0,0.0,1,0,recorded,2545
1651349146,,,,,,,,,,,,,,,,,,,,,,,,,0,1,dropped_only,2546
1651352026,2.0,2.0,2.0,3.95203,0.0,6750000.0,598572903.0,598572948.0,598572939.0,598572949.0,598572949.0,598572950.0,598572950.0,598572953.0,598572938.0,598572984.0,47.0,36.0,35.0,81.0,10.0,1.0,70.0,0.0,1,0,recorded,2547
1651354906,2.0,2.0,2.0,3.95203,0.0,6750000.0,598572939.0,598573057.0,598573056.0,598573057.0,598573057.0,598573058.0,598573059.0,598573069.0,598572970.0,598573016.0,120.0,118.0,31.0,77.0,1.0,1.0,75.0,0.0,1,0,recorded,2548
1651357786,,,,,,,,,,,,,,,,,,,,,,,,,0,1,dropped_only,2549
1651360666,,,,,,,,,,,,,,,,,,,,,,,,,0,1,dropped_only,2550
1651363546,2.0,2.0,2.0,3.95203,0.0,6750000.0,598573030.0,598573071.0,598573060.0,598573071.0,598573071.0,598573071.0,598573072.0,598573075.0,598573066.0,598573112.0,42.0,31.0,36.0,82.0,11.0,0.0,71.0,0.0,1,0,recorded,2551
1651367866,2.0,2.0,2.0,3.95203,0.0,6750000.0,598573082.0,598573181.0,598573181.0,598573182.0,598573182.0,598573182.0,598573183.0,598573193.0,598573114.0,598573160.0,101.0,100.0,32.0,78.0,1.0,0.0,77.0,0.0,1,0,recorded,2552
1651370836,,,,,,,,,,,,,,,,,,,,,,,,,0,1,dropped_only,2553
1651373716,2.0,2.0,2.0,3.95203,0.0,6750000.0,598573147.0,598573195.0,598573184.0,598573195.0,598573195.0,598573196.0,598573196.0,598573200.0,598573179.0,598573225.0,49.0,37.0,32.0,78.0,11.0,1.0,66.0,0.0,1,0,recorded,2554
1651376596,2.0,2.0,2.0,3.95203,0.0,6750000.0,598573180.0,598573298.0,598573298.0,598573298.0,598573298.0,598573299.0,598573300.0,598573310.0,598573211.0,598573257.0,120.0,119.0,31.0,77.0,0.0,1.0,76.0,0.0,1,0,recorded,2555
1651379476,,,,,,,,,,,,,,,,,,,,,,,,,0,1,dropped_only,2556
1651382356,,,,,,,,,,,,,,,,,,,,,,,,,0,1,dropped_only,2557
1651385236,2.0,2.0,2.0,3.95203,0.0,6750000.0,598573274.0,598573312.0,598573302.0,598573312.0,598573312.0,598573313.0,598573313.0,598573318.0,598573307.0,598573353.0,39.0,28.0,33.0,79.0,10.0,1.0,68.0,0.0,1,0,recorded,2558
1651388476,2.0,2.0,2.0,3.95203,0.0,6750000.0,598573314.0,598573415.0,598573414.0,598573415.0,598573415.0,598573416.0,598573417.0,598573427.0,598573343.0,598573389.0,103.0,101.0,29.0,75.0,1.0,1.0,73.0,0.0,1,0,recorded,2559
1651391086,,,,,,,,,,,,,,,,,,,,,,,,,0,1,dropped_only,2560
1651393966,,,,,,,,,,,,,,,,,,,,,,,,,0,1,dropped_only,2561
1651396756,2.0,2.0,2.0,3.95203,0.0,6750000.0,598573400.0,598573429.0,598573418.0,598573429.0,598573430.0,598573430.0,598573430.0,598573434.0,598573435.0,598573481.0,30.0,19.0,35.0,81.0,11.0,0.0,70.0,0.0,1,0,recorded,2562
1651399636,2.0,2.0,2.0,3.95203,0.0,6750000.0,598573432.0,598573530.0,598573530.0,598573530.0,598573530.0,598573531.0,598573533.0,598573543.0,598573467.0,598573513.0,101.0,100.0,35.0,81.0,0.0,1.0,80.0,0.0,1,0,recorded,2563
1651403866,,,,,,,,,,,,,,,,,,,,,,,,,0,1,dropped_only,2564
1651406746,2.0,2.0,2.0,3.95203,0.0,6750000.0,598573515.0,598573546.0,598573531.0,598573546.0,598573546.0,598573546.0,598573547.0,598573550.0,598573546.0,598573592.0,32.0,17.0,31.0,77.0,15.0,0.0,62.0,0.0,1,0,recorded,2565
1651409626,2.0,2.0,2.0,3.95203,0.0,6750000.0,598573548.0,598573646.0,598573646.0,598573647.0,598573647.0,598573648.0,598573649.0,598573660.0,598573578.0,598573624.0,101.0,99.0,30.0,76.0,1.0,1.0,74.0,0.0,1,0,recorded,2566
1651412506,,,,,,,,,,,,,,,,,,,,,,,,,0,1,dropped_only,2567
1651415386,2.0,2.0,2.0,3.95203,0.0,6750000.0,598573606.0,598573662.0,598573652.0,598573662.0,598573662.0,598573663.0,598573663.0,598573666.0,598573642.0,598573688.0,57.0,46.0,36.0,82.0,10.0,1.0,71.0,0.0,1,0,recorded,2568
1651418266,2.0,2.0,2.0,3.95203,0.0,6750000.0,598573650.0,598573764.0,598573763.0,598573764.0,598573764.0,598573765.0,598573767.0,598573777.0,598573674.0,598573720.0,117.0,115.0,24.0,70.0,1.0,1.0,68.0,0.0,1,0,recorded,2569
1651421146,,,,,,,,,,,,,,,,,,,,,,,,,0,1,dropped_only,2570
1651424026,,,,,,,,,,,,,,,,,,,,,,,,,0,1,dropped_only,2571
1651426906,2.0,2.0,2.0,2.82288,0.0,6750000.0,598573737.0,598573779.0,598573768.0,598573779.0,598573779.0,598573780.0,598573780.0,598573783.0,598573770.0,598573816.0,43.0,31.0,33.0,79.0,11.0,1.0,67.0,0.0,1,0,recorded,2572
1651429786,2.0,2.0,2.0,2.82288,0.0,6750000.0,598573770.0,598573878.0,598573877.0,598573878.0,598573879.0,598573879.0,598573881.0,598573890.0,598573802.0,598573848.0,111.0,110.0,32.0,78.0,1.0,0.0,77.0,0.0,1,0,recorded,2573
1651432666,,,,,,,,,,,,,,,,,,,,,,,,,0,1,dropped_only,2574
1651435546,2.0,2.0,2.0,2.82288,0.0,6750000.0,598573835.0,598573892.0,598573882.0,598573893.0,598573893.0,598573893.0,598573894.0,598573898.0,598573866.0,598573912.0,59.0,48.0,31.0,77.0,11.0,0.0,66.0,0.0,1,0,recorded,2575
1651439866,2.0,2.0,2.0,2.82288,0.0,6750000.0,598573883.0,598574000.0,598574000.0,598574001.0,598574001.0,598574002.0,598574004.0,598574013.0,598573914.0,598573960.0,121.0,119.0,31.0,77.0,1.0,1.0,75.0,0.0,1,0,recorded,2576
1651442746,,,,,,,,,,,,,,,,,,,,,,,,,0,1,dropped_only,2577
1651445626,,,,,,,,,,,,,,,,,,,,,,,,,0,1,dropped_only,2578
1651448506,2.0,2.0,2.0,2.82288,0.0,6750000.0,598573979.0,598574015.0,598574005.0,598574016.0,598574016.0,598574016.0,598574017.0,598574020.0,598574010.0,598574056.0,38.0,27.0,31.0,77.0,11.0,0.0,66.0,0.0,1,0,recorded,2579
1651451386,2.0,2.0,2.0,2.82288,0.0,6750000.0,598574007.0,598574115.0,598574115.0,598574116.0,598574116.0,598574117.0,598574118.0,598574128.0,598574042.0,598574088.0,111.0,109.0,35.0,81.0,1.0,1.0,79.0,0.0,1,0,recorded,2580
1651454356,,,,,,,,,,,,,,,,,,,,,,,,,0,1,dropped_only,2581
1651457236,,,,,,,,,,,,,,,,,,,,,,,,,0,1,dropped_only,2582
1651460206,2.0,2.0,2.0,2.82288,0.0,6750000.0,598574108.0,598574130.0,598574119.0,598574130.0,598574130.0,598574131.0,598574131.0,598574134.0,598574140.0,598574186.0,23.0,11.0,32.0,78.0,11.0,1.0,66.0,0.0,1,0,recorded,2583
1651462996,2.0,2.0,2.0,2.82288,0.0,6750000.0,598574138.0,598574232.0,598574231.0,598574232.0,598574232.0,598574233.0,598574234.0,598574243.0,598574171.0,598574217.0,96.0,94.0,33.0,79.0,1.0,1.0,77.0,0.0,1,0,recorded,2584
1651465876,,,,,,,,,,,,,,,,,,,,,,,,,0,1,dropped_only,2585
1651468756,2.0,2.0,2.0,2.82288,0.0,6738980.0,598574199.0,598574245.0,598574235.0,598574245.0,598574245.0,598574246.0,598574246.0,598574249.0,598574235.0,598574281.0,47.0,36.0,36.0,82.0,10.0,1.0,71.0,0.0,1,0,recorded,2586
1651471636,2.0,2.0,2.0,2.82288,0.0,6738980.0,598574233.0,598574348.0,598574347.0,598574348.0,598574348.0,598574349.0,598574350.0,598574359.0,598574267.0,598574313.0,117.0,115.0,34.0,80.0,1.0,1.0,78.0,0.0,1,0,recorded,2587
1651475866,,,,,,,,,,,,,,,,,,,,,,,,,0,1,dropped_only,2588
1651478746,2.0,2.0,2.0,2.82288,0.0,6738980.0,598574315.0,598574362.0,598574351.0,598574362.0,598574363.0,598574363.0,598574363.0,598574366.0,598574346.0,598574392.0,48.0,37.0,31.0,77.0,11.0,0.0,66.0,0.0,1,0,recorded,2589
1651481626,2.0,2.0,2.0,2.82288,0.0,6738980.0,598574346.0,598574462.0,598574462.0,598574462.0,598574462.0,598574463.0,598574464.0,598574474.0,598574378.0,598574424.0,118.0,117.0,32.0,78.0,0.0,1.0,77.0,0.0,1,0,recorded,2590
1651484506,,,,,,,,,,,,,,,,,,,,,,,,,0,1,dropped_only,2591
1651487386,,,,,,,,,,,,,,,,,,,,,,,,,0,1,dropped_only,2592
1651490266,2.0,2.0,2.0,2.82288,0.0,6738980.0,598574443.0,598574477.0,598574465.0,598574477.0,598574477.0,598574478.0,598574478.0,598574482.0,598574474.0,598574520.0,35.0,22.0,31.0,77.0,12.0,1.0,64.0,0.0,1,0,recorded,2593
1651493146,2.0,2.0,2.0,2.82288,0.0,6738980.0,598574471.0,598574577.0,598574577.0,598574577.0,598574577.0,598574578.0,598574579.0,598574592.0,598574506.0,598574552.0,108.0,107.0,35.0,81.0,0.0,1.0,80.0,0.0,1,0,recorded,2594
1651496026,,,,,,,,,,,,,,,,,,,,,,,,,0,1,dropped_only,2595
1651498906,2.0,2.0,2.0,2.82288,0.0,6738980.0,598574538.0,598574595.0,598574582.0,598574595.0,598574595.0,598574595.0,598574596.0,598574600.0,598574570.0,598574616.0,58.0,45.0,32.0,78.0,13.0,0.0,65.0,0.0,1,0,recorded,2596
1651501786,2.0,2.0,2.0,2.82288,0.0,6738980.0,598574581.0,598574689.0,598574688.0,598574689.0,598574689.0,598574690.0,598574690.0,598574699.0,598574602.0,598574648.0,109.0,107.0,21.0,67.0,1.0,1.0,65.0,0.0,1,0,recorded,2597
1651504666,,,,,,,,,,,,,,,,,,,,,,,,,0,1,dropped_only,2598
1651507546,,,,,,,,,,,,,,,,,,,,,,,,,0,1,dropped_only,2599
1651511866,2.0,2.0,2.0,2.82288,0.0,6738980.0,598574683.0,598574701.0,598574691.0,598574701.0,598574701.0,598574702.0,598574702.0,598574705.0,598574714.0,598574760.0,19.0,8.0,31.0,77.0,10.0,1.0,66.0,0.0,1,0,recorded,2600
1651514746,2.0,2.0,2.0,2.82288,0.0,6738980.0,598574711.0,598574803.0,598574802.0,598574803.0,598574803.0,598574803.0,598574804.0,598574811.0,598574746.0,598574792.0,93.0,92.0,35.0,81.0,1.0,0.0,80.0,0.0,1,0,recorded,2601
1651517626,,,,,,,,,,,,,,,,,,,,,,,,,0,1,dropped_only,2602
1651520596,2.0,2.0,2.0,2.82288,0.0,6738980.0,598574789.0,598574812.0,598574806.0,598574813.0,598574813.0,598574813.0,598574813.0,598574817.0,598574811.0,598574857.0,24.0,17.0,22.0,68.0,7.0,0.0,61.0,0.0,1,0,recorded,2603
1651523476,2.0,2.0,2.0,2.82288,0.0,6738980.0,598574815.0,598574918.0,598574918.0,598574919.0,598574919.0,598574919.0,598574920.0,598574928.0,598574843.0,598574889.0,105.0,104.0,28.0,74.0,1.0,0.0,73.0,0.0,1,0,recorded,2604
1651526446,,,,,,,,,,,,,,,,,,,,,,,,,0,1,dropped_only,2605
1651529236,,,,,,,,,,,,,,,,,,,,,,,,,0,1,dropped_only,2606
1651532116,2.0,2.0,2.0,2.82288,0.0,6738980.0,598574905.0,598574930.0,598574923.0,598574930.0,598574930.0,598574930.0,598574931.0,598574934.0,598574939.0,598574985.0,26.0,19.0,34.0,80.0,7.0,0.0,73.0,0.0,1,0,recorded,2607
1651534996,2.0,2.0,2.0,2.82288,0.0,6738980.0,598574937.0,598575032.0,598575032.0,598575033.0,598575033.0,598575033.0,598575034.0,598575045.0,598574971.0,598575017.0,97.0,96.0,34.0,80.0,1.0,0.0,79.0,0.0,1,0,recorded,2608
1651537876,,,,,,,,,,,,,,,,,,,,,,,,,0,1,dropped_only,2609
1651540666,2.0,2.0,2.0,2.97546,0.0,6738980.0,598575001.0,598575046.0,598575034.0,598575046.0,598575047.0,598575047.0,598575047.0,598575050.0,598575034.0,598575080.0,46.0,34.0,33.0,79.0,12.0,0.0,67.0,0.0,1,0,recorded,2610
1651543546,2.0,2.0,2.0,2.97546,0.0,6738980.0,598575033.0,598575149.0,598575149.0,598575149.0,598575149.0,598575150.0,598575150.0,598575161.0,598575066.0,598575112.0,117.0,116.0,33.0,79.0,0.0,1.0,78.0,0.0,1,0,recorded,2611
1651547956,,,,,,,,,,,,,,,,,,,,,,,,,0,1,dropped_only,2612
1651550746,2.0,2.0,2.0,2.97546,0.0,6738980.0,598575112.0,598575163.0,598575153.0,598575163.0,598575163.0,598575163.0,598575164.0,598575167.0,598575146.0,598575192.0,52.0,42.0,34.0,80.0,10.0,0.0,70.0,0.0,1,0,recorded,2613
1651553626,2.0,2.0,2.0,2.97546,0.0,6738980.0,598575152.0,598575264.0,598575264.0,598575264.0,598575264.0,598575265.0,598575266.0,598575276.0,598575178.0,598575224.0,114.0,113.0,26.0,72.0,0.0,1.0,71.0,0.0,1,0,recorded,2614
1651556596,,,,,,,,,,,,,,,,,,,,,,,,,0,1,dropped_only,2615
1651559476,,,,,,,,,,,,,,,,,,,,,,,,,0,1,dropped_only,2616
1651562266,2.0,2.0,2.0,2.97546,0.0,6750000.0,598575250.0,598575277.0,598575269.0,598575277.0,598575277.0,598575278.0,598575278.0,598575281.0,598575274.0,598575320.0,28.0,19.0,24.0,70.0,8.0,1.0,61.0,0.0,1,0,recorded,2617
1651565146,2.0,2.0,2.0,2.97546,0.0,6750000.0,598575270.0,598575386.0,598575386.0,598575387.0,598575387.0,598575387.0,598575388.0,598575398.0,598575306.0,598575352.0,118.0,117.0,36.0,82.0,1.0,0.0,81.0,0.0,1,0,recorded,2618
1651568026,,,,,,,,,,,,,,,,,,,,,,,,,0,1,dropped_only,2619
1651570906,,,,,,,,,,,,,,,,,,,,,,,,,0,1,dropped_only,2620
1651573966,2.0,2.0,2.0,2.97546,0.0,6750000.0,598575378.0,598575400.0,598575390.0,598575400.0,598575400.0,598575400.0,598575401.0,598575404.0,598575404.0,598575450.0,23.0,13.0,26.0,72.0,10.0,0.0,62.0,0.0,1,0,recorded,2621
1651576756,2.0,2.0,2.0,2.97546,0.0,6750000.0,598575407.0,598575500.0,598575500.0,598575500.0,598575500.0,598575501.0,598575502.0,598575512.0,598575435.0,598575481.0,95.0,94.0,28.0,74.0,0.0,1.0,73.0,0.0,1,0,recorded,2622
1651579726,,,,,,,,,,,,,,,,,,,,,,,,,0,1,dropped_only,2623
1651582516,2.0,2.0,2.0,2.97546,0.0,6750000.0,598575466.0,598575513.0,598575502.0,598575513.0,598575513.0,598575513.0,598575514.0,598575518.0,598575499.0,598575545.0,48.0,37.0,33.0,79.0,11.0,0.0,68.0,0.0,1,0,recorded,2624
1651586836,2.0,2.0,2.0,2.97546,0.0,6750000.0,598575510.0,598575624.0,598575624.0,598575624.0,598575624.0,598575625.0,598575626.0,598575636.0,598575547.0,598575593.0,116.0,115.0,37.0,83.0,0.0,1.0,82.0,0.0,1,0,recorded,2625
1651589626,,,,,,,,,,,,,,,,,,,,,,,,,0,1,dropped_only,2626
1651592686,,,,,,,,,,,,,,,,,,,,,,,,,0,1,dropped_only,2627
1651595386,2.0,2.0,2.0,2.97546,0.0,6750000.0,598575612.0,598575638.0,598575628.0,598575638.0,598575638.0,598575639.0,598575639.0,598575642.0,598575642.0,598575688.0,27.0,16.0,30.0,76.0,10.0,1.0,65.0,0.0,1,0,recorded,2628
1651598266,2.0,2.0,2.0,2.97546,0.0,6750000.0,598575641.0,598575739.0,598575738.0,598575739.0,598575739.0,598575740.0,598575740.0,598575750.0,598575674.0,598575720.0,99.0,97.0,33.0,79.0,1.0,1.0,77.0,0.0,1,0,recorded,2629
1651601146,,,,,,,,,,,,,,,,,,,,,,,,,0,1,dropped_only,2630
1651604026,2.0,2.0,2.0,2.97546,0.0,6750000.0,598575707.0,598575753.0,598575740.0,598575754.0,598575754.0,598575755.0,598575755.0,598575759.0,598575738.0,598575784.0,48.0,33.0,31.0,77.0,14.0,1.0,62.0,0.0,1,0,recorded,2631
1651606906,2.0,2.0,2.0,2.97546,0.0,6750000.0,598575737.0,598575853.0,598575853.0,598575854.0,598575854.0,598575855.0,598575857.0,598575864.0,598575770.0,598575816.0,120.0,118.0,33.0,79.0,1.0,1.0,77.0,0.0,1,0,recorded,2632
1651609876,,,,,,,,,,,,,,,,,,,,,,,,,0,1,dropped_only,2633
1651612756,,,,,,,,,,,,,,,,,,,,,,,,,0,1,dropped_only,2634
1651615546,2.0,2.0,2.0,2.60925,0.0,6750000.0,598575831.0,598575866.0,598575858.0,598575866.0,598575866.0,598575867.0,598575867.0,598575871.0,598575866.0,598575912.0,36.0,27.0,35.0,81.0,8.0,1.0,72.0,0.0,1,0,recorded,2635
1651618426,2.0,2.0,2.0,2.60925,0.0,6750000.0,598575864.0,598575967.0,598575966.0,598575967.0,598575967.0,598575968.0,598575968.0,598575978.0,598575898.0,598575944.0,104.0,102.0,34.0,80.0,1.0,1.0,78.0,0.0,1,0,recorded,2636
1651622836,,,,,,,,,,,,,,,,,,,,,,,,,0,1,dropped_only,2637
1651625626,2.0,2.0,2.0,2.60925,0.0,6750000.0,598575951.0,598575979.0,598575970.0,598575980.0,598575980.0,598575980.0,598575980.0,598575984.0,598575978.0,598576024.0,29.0,19.0,27.0,73.0,10.0,0.0,63.0,0.0,1,0,recorded,2638
1651628506,2.0,2.0,2.0,2.60925,0.0,6750000.0,598575977.0,598576087.0,598576086.0,598576087.0,598576087.0,598576088.0,598576088.0,598576098.0,598576010.0,598576056.0,111.0,109.0,33.0,79.0,1.0,1.0,77.0,0.0,1,0,recorded,2639
1651631386,,,,,,,,,,,,,,,,,,,,,,,,,0,1,dropped_only,2640
1651634266,,,,,,,,,,,,,,,,,,,,,,,,,0,1,dropped_only,2641
1651637146,2.0,2.0,2.0,2.60925,0.0,6750000.0,598576071.0,598576099.0,598576090.0,598576099.0,598576099.0,598576100.0,598576100.0,598576103.0,598576106.0,598576152.0,29.0,19.0,35.0,81.0,9.0,1.0,71.0,0.0,1,0,recorded,2642
1651640116,2.0,2.0,2.0,2.60925,0.0,6750000.0,598576108.0,598576202.0,598576202.0,598576203.0,598576203.0,598576203.0,598576204.0,598576214.0,598576139.0,598576185.0,96.0,95.0,31.0,77.0,1.0,0.0,76.0,0.0,1,0,recorded,2643
1651643086,,,,,,,,,,,,,,,,,,,,,,,,,0,1,dropped_only,2644
1651645966,2.0,2.0,2.0,2.60925,0.0,6750000.0,598576171.0,598576215.0,598576205.0,598576215.0,598576215.0,598576215.0,598576215.0,598576219.0,598576204.0,598576250.0,44.0,34.0,33.0,79.0,10.0,0.0,69.0,0.0,1,0,recorded,2645
1651648756,2.0,2.0,2.0,2.60925,0.0,6750000.0,598576206.0,598576325.0,598576325.0,598576325.0,598576326.0,598576326.0,598576327.0,598576337.0,598576235.0,598576281.0,121.0,121.0,29.0,75.0,0.0,0.0,75.0,0.0,1,0,recorded,2646
1651651636,,,,,,,,,,,,,,,,,,,,,,,,,0,1,dropped_only,2647
1651654516,,,,,,,,,,,,,,,,,,,,,,,,,0,1,dropped_only,2648
1651658836,2.0,2.0,2.0,2.60925,0.0,6750000.0,598576315.0,598576339.0,598576331.0,598576339.0,598576339.0,598576340.0,598576340.0,598576343.0,598576347.0,598576393.0,25.0,16.0,32.0,78.0,8.0,1.0,69.0,0.0,1,0,recorded,2649
1651661716,2.0,2.0,2.0,2.60925,0.0,6750000.0,598576346.0,598576443.0,598576443.0,598576444.0,598576444.0,598576445.0,598576445.0,598576455.0,598576379.0,598576425.0,99.0,97.0,33.0,79.0,1.0,1.0,77.0,0.0,1,0,recorded,2650
1651664596,,,,,,,,,,,,,,,,,,,,,,,,,0,1,dropped_only,2651
1651667476,2.0,2.0,2.0,2.60925,0.0,6750000.0,598576411.0,598576456.0,598576447.0,598576456.0,598576457.0,598576457.0,598576457.0,598576460.0,598576443.0,598576489.0,46.0,37.0,32.0,78.0,9.0,0.0,69.0,0.0,1,0,recorded,2652
1651670356,2.0,2.0,2.0,2.60925,0.0,6750000.0,598576446.0,598576562.0,598576561.0,598576563.0,598576563.0,598576564.0,598576565.0,598576575.0,598576475.0,598576521.0,119.0,116.0,29.0,75.0,2.0,1.0,72.0,0.0,1,0,recorded,2653
1651673236,,,,,,,,,,,,,,,,,,,,,,,,,0,1,dropped_only,2654
1651676116,,,,,,,,,,,,,,,,,,,,,,,,,0,1,dropped_only,2655
1651678996,2.0,2.0,2.0,2.60925,0.0,6750000.0,598576540.0,598576577.0,598576566.0,598576577.0,598576577.0,598576577.0,598576578.0,598576581.0,598576571.0,598576617.0,38.0,27.0,31.0,77.0,11.0,0.0,66.0,0.0,1,0,recorded,2656
1651681876,2.0,2.0,2.0,2.60925,0.0,6750000.0,598576570.0,598576678.0,598576677.0,598576678.0,598576678.0,598576678.0,598576679.0,598576689.0,598576603.0,598576649.0,109.0,108.0,33.0,79.0,1.0,0.0,78.0,0.0,1,0,recorded,2657
1651684666,,,,,,,,,,,,,,,,,,,,,,,,,0,1,dropped_only,2658
1651687546,,,,,,,,,,,,,,,,,,,,,,,,,0,1,dropped_only,2659
1651690426,2.0,2.0,2.0,2.60925,0.0,6750000.0,598576664.0,598576691.0,598576682.0,598576691.0,598576691.0,598576691.0,598576692.0,598576695.0,598576698.0,598576744.0,28.0,19.0,34.0,80.0,9.0,0.0,71.0,0.0,1,0,recorded,2660
1651694746,2.0,2.0,2.0,2.60925,0.0,6750000.0,598576710.0,598576801.0,598576800.0,598576802.0,598576802.0,598576803.0,598576804.0,598576813.0,598576746.0,598576792.0,94.0,91.0,36.0,82.0,2.0,1.0,79.0,0.0,1,0,recorded,2661
1651697716,,,,,,,,,,,,,,,,,,,,,,,,,0,1,dropped_only,2662
1651700506,2.0,2.0,2.0,2.60925,0.0,6750000.0,598576780.0,598576815.0,598576804.0,598576815.0,598576815.0,598576816.0,598576816.0,598576819.0,598576810.0,598576856.0,36.0,24.0,30.0,76.0,11.0,1.0,64.0,0.0,1,0,recorded,2663
1651703386,2.0,2.0,2.0,2.60925,0.0,6750000.0,598576812.0,598576918.0,598576917.0,598576918.0,598576919.0,598576919.0,598576921.0,598576926.0,598576842.0,598576888.0,109.0,108.0,30.0,76.0,1.0,0.0,75.0,0.0,1,0,recorded,2664
1651706356,,,,,,,,,,,,,,,,,,,,,,,,,0,1,dropped_only,2665
1651709326,,,,,,,,,,,,,,,,,,,,,,,,,0,1,dropped_only,2666
1651712206,2.0,2.0,2.0,2.60925,0.0,6750000.0,598576906.0,598576927.0,598576922.0,598576927.0,598576928.0,598576928.0,598576928.0,598576932.0,598576940.0,598576986.0,22.0,17.0,34.0,80.0,5.0,0.0,75.0,0.0,1,0,recorded,2667
1651715086,2.0,2.0,2.0,2.60925,0.0,6750000.0,598576937.0,598577037.0,598577037.0,598577038.0,598577038.0,598577038.0,598577039.0,598577049.0,598576972.0,598577018.0,102.0,101.0,35.0,81.0,1.0,0.0,80.0,0.0,1,0,recorded,2668
1651717876,,,,,,,,,,,,,,,,,,,,,,,,,0,1,dropped_only,2669
1651720666,,,,,,,,,,,,,,,,,,,,,,,,,0,1,dropped_only,2670
1651723546,2.0,2.0,2.0,2.60925,0.0,6750000.0,598577032.0,598577051.0,598577040.0,598577051.0,598577051.0,598577052.0,598577052.0,598577055.0,598577066.0,598577112.0,20.0,8.0,34.0,80.0,11.0,1.0,68.0,0.0,1,0,recorded,2671
1651726426,2.0,2.0,2.0,2.60925,0.0,6750000.0,598577064.0,598577154.0,598577154.0,598577155.0,598577155.0,598577156.0,598577157.0,598577165.0,598577098.0,598577144.0,93.0,91.0,34.0,80.0,1.0,1.0,78.0,0.0,1,0,recorded,2672
1651730746,,,,,,,,,,,,,,,,,,,,,,,,,0,1,dropped_only,2673
1651733626,2.0,2.0,2.0,2.60925,0.0,6750000.0,598577146.0,598577170.0,598577157.0,598577170.0,598577170.0,598577170.0,598577170.0,598577174.0,598577178.0,598577224.0,24.0,11.0,32.0,78.0,13.0,0.0,65.0,0.0,1,0,recorded,2674
1651736506,2.0,2.0,2.0,2.60925,0.0,6750000.0,598577178.0,598577276.0,598577275.0,598577276.0,598577276.0,598577277.0,598577278.0,598577288.0,598577210.0,598577256.0,100.0,98.0,32.0,78.0,1.0,1.0,76.0,0.0,1,0,recorded,2675
1651739386,,,,,,,,,,,,,,,,,,,,,,,,,0,1,dropped_only,2676
1651742356,,,,,,,,,,,,,,,,,,,,,,,,,0,1,dropped_only,2677
1651745146,2.0,2.0,2.0,3.69263,0.0,6750000.0,598577272.0,598577291.0,598577277.0,598577290.0,598577290.0,598577291.0,598577291.0,598577295.0,598577306.0,598577352.0,19.0,5.0,34.0,80.0,13.0,1.0,66.0,0.0,1,0,recorded,2678
1651748026,2.0,2.0,2.0,3.69263,0.0,6750000.0,598577301.0,598577392.0,598577392.0,598577392.0,598577392.0,598577393.0,598577393.0,598577403.0,598577338.0,598577384.0,92.0,91.0,37.0,83.0,0.0,1.0,82.0,0.0,1,0,recorded,2679
1651750906,,,,,,,,,,,,,,,,,,,,,,,,,0,1,dropped_only,2680
1651753786,2.0,2.0,2.0,3.69263,0.0,6750000.0,598577368.0,598577405.0,598577394.0,598577405.0,598577405.0,598577406.0,598577406.0,598577409.0,598577402.0,598577448.0,38.0,26.0,34.0,80.0,11.0,1.0,68.0,0.0,1,0,recorded,2681
1651756666,2.0,2.0,2.0,3.69263,0.0,6750000.0,598577398.0,598577511.0,598577511.0,598577512.0,598577512.0,598577512.0,598577513.0,598577523.0,598577434.0,598577480.0,115.0,114.0,36.0,82.0,1.0,0.0,81.0,0.0,1,0,recorded,2682
1651759546,,,,,,,,,,,,,,,,,,,,,,,,,0,1,dropped_only,2683
1651762876,2.0,2.0,2.0,3.69263,0.0,6750000.0,598577472.0,598577524.0,598577513.0,598577524.0,598577524.0,598577525.0,598577525.0,598577528.0,598577503.0,598577549.0,53.0,41.0,31.0,77.0,11.0,1.0,65.0,0.0,1,0,recorded,2684
1651766836,2.0,2.0,2.0,3.69263,0.0,6750000.0,598577513.0,598577629.0,598577629.0,598577630.0,598577630.0,598577630.0,598577631.0,598577641.0,598577547.0,598577593.0,118.0,117.0,34.0,80.0,1.0,0.0,79.0,0.0,1,0,recorded,2685
1651769716,,,,,,,,,,,,,,,,,,,,,,,,,0,1,dropped_only,2686
1651772596,,,,,,,,,,,,,,,,,,,,,,,,,0,1,dropped_only,2687
1651775476,2.0,2.0,2.0,3.69263,0.0,6750000.0,598577609.0,598577644.0,598577632.0,598577644.0,598577644.0,598577645.0,598577645.0,598577648.0,598577643.0,598577689.0,36.0,23.0,34.0,80.0,12.0,1.0,67.0,0.0,1,0,recorded,2688
1651778356,2.0,2.0,2.0,3.69263,0.0,6750000.0,598577645.0,598577752.0,598577751.0,598577752.0,598577752.0,598577753.0,598577753.0,598577763.0,598577675.0,598577721.0,108.0,106.0,30.0,76.0,1.0,1.0,74.0,0.0,1,0,recorded,2689
1651781146,,,,,,,,,,,,,,,,,,,,,,,,,0,1,dropped_only,2690
1651784116,,,,,,,,,,,,,,,,,,,,,,,,,0,1,dropped_only,2691
1651786906,2.0,2.0,2.0,3.69263,0.0,6750000.0,598577739.0,598577766.0,598577755.0,598577766.0,598577766.0,598577766.0,598577767.0,598577770.0,598577770.0,598577816.0,28.0,17.0,31.0,77.0,11.0,0.0,66.0,0.0,1,0,recorded,2692
1651789876,2.0,2.0,2.0,3.69263,0.0,6750000.0,598577772.0,598577867.0,598577866.0,598577867.0,598577867.0,598577868.0,598577868.0,598577880.0,598577803.0,598577849.0,96.0,94.0,31.0,77.0,1.0,1.0,75.0,0.0,1,0,recorded,2693
1651792756,,,,,,,,,,,,,,,,,,,,,,,,,0,1,dropped_only,2694
1651795636,2.0,2.0,2.0,3.69263,0.0,6750000.0,598577829.0,598577881.0,598577869.0,598577881.0,598577881.0,598577882.0,598577882.0,598577885.0,598577867.0,598577913.0,53.0,40.0,38.0,84.0,12.0,1.0,71.0,0.0,1,0,recorded,2695
1651799866,2.0,2.0,2.0,3.58582,0.0,6750000.0,598577876.0,598577987.0,598577987.0,598577987.0,598577987.0,598577988.0,598577989.0,598577998.0,598577914.0,598577960.0,113.0,112.0,38.0,84.0,0.0,1.0,83.0,0.0,1,0,recorded,2696
1651802746,,,,,,,,,,,,,,,,,,,,,,,,,0,1,dropped_only,2697
1651805626,,,,,,,,,,,,,,,,,,,,,,,,,0,1,dropped_only,2698
1651808506,2.0,2.0,2.0,3.58582,0.0,6750000.0,598577973.0,598577999.0,598577989.0,598577999.0,598578000.0,598578000.0,598578000.0,598578003.0,598578010.0,598578056.0,27.0,17.0,37.0,83.0,10.0,0.0,73.0,0.0,1,0,recorded,2699
1651811836,2.0,2.0,2.0,3.58582,0.0,6750000.0,598578016.0,598578103.0,598578103.0,598578103.0,598578104.0,598578104.0,598578105.0,598578116.0,598578047.0,598578093.0,89.0,89.0,31.0,77.0,0.0,0.0,77.0,0.0,1,0,recorded,2700
1651814356,,,,,,,,,,,,,,,,,,,,,,,,,0,1,dropped_only,2701
1651817236,2.0,2.0,2.0,3.58582,0.0,6750000.0,598578077.0,598578118.0,598578106.0,598578118.0,598578119.0,598578119.0,598578119.0,598578123.0,598578107.0,598578153.0,42.0,30.0,30.0,76.0,12.0,0.0,64.0,0.0,1,0,recorded,2702
1651820026,2.0,2.0,2.0,3.58582,0.0,6750000.0,598578101.0,598578223.0,598578222.0,598578223.0,598578223.0,598578223.0,598578224.0,598578232.0,598578138.0,598578184.0,123.0,122.0,37.0,83.0,1.0,0.0,82.0,0.0,1,0,recorded,2703
1651822906,,,,,,,,,,,,,,,,,,,,,,,,,0,1,dropped_only,2704
1651825786,,,,,,,,,,,,,,,,,,,,,,,,,0,1,dropped_only,2705
1651828666,2.0,2.0,2.0,3.58582,0.0,6750000.0,598578198.0,598578234.0,598578225.0,598578234.0,598578234.0,598578234.0,598578235.0,598578238.0,598578234.0,598578280.0,37.0,28.0,36.0,82.0,9.0,0.0,73.0,0.0,1,0,recorded,2706
1651831546,2.0,2.0,2.0,3.58582,0.0,6750000.0,598578227.0,598578341.0,598578341.0,598578341.0,598578341.0,598578342.0,598578342.0,598578351.0,598578266.0,598578312.0,115.0,114.0,39.0,85.0,0.0,1.0,84.0,0.0,1,0,recorded,2707
1651834516,,,,,,,,,,,,,,,,,,,,,,,,,0,1,dropped_only,2708
1651838746,2.0,2.0,2.0,3.58582,0.0,6750000.0,598578308.0,598578352.0,598578344.0,598578353.0,598578353.0,598578353.0,598578353.0,598578355.0,598578346.0,598578392.0,45.0,36.0,38.0,84.0,9.0,0.0,75.0,0.0,1,0,recorded,2709
